{"status":"1","rtype":"formx","rcode":"qY4QJW","rtitle":"机电分类文本","ver":"6b999b61573454c9c7517cf41b260ef7","vls":[{"restype":"jsondata","rescode":"qY4QJW_basedata","resmd5":"c3f864c38d3a9ec1d2159d6bf87649a1","restitle":"机电分类文本","resurl":"http://hellowocao.com/localxres/datax/coode_shortdata/data/1772.json"},{"restype":"jsondata","rescode":"qY4QJW_cssdata","resmd5":"a07881a368e5366442630ccc2b43f65e","restitle":"机电分类文本","resurl":"http://hellowocao.com/localxres/datax/coode_shortcss/data/.json"}]}