{"status":"1","rtype":"tabx","rcode":"coode_updatefun","rtitle":"更改函数日志","ver":"b1b23fb61a8ae827ff08560883f70d69","crtsql":"CREATE TABLE coode_updatefun (SNO int(11) NOT NULL AUTO_INCREMENT,updator varchar(50) NOT NULL,RIP varchar(255) NOT NULL,optime datetime NOT NULL,billid varchar(100) NOT NULL,funname varchar(100) NOT NULL,upmark varchar(100) NOT NULL,bfver varchar(32) NOT NULL,aftver varchar(32) NOT NULL,bfmd5 varchar(32) NOT NULL,aftmd5 varchar(32) NOT NULL,beforevalue longtext NOT NULL,aftervalue longtext NOT NULL,author varchar(50) NOT NULL,authtime datetime NOT NULL,authstatus tinyint(4) NOT NULL,OLMK varchar(255) NOT NULL,CRTOR varchar(255) NOT NULL,PTOF varchar(255) NOT NULL,VRT varchar(255) NOT NULL,STCODE varchar(1024) NOT NULL,PRIME int(11) NOT NULL,CRTM datetime NOT NULL,UPTM datetime NOT NULL,OPRT varchar(1024) NOT NULL,PRIMARY KEY (SNO)) ENGINE=MyISAM AUTO_INCREMENT=1 DEFAULT CHARSET=utf8;","vls":[{"restype":"jsondata","rescode":"coode_updatefun_basedata","resmd5":"44f92120866d6f0731cc497e102b1d60","restitle":"更改函数日志","resurl":"http://hellowocao.com/localxres/datax/coode_tablist/data/625.json"},{"restype":"jsondata","rescode":"billid_extdata","resmd5":"97966bda4fa9ff2e1c00b9abe41b13e4","restitle":"票据号","resurl":"http://hellowocao.com/localxres/datax/coode_keydetailx/data/31.json"},{"restype":"jsondata","rescode":"upmark_extdata","resmd5":"87fc69a20ce900afdd4a72f6ab831bc4","restitle":"子标记","resurl":"http://hellowocao.com/localxres/datax/coode_keydetailx/data/32.json"},{"restype":"jsondata","rescode":"author_extdata","resmd5":"4d172d8b1fcf49dacff6f912b2982265","restitle":"监督人","resurl":"http://hellowocao.com/localxres/datax/coode_keydetailx/data/388.json"},{"restype":"jsondata","rescode":"aftervalue_extdata","resmd5":"3a265b38546280feeabe23f17c5d891f","restitle":"改后数据","resurl":"http://hellowocao.com/localxres/datax/coode_keydetailx/data/389.json"},{"restype":"jsondata","rescode":"beforevalue_extdata","resmd5":"5e6a151f7e0974ea934547a27cae0cfb","restitle":"改前数据","resurl":"http://hellowocao.com/localxres/datax/coode_keydetailx/data/390.json"},{"restype":"jsondata","rescode":"funname_extdata","resmd5":"71049d76baa45406b8500428ce8830e9","restitle":"函数名","resurl":"http://hellowocao.com/localxres/datax/coode_keydetailx/data/391.json"},{"restype":"jsondata","rescode":"optime_extdata","resmd5":"62632737c0285b991c8d9dd976d210eb","restitle":"操作时刻","resurl":"http://hellowocao.com/localxres/datax/coode_keydetailx/data/392.json"},{"restype":"jsondata","rescode":"RIP_extdata","resmd5":"6c089a57ab781e83ba491b63c2f284d6","restitle":"远程IP","resurl":"http://hellowocao.com/localxres/datax/coode_keydetailx/data/393.json"},{"restype":"jsondata","rescode":"updator_extdata","resmd5":"2350da7df2365866526e445fd47abfaa","restitle":"操作人","resurl":"http://hellowocao.com/localxres/datax/coode_keydetailx/data/394.json"},{"restype":"jsondata","rescode":"SNO_extdata","resmd5":"5fee9a521856deb06e9fdb09b9d3dc71","restitle":"编号","resurl":"http://hellowocao.com/localxres/datax/coode_keydetailx/data/395.json"},{"restype":"jsondata","rescode":"authtime_extdata","resmd5":"e79f948bcd3d1b893c6b53f87d056218","restitle":"审核时刻","resurl":"http://hellowocao.com/localxres/datax/coode_keydetailx/data/2839.json"},{"restype":"jsondata","rescode":"authstatus_extdata","resmd5":"19b90f95b3e1afb248c5fe9ce1362699","restitle":"审核状态","resurl":"http://hellowocao.com/localxres/datax/coode_keydetailx/data/2840.json"},{"restype":"jsondata","rescode":"OLMK_extdata","resmd5":"6a14f468b1da1e31c9389668f44240ff","restitle":"唯一标记","resurl":"http://hellowocao.com/localxres/datax/coode_keydetailx/data/2841.json"},{"restype":"jsondata","rescode":"CRTOR_extdata","resmd5":"2a2eaa36f3deb9f28857285b1fd57437","restitle":"创建者","resurl":"http://hellowocao.com/localxres/datax/coode_keydetailx/data/2842.json"},{"restype":"jsondata","rescode":"PTOF_extdata","resmd5":"ef5f604c2179581c1f39bb544b55d1cd","restitle":"归属","resurl":"http://hellowocao.com/localxres/datax/coode_keydetailx/data/2843.json"},{"restype":"jsondata","rescode":"VRT_extdata","resmd5":"31774e7661efc9c7c9d159d7ca2c2ca6","restitle":"流程编码","resurl":"http://hellowocao.com/localxres/datax/coode_keydetailx/data/2844.json"},{"restype":"jsondata","rescode":"STCODE_extdata","resmd5":"303eb8be4d01f659c64631482f1e342e","restitle":"流程脚本","resurl":"http://hellowocao.com/localxres/datax/coode_keydetailx/data/2845.json"},{"restype":"jsondata","rescode":"PRIME_extdata","resmd5":"060d88fa590199805cf10d4396594a7b","restitle":"素数定类","resurl":"http://hellowocao.com/localxres/datax/coode_keydetailx/data/2846.json"},{"restype":"jsondata","rescode":"CRTM_extdata","resmd5":"cf9ed4905e53027bba773846bff699e0","restitle":"创建时刻","resurl":"http://hellowocao.com/localxres/datax/coode_keydetailx/data/2847.json"},{"restype":"jsondata","rescode":"UPTM_extdata","resmd5":"c8715a23f8d188b6739c1b487dd84bb0","restitle":"更改时刻","resurl":"http://hellowocao.com/localxres/datax/coode_keydetailx/data/2848.json"},{"restype":"jsondata","rescode":"OPRT_extdata","resmd5":"c8e902fc980d0785fd1ea384b59005cc","restitle":"操作","resurl":"http://hellowocao.com/localxres/datax/coode_keydetailx/data/2850.json"},{"restype":"jsondata","rescode":"bfver_extdata","resmd5":"22e0b413ba019bd0a14157d21672140d","restitle":"bfver","resurl":"http://hellowocao.com/localxres/datax/coode_keydetailx/data/4309.json"},{"restype":"jsondata","rescode":"aftver_extdata","resmd5":"8deac6a2d5f815c106b09ed50309826e","restitle":"aftver","resurl":"http://hellowocao.com/localxres/datax/coode_keydetailx/data/4310.json"},{"restype":"jsondata","rescode":"bfmd5_extdata","resmd5":"a86644789f4a7816403d15218eb80f0f","restitle":"bfmd5","resurl":"http://hellowocao.com/localxres/datax/coode_keydetailx/data/4311.json"},{"restype":"jsondata","rescode":"aftmd5_extdata","resmd5":"b450121e4b9eac532624f1151d47465e","restitle":"aftmd5","resurl":"http://hellowocao.com/localxres/datax/coode_keydetailx/data/4312.json"}]}