{"status":"1","rtype":"tempx","rcode":"nhUmarkdowneditor.index","rtitle":"移动端小代码编辑器","ver":"20240408152544","vls":[{"restype":"csspagex","rescode":"markdown","resmd5":"1006366a2cc9db5a170bd5c0e549b294","restitle":"移动端小代码编辑器的markdown","resurl":"http://io.halo123.cn/localxres/csspagex/markdown/markdown_csspagex.zip"},{"restype":"tempx","rescode":"nhUmarkdowneditor.index","resmd5":"1006366a2cc9db5a170bd5c0e549b294","restitle":"移动端小代码编辑器","resurl":"http://io.halo123.cn/localxres/tempx/nhUmarkdowneditor/nhUmarkdowneditor_tempx.zip"}]}