{"status":"1","tabnm":"coode_unittiny","tabtitle":"末端实例镜像","tabsno":"","crtsql":"CREATE TABLE coode_unittiny (SNO int(11) NOT NULL AUTO_INCREMENT,sysid varchar(50) NOT NULL,appid varchar(50) NOT NULL,layid varchar(50) NOT NULL,shortid varchar(50) NOT NULL,tinyid varchar(50) NOT NULL,unittitle varchar(50) NOT NULL,unitclass varchar(50) NOT NULL,unitmark varchar(50) NOT NULL,domainmark varchar(50) NOT NULL,dumark varchar(50) NOT NULL,unitdescrib varchar(1024) NOT NULL,outurl varchar(255) NOT NULL,pagehtml longtext NOT NULL,vermd5 varchar(50) NOT NULL,industry varchar(50) NOT NULL,business varchar(50) NOT NULL,matter varchar(50) NOT NULL,casecode text NOT NULL,cssfilex text NOT NULL,stylex text NOT NULL,scriptx longtext NOT NULL,jsfilex text NOT NULL,cssfiley text NOT NULL,jsfiley text NOT NULL,styley text NOT NULL,scripty longtext NOT NULL,containsub varchar(1024) NOT NULL,width varchar(10) NOT NULL,height varchar(10) NOT NULL,inwidth varchar(10) NOT NULL,inheight varchar(10) NOT NULL,templatecode longtext NOT NULL,demoresult longtext NOT NULL,pagesurround text NOT NULL,subvermd5 varchar(32) NOT NULL,copyrightmark varchar(30) NOT NULL,OLMK varchar(255) NOT NULL,UPTM datetime NOT NULL,CRTM datetime NOT NULL,CRTOR varchar(30) NOT NULL,STATUS tinyint(4) NOT NULL,PTOF varchar(50) NOT NULL,VRT varchar(255) NOT NULL,STCODE varchar(1024) NOT NULL,PRIME int(11) NOT NULL,RIP varchar(255) NOT NULL,OPRT varchar(1024) NOT NULL,PRIMARY KEY (SNO),UNIQUE KEY oldmk (tinyid,dumark) USING BTREE) ENGINE=MyISAM AUTO_INCREMENT=1 DEFAULT CHARSET=utf8;","allkeys":"应用ID,职位,执行脚本,包含下级SUB,版权标记,创建时刻,创建者,依赖CSS文件,cssfiley,demoresult,区块标记,模板标记,块高,产业,inheight,inwidth,jsfilex,前端脚本合成文件,展示ID,业务,唯一标记,操作,应用出口,页面HTML,页面周边,素数定类,归属,远程IP,JS脚本,模块描述,短码,编号,流程状态,流程脚本,样式描述,模块样式,下级特征,系统ID,templatecode,短ID,单元分类,unitdescrib,样式标记,单元标题,更改时刻,版本号,流程编码,块宽|appid,business,casecode,containsub,copyrightmark,CRTM,CRTOR,cssfilex,cssfiley,demoresult,domainmark,dumark,height,industry,inheight,inwidth,jsfilex,jsfiley,layid,matter,OLMK,OPRT,outurl,pagehtml,pagesurround,PRIME,PTOF,RIP,scriptx,scripty,shortid,SNO,STATUS,STCODE,stylex,styley,subvermd5,sysid,templatecode,tinyid,unitclass,unitdescrib,unitmark,unittitle,UPTM,vermd5,VRT,width","parreskey":"","mainsqx":"SNO","srckey":"tinyid","srcttk":"unittitle","rtype":"pagex","parcode":"","rcode":"","rtitle":"","ver":"20260129120702","vls":[]}