{"status":"1","rtype":"formx","rcode":"zIZVxX","rtitle":"样式单元列表","ver":"5eb79547f5eb36c2847165477bba5028","vls":[{"restype":"jsondata","rescode":"zIZVxX_basedata","resmd5":"df3c145843bda27b7f84392c0a63d376","restitle":"样式单元列表","resurl":"http://hellowocao.com/localxres/datax/coode_shortdata/data/1133.json"},{"restype":"jsondata","rescode":"zIZVxX_cssdata","resmd5":"eb3db0c26548fa0f61d4a35563eda3fa","restitle":"样式单元列表","resurl":"http://hellowocao.com/localxres/datax/coode_shortcss/data/.json"}]}