{"status":"1","rtype":"formx","rcode":"CoGafL","rtitle":"自主分类设置","ver":"ea52053a886fc685090b69cc8550163a","vls":[{"restype":"jsondata","rescode":"CoGafL_basedata","resmd5":"4b35bca0d991d96ef9e88241579b56a9","restitle":"自主分类设置","resurl":"http://hellowocao.com/localxres/datax/coode_shortdata/data/2760.json"},{"restype":"jsondata","rescode":"CoGafL_cssdata","resmd5":"c053e0ea722a0d6ac8c8f17aad5fcdc0","restitle":"自主分类设置","resurl":"http://hellowocao.com/localxres/datax/coode_shortcss/data/.json"}]}