{"status":"1","rtype":"formx","rcode":"5plHV1","rtitle":"CSS样式列表未设置名称或图片","ver":"fb4fec524707eaa883ec9892d8c7a81b","vls":[{"restype":"jsondata","rescode":"5plHV1_basedata","resmd5":"e93651ceb61f630c538188ad75104dc2","restitle":"CSS样式列表未设置名称或图片","resurl":"http://hellowocao.com/localxres/datax/coode_shortdata/data/798.json"},{"restype":"jsondata","rescode":"5plHV1_cssdata","resmd5":"58dee0fa65748b974ce52dfb32834f01","restitle":"CSS样式列表未设置名称或图片","resurl":"http://hellowocao.com/localxres/datax/coode_shortcss/data/286.json"},{"restype":"jsondata","rescode":"linkclss_extdata","resmd5":"aa9c5484d4f19bb77bfe3a8fd9221024","restitle":"关联类","resurl":"http://hellowocao.com/localxres/datax/coode_keydetaily/data/97353.json"},{"restype":"jsondata","rescode":"faceurl_extdata","resmd5":"262d77a83e45e51483d5d54c3d0059db","restitle":"素材地址","resurl":"http://hellowocao.com/localxres/datax/coode_keydetaily/data/97348.json"},{"restype":"jsondata","rescode":"facetitle_extdata","resmd5":"19a0f2908b6748f5ae9765e5842c74e0","restitle":"样式标题","resurl":"http://hellowocao.com/localxres/datax/coode_keydetaily/data/97349.json"},{"restype":"jsondata","rescode":"faceid_extdata","resmd5":"2474f018012514b91876de886f2880e2","restitle":"样式ID","resurl":"http://hellowocao.com/localxres/datax/coode_keydetaily/data/97352.json"},{"restype":"jsondata","rescode":"facecolor_extdata","resmd5":"fa72454ded4cccf19f1d2e8197bdac20","restitle":"素材颜色系","resurl":"http://hellowocao.com/localxres/datax/coode_keydetaily/data/97355.json"},{"restype":"jsondata","rescode":"SNO_extdata","resmd5":"a1c6c962ac90b3a2d66dd40e68489135","restitle":"编号","resurl":"http://hellowocao.com/localxres/datax/coode_keydetaily/data/97345.json"},{"restype":"jsondata","rescode":"OPRT_extdata","resmd5":"24082f90b6915c05e0ee25c21f0a34d6","restitle":"操作","resurl":"http://hellowocao.com/localxres/datax/coode_keydetaily/data/97344.json"},{"restype":"jsondata","rescode":"filepath_extdata","resmd5":"533fa9666adb401b913517b79d76601a","restitle":"文件路径","resurl":"http://hellowocao.com/localxres/datax/coode_keydetaily/data/97368.json"},{"restype":"jsondata","rescode":"faceimg_extdata","resmd5":"99846b02a68d6fd8fda4c975152f4d3a","restitle":"封面图片","resurl":"http://hellowocao.com/localxres/datax/coode_keydetaily/data/97369.json"},{"restype":"jsondata","rescode":"facetype_extdata","resmd5":"6f29ffda0ab153b6268b0230be275e6e","restitle":"素材类型","resurl":"http://hellowocao.com/localxres/datax/coode_keydetaily/data/99471.json"},{"restype":"jsondata","rescode":"OLMK_extdata","resmd5":"2d76328093826cf14652f884a71c310b","restitle":"唯一标记","resurl":"http://hellowocao.com/localxres/datax/coode_keydetaily/data/99472.json"},{"restype":"jsondata","rescode":"PRIME_extdata","resmd5":"d6d2ea9929ef6bc0c0d8707008171d87","restitle":"素数定类","resurl":"http://hellowocao.com/localxres/datax/coode_keydetaily/data/99473.json"},{"restype":"jsondata","rescode":"sysid_extdata","resmd5":"8e32842e82d7ec1257c4c25e58d3383c","restitle":"系统ID","resurl":"http://hellowocao.com/localxres/datax/coode_keydetaily/data/99475.json"}]}