{"status":"1","rtype":"tabx","rcode":"coode_myregfun","rtitle":"个人函数系统隶属","ver":"e6dbdba49facc93c18925a2a966b83b6","crtsql":"CREATE TABLE coode_myregfun (SNO int(11) NOT NULL AUTO_INCREMENT,sysid varchar(100) NOT NULL,appid varchar(100) NOT NULL,funname varchar(50) NOT NULL,funcname varchar(50) NOT NULL,industry varchar(50) NOT NULL,business varchar(50) NOT NULL,matter varchar(50) NOT NULL,CRTM datetime NOT NULL,UPTM datetime NOT NULL,filelcpath varchar(100) NOT NULL,isdb tinyint(4) NOT NULL,isfile tinyint(4) NOT NULL,lang varchar(30) NOT NULL,istemp tinyint(4) NOT NULL,issys tinyint(4) NOT NULL,isiden tinyint(4) NOT NULL,ispmiss tinyint(4) NOT NULL,syn tinyint(4) NOT NULL,fileurl varchar(100) NOT NULL,copyrightmark varchar(20) NOT NULL,relycore varchar(255) NOT NULL,OLMK varchar(30) NOT NULL,VRT varchar(100) NOT NULL,CRTOR varchar(30) NOT NULL,PTOF varchar(30) NOT NULL,STATUS tinyint(4) NOT NULL,STCODE varchar(1024) NOT NULL,PRIME int(11) NOT NULL,RIP varchar(255) NOT NULL,OPRT varchar(1024) NOT NULL,PRIMARY KEY (SNO),UNIQUE KEY fnm (funname) USING BTREE) ENGINE=MyISAM AUTO_INCREMENT=1 DEFAULT CHARSET=utf8;","vls":[{"restype":"jsondata","rescode":"coode_myregfun_basedata","resmd5":"54388d6de99e130633d9d9a2806267a6","restitle":"个人函数系统隶属","resurl":"http://hellowocao.com/localxres/datax/coode_tablist/data/1575.json"},{"restype":"jsondata","rescode":"SNO_extdata","resmd5":"6638a5611d453d0a7b14f23bcbf13ccb","restitle":"编号","resurl":"http://hellowocao.com/localxres/datax/coode_keydetailx/data/15438.json"},{"restype":"jsondata","rescode":"sysid_extdata","resmd5":"d66f624417a2206aead3a97d2d4acc0b","restitle":"系统ID","resurl":"http://hellowocao.com/localxres/datax/coode_keydetailx/data/15439.json"},{"restype":"jsondata","rescode":"appid_extdata","resmd5":"ac0090706f1981418ec088912ecae91a","restitle":"应用ID","resurl":"http://hellowocao.com/localxres/datax/coode_keydetailx/data/15440.json"},{"restype":"jsondata","rescode":"funname_extdata","resmd5":"2281a6942f3ea9d08a875568acca09f6","restitle":"函数名","resurl":"http://hellowocao.com/localxres/datax/coode_keydetailx/data/15441.json"},{"restype":"jsondata","rescode":"funcname_extdata","resmd5":"aaa3f7187d165cdf0984e5be43705fe1","restitle":"函数别名","resurl":"http://hellowocao.com/localxres/datax/coode_keydetailx/data/15442.json"},{"restype":"jsondata","rescode":"industry_extdata","resmd5":"c4ec76fb9ee3c86e8236fa892eb192ea","restitle":"产业","resurl":"http://hellowocao.com/localxres/datax/coode_keydetailx/data/15443.json"},{"restype":"jsondata","rescode":"business_extdata","resmd5":"add3796480e5833e52fd58e7674fb14c","restitle":"职位","resurl":"http://hellowocao.com/localxres/datax/coode_keydetailx/data/15444.json"},{"restype":"jsondata","rescode":"matter_extdata","resmd5":"0ca23c3bad63bb87a108e59a6adace4f","restitle":"业务","resurl":"http://hellowocao.com/localxres/datax/coode_keydetailx/data/15445.json"},{"restype":"jsondata","rescode":"CRTM_extdata","resmd5":"1b5c80a9e9fdd3f8cb8800f3c3535f13","restitle":"创建时刻","resurl":"http://hellowocao.com/localxres/datax/coode_keydetailx/data/15446.json"},{"restype":"jsondata","rescode":"UPTM_extdata","resmd5":"0a74bc14837d7ecc8e32cd7a20fea987","restitle":"更改时刻","resurl":"http://hellowocao.com/localxres/datax/coode_keydetailx/data/15447.json"},{"restype":"jsondata","rescode":"filelcpath_extdata","resmd5":"fa106cf584b2364da25656acbaceb60e","restitle":"本地地址","resurl":"http://hellowocao.com/localxres/datax/coode_keydetailx/data/15448.json"},{"restype":"jsondata","rescode":"isdb_extdata","resmd5":"8074ce5b8eb34127ad99fa9df2c6bfc9","restitle":"是否数据","resurl":"http://hellowocao.com/localxres/datax/coode_keydetailx/data/15449.json"},{"restype":"jsondata","rescode":"isfile_extdata","resmd5":"a0f5ab0fedc05ad87fde502d156500f5","restitle":"是否文件","resurl":"http://hellowocao.com/localxres/datax/coode_keydetailx/data/15450.json"},{"restype":"jsondata","rescode":"lang_extdata","resmd5":"d6deef29fa1b8bd0f05687da13ab3584","restitle":"使用页面","resurl":"http://hellowocao.com/localxres/datax/coode_keydetailx/data/15451.json"},{"restype":"jsondata","rescode":"istemp_extdata","resmd5":"8c6b79704d4768fbb573d03dfbea3468","restitle":"tablename_istemp","resurl":"http://hellowocao.com/localxres/datax/coode_keydetailx/data/15452.json"},{"restype":"jsondata","rescode":"issys_extdata","resmd5":"a0e423aab104ade99c7af3203815c12b","restitle":"是否系统","resurl":"http://hellowocao.com/localxres/datax/coode_keydetailx/data/15453.json"},{"restype":"jsondata","rescode":"isiden_extdata","resmd5":"273fae9dc2a8c9c416fd9f909720fe09","restitle":"isiden_table","resurl":"http://hellowocao.com/localxres/datax/coode_keydetailx/data/15454.json"},{"restype":"jsondata","rescode":"ispmiss_extdata","resmd5":"2d39d9387c4aa4520ed2d1090d109e85","restitle":"设置权限","resurl":"http://hellowocao.com/localxres/datax/coode_keydetailx/data/15455.json"},{"restype":"jsondata","rescode":"syn_extdata","resmd5":"09aa62dfcec94e0b77b3092632d434a5","restitle":"异步","resurl":"http://hellowocao.com/localxres/datax/coode_keydetailx/data/15456.json"},{"restype":"jsondata","rescode":"fileurl_extdata","resmd5":"25b85da2f23835d48a8dcf599bdf4857","restitle":"远程地址","resurl":"http://hellowocao.com/localxres/datax/coode_keydetailx/data/15457.json"},{"restype":"jsondata","rescode":"copyrightmark_extdata","resmd5":"cb055acefbd7ab8c35211160a3d0f084","restitle":"版权标记","resurl":"http://hellowocao.com/localxres/datax/coode_keydetailx/data/15458.json"},{"restype":"jsondata","rescode":"relycore_extdata","resmd5":"8737a2cb6480597cc5ade9af641d698d","restitle":"依赖核心","resurl":"http://hellowocao.com/localxres/datax/coode_keydetailx/data/15459.json"},{"restype":"jsondata","rescode":"OLMK_extdata","resmd5":"0873323c6cc807ed64a428ce24fecd39","restitle":"唯一标记","resurl":"http://hellowocao.com/localxres/datax/coode_keydetailx/data/15460.json"},{"restype":"jsondata","rescode":"VRT_extdata","resmd5":"d59fb3ec06a6091f4ae6ece190e713f8","restitle":"职位","resurl":"http://hellowocao.com/localxres/datax/coode_keydetailx/data/15461.json"},{"restype":"jsondata","rescode":"CRTOR_extdata","resmd5":"c8f8b445bf7f7a5664e8ad5d66928a5c","restitle":"创建者","resurl":"http://hellowocao.com/localxres/datax/coode_keydetailx/data/15462.json"},{"restype":"jsondata","rescode":"PTOF_extdata","resmd5":"5ba59803b9452d22364e0a6df67edb99","restitle":"公司归属","resurl":"http://hellowocao.com/localxres/datax/coode_keydetailx/data/15463.json"},{"restype":"jsondata","rescode":"STATUS_extdata","resmd5":"dde6c5f1f49fac092ed23bad19f6f49d","restitle":"流程状态","resurl":"http://hellowocao.com/localxres/datax/coode_keydetailx/data/15464.json"},{"restype":"jsondata","rescode":"STCODE_extdata","resmd5":"b27ddd77ee1f7204260b8a7040135418","restitle":"流程脚本","resurl":"http://hellowocao.com/localxres/datax/coode_keydetailx/data/15465.json"},{"restype":"jsondata","rescode":"PRIME_extdata","resmd5":"4919a71d44b715e6b38d59cb715a6fb4","restitle":"素数定类","resurl":"http://hellowocao.com/localxres/datax/coode_keydetailx/data/15466.json"},{"restype":"jsondata","rescode":"RIP_extdata","resmd5":"86c61e123e923f77d152c8c2568e0616","restitle":"远程IP","resurl":"http://hellowocao.com/localxres/datax/coode_keydetailx/data/15467.json"},{"restype":"jsondata","rescode":"OPRT_extdata","resmd5":"7eae9413295a771c0067cf1e7eb44dcc","restitle":"操作","resurl":"http://hellowocao.com/localxres/datax/coode_keydetailx/data/15468.json"}]}