{"status":"1","rtype":"formx","rcode":"nqoGWo","rtitle":"表达式结构模板","ver":"9949644a7134dd38fcb0b365ddceb227","vls":[{"restype":"jsondata","rescode":"nqoGWo_basedata","resmd5":"e4a6cbd79c5c58cc39918b568ca4e032","restitle":"表达式结构模板","resurl":"http://hellowocao.com/localxres/datax/coode_shortdata/data/2081.json"},{"restype":"jsondata","rescode":"nqoGWo_cssdata","resmd5":"8ec9ecb47bd7937e485398a45c2a92c6","restitle":"表达式结构模板","resurl":"http://hellowocao.com/localxres/datax/coode_shortcss/data/.json"},{"restype":"jsondata","rescode":"SNO_extdata","resmd5":"84ac7a434f42050a6153b46b005d538e","restitle":"数据编号","resurl":"http://hellowocao.com/localxres/datax/coode_keydetaily/data/43722.json"},{"restype":"jsondata","rescode":"sysid_extdata","resmd5":"1328f22f709b3eeda72cee7ba8766d4b","restitle":"系统ID","resurl":"http://hellowocao.com/localxres/datax/coode_keydetaily/data/43723.json"},{"restype":"jsondata","rescode":"instmark_extdata","resmd5":"1a47ab6449c5a8c6e42bf34889e81e27","restitle":"实例标记","resurl":"http://hellowocao.com/localxres/datax/coode_keydetaily/data/43724.json"},{"restype":"jsondata","rescode":"insttitle_extdata","resmd5":"478fd9fbb47318bbbc7ae2e6dbcc20f5","restitle":"实例标题","resurl":"http://hellowocao.com/localxres/datax/coode_keydetaily/data/43725.json"},{"restype":"jsondata","rescode":"mothersrd_extdata","resmd5":"90b12eb128683b04cfe169d102292cd3","restitle":"模板表达式","resurl":"http://hellowocao.com/localxres/datax/coode_keydetaily/data/43726.json"},{"restype":"jsondata","rescode":"widthx_extdata","resmd5":"98edea5eab571bf461ec67682fc4cbcf","restitle":"宽度","resurl":"http://hellowocao.com/localxres/datax/coode_keydetaily/data/43727.json"},{"restype":"jsondata","rescode":"heightx_extdata","resmd5":"47b223035982c2b2504c65c52c718ece","restitle":"高度","resurl":"http://hellowocao.com/localxres/datax/coode_keydetaily/data/43728.json"},{"restype":"jsondata","rescode":"frmcode_extdata","resmd5":"ddec07a6aece06aa94d4c0cf16a65bf1","restitle":"结构代码","resurl":"http://hellowocao.com/localxres/datax/coode_keydetaily/data/43781.json"},{"restype":"jsondata","rescode":"OLMK_extdata","resmd5":"7a8a5c5fca36508fb162ae542b7cbad5","restitle":"数据唯标","resurl":"http://hellowocao.com/localxres/datax/coode_keydetaily/data/43782.json"},{"restype":"jsondata","rescode":"OPRT_extdata","resmd5":"35d658958346e77db4da1694eeca6d9d","restitle":"操作","resurl":"http://hellowocao.com/localxres/datax/coode_keydetaily/data/43783.json"},{"restype":"jsondata","rescode":"relypara_extdata","resmd5":"1eca4e178f85f45fc4270b58c34026df","restitle":"依赖框架","resurl":"http://hellowocao.com/localxres/datax/coode_keydetaily/data/43864.json"},{"restype":"jsondata","rescode":"datafcd_extdata","resmd5":"1f02ab9b4135013d16aca2014227fb71","restitle":"数据结构代码","resurl":"http://hellowocao.com/localxres/datax/coode_keydetaily/data/89942.json"},{"restype":"jsondata","rescode":"headpic_extdata","resmd5":"cdbad131848dad975ecd313cc5bf7ea9","restitle":"头像","resurl":"http://hellowocao.com/localxres/datax/coode_keydetaily/data/90073.json"}]}