{"status":"1","tabnm":"coode_plotlist","tabtitle":"节点列表","tabsno":"662","crtsql":"CREATE TABLE coode_plotlist (SNO int(11) NOT NULL AUTO_INCREMENT,plotmark varchar(30) NOT NULL,layoutid varchar(30) NOT NULL,plotcls varchar(100) NOT NULL,withfont varchar(1024) NOT NULL,sysid varchar(30) NOT NULL,appid varchar(30) NOT NULL,CRTM datetime NOT NULL,levelcount int(11) NOT NULL,totpoint int(11) NOT NULL,markname varchar(30) NOT NULL,defaultcss varchar(30) NOT NULL,formcode text NOT NULL,clickfun varchar(255) NOT NULL,CRTOR varchar(255) NOT NULL,mydescrib varchar(255) NOT NULL,vermd5 varchar(32) NOT NULL,PRIME int(11) NOT NULL,OLMK varchar(30) NOT NULL,PTOF varchar(30) NOT NULL,VRT varchar(255) NOT NULL,STATUS tinyint(4) NOT NULL,STCODE varchar(1024) NOT NULL,UPTM datetime NOT NULL,RIP varchar(255) NOT NULL,OPRT varchar(1024) NOT NULL,PRIMARY KEY (SNO),UNIQUE KEY plmk (plotmark) USING BTREE) ENGINE=MyISAM AUTO_INCREMENT=1 DEFAULT CHARSET=utf8;","allkeys":"应用id,同步函数,创建时刻,创建人,默认样式,表单代码,渲染ID,层数,标记名称,描述,唯一标记,操作,节点分类,节点标记,资源升级,编辑选项,远程IP,编号,流程状态,流程脚本,系统ID,首层数量,更改时刻,版本号,流程编码,字体文件地址|appid,clickfun,CRTM,CRTOR,defaultcss,formcode,layoutid,levelcount,markname,mydescrib,OLMK,OPRT,plotcls,plotmark,PRIME,PTOF,RIP,SNO,STATUS,STCODE,sysid,totpoint,UPTM,vermd5,VRT,withfont","parreskey":"","mainsqx":"SNO","srckey":"plotmark","srcttk":"markname","rtype":"plotx","parcode":"","rcode":"ag16ABT8","rtitle":"数据","ver":"20260129120555","vls":[{"keymark":"layoutid","dxtype":"varchar","keytitle":"渲染ID","kvalue":""},{"keymark":"levelcount","dxtype":"select","keytitle":"层数","kvalue":"2"},{"keymark":"totpoint","dxtype":"int","keytitle":"首层数量","kvalue":"10"},{"keymark":"markname","dxtype":"varchar","keytitle":"标记名称","kvalue":"数据"},{"keymark":"defaultcss","dxtype":"varchar","keytitle":"默认样式","kvalue":""},{"keymark":"formcode","dxtype":"varchar","keytitle":"表单代码","kvalue":""},{"keymark":"clickfun","dxtype":"varchar","keytitle":"同步函数","kvalue":""},{"keymark":"mydescrib","dxtype":"varchar","keytitle":"描述","kvalue":""},{"keymark":"PRIME","dxtype":"int","keytitle":"资源升级","kvalue":"0"},{"keymark":"plotmark","dxtype":"varchar","keytitle":"节点标记","kvalue":"ag16ABT8"},{"keymark":"CRTM","dxtype":"datetime","keytitle":"创建时刻","kvalue":"2021-09-22 10:02:37"},{"keymark":"CRTOR","dxtype":"varchar","keytitle":"创建人","kvalue":"hellowocao"},{"keymark":"OLMK","dxtype":"varchar","keytitle":"唯一标记","kvalue":"xNL4s8QRaI"},{"keymark":"PTOF","dxtype":"varchar","keytitle":"编辑选项","kvalue":""},{"keymark":"VRT","dxtype":"varchar","keytitle":"流程编码","kvalue":"66c2ec2f099b60528afcf0062e86fd28"},{"keymark":"STATUS","dxtype":"tinyint","keytitle":"流程状态","kvalue":"0"},{"keymark":"STCODE","dxtype":"varchar","keytitle":"流程脚本","kvalue":""},{"keymark":"UPTM","dxtype":"datetime","keytitle":"更改时刻","kvalue":"2023-11-10 11:00:26"},{"keymark":"RIP","dxtype":"varchar","keytitle":"远程IP","kvalue":"223.100.203.162"},{"keymark":"plotcls","dxtype":"varchar","keytitle":"节点分类","kvalue":"topsetleft.index"},{"keymark":"OPRT","dxtype":"chtml","keytitle":"操作","kvalue":""},{"keymark":"appid","dxtype":"select","keytitle":"应用id","kvalue":""},{"keymark":"sysid","dxtype":"select","keytitle":"系统ID","kvalue":"1"},{"keymark":"vermd5","dxtype":"varchar","keytitle":"版本号","kvalue":"32cfa754ab85b57e36477de54bd969f8"},{"keymark":"withfont","dxtype":"varchar","keytitle":"字体文件地址","kvalue":""}]}