{"status":"1","rtype":"formx","rcode":"vUS91p","rtitle":"微信公众号登录区域","ver":"005a50457c3549df4a4da610fb49049c","vls":[{"restype":"jsondata","rescode":"vUS91p_basedata","resmd5":"b1f07ea5ea83f511915ae17ecf91f3aa","restitle":"微信公众号登录区域","resurl":"http://hellowocao.com/localxres/datax/coode_shortdata/data/1259.json"},{"restype":"jsondata","rescode":"vUS91p_cssdata","resmd5":"1fb2a354d6ea8eedf1206296c744785c","restitle":"微信公众号登录区域","resurl":"http://hellowocao.com/localxres/datax/coode_shortcss/data/.json"},{"restype":"jsondata","rescode":"arearedirect_extdata","resmd5":"76234f070096fa57dc5d853c340ffa28","restitle":"登录域跳转","resurl":"http://hellowocao.com/localxres/datax/coode_keydetaily/data/25692.json"},{"restype":"jsondata","rescode":"areahead_extdata","resmd5":"88df4550e41959bfaf0bef3d8ba06147","restitle":"登录域头像","resurl":"http://hellowocao.com/localxres/datax/coode_keydetaily/data/25702.json"},{"restype":"jsondata","rescode":"vxak_extdata","resmd5":"381110675861a9e7360e2ac1d55a7dd5","restitle":"微信APIKEY","resurl":"http://hellowocao.com/localxres/datax/coode_keydetaily/data/25701.json"},{"restype":"jsondata","rescode":"vxas_extdata","resmd5":"09cb1665d7a0524b85bb164e7bdcf0b9","restitle":"微信APISECR","resurl":"http://hellowocao.com/localxres/datax/coode_keydetaily/data/25694.json"},{"restype":"jsondata","rescode":"vxpuname_extdata","resmd5":"0c4393ce8c5e17ba53f660f75ec58e3f","restitle":"公众号名称","resurl":"http://hellowocao.com/localxres/datax/coode_keydetaily/data/25695.json"},{"restype":"jsondata","rescode":"SNO_extdata","resmd5":"1d161399b8f5e4a9995b2bd207cbea28","restitle":"编号","resurl":"http://hellowocao.com/localxres/datax/coode_keydetaily/data/25696.json"},{"restype":"jsondata","rescode":"areamark_extdata","resmd5":"c14ebb52c8e3861257a0f6901f1fc0cc","restitle":"登录域标记","resurl":"http://hellowocao.com/localxres/datax/coode_keydetaily/data/25697.json"},{"restype":"jsondata","rescode":"areatitle_extdata","resmd5":"2472fd0d2253f91d156225a124d21c0a","restitle":"登录域标题","resurl":"http://hellowocao.com/localxres/datax/coode_keydetaily/data/25698.json"},{"restype":"jsondata","rescode":"areatype_extdata","resmd5":"304a5348f97dec5ed4d7a3962fd8b0f5","restitle":"登录域类型","resurl":"http://hellowocao.com/localxres/datax/coode_keydetaily/data/25700.json"}]}