{"status":"1","rtype":"formx","rcode":"Gweim5","rtitle":"公司文章内容","ver":"e952ac7ab4f17f9b9d39a21ba3682fce","vls":[{"restype":"jsondata","rescode":"Gweim5_basedata","resmd5":"ed4e4f763ffa229bf32a5bc84aff88a5","restitle":"公司文章内容","resurl":"http://hellowocao.com/localxres/datax/coode_shortdata/data/2769.json"},{"restype":"jsondata","rescode":"Gweim5_cssdata","resmd5":"dbbcffb23a532be0eaa31bc2b313aac6","restitle":"公司文章内容","resurl":"http://hellowocao.com/localxres/datax/coode_shortcss/data/.json"},{"restype":"jsondata","rescode":"clskey_extdata","resmd5":"31a954c4ef1484a081f090f365b7085f","restitle":"分类字段","resurl":"http://hellowocao.com/localxres/datax/coode_keydetaily/data/102476.json"},{"restype":"jsondata","rescode":"atccode_extdata","resmd5":"7c2a38f17bed767279a5b0be6efa21fc","restitle":"文章标记","resurl":"http://hellowocao.com/localxres/datax/coode_keydetaily/data/102473.json"},{"restype":"jsondata","rescode":"images_extdata","resmd5":"43a2b62ef9d765fd194f37096b49ddb2","restitle":"图片列表","resurl":"http://hellowocao.com/localxres/datax/coode_keydetaily/data/102471.json"},{"restype":"jsondata","rescode":"atctitle_extdata","resmd5":"54e4aabd06419a40a7e24cb7a0b9666f","restitle":"文章标题","resurl":"http://hellowocao.com/localxres/datax/coode_keydetaily/data/102469.json"},{"restype":"jsondata","rescode":"headicon_extdata","resmd5":"51e6fa42d7ae034555731234fb3cf89c","restitle":"头像图标","resurl":"http://hellowocao.com/localxres/datax/coode_keydetaily/data/102480.json"},{"restype":"jsondata","rescode":"clstitle_extdata","resmd5":"a9b0464ec9dea1d42e948600a5e725c8","restitle":"分类标题","resurl":"http://hellowocao.com/localxres/datax/coode_keydetaily/data/102458.json"},{"restype":"jsondata","rescode":"atcsentence_extdata","resmd5":"66d3b94c4f71e8352c333f9b73ba9603","restitle":"文章简要","resurl":"http://hellowocao.com/localxres/datax/coode_keydetaily/data/102459.json"},{"restype":"jsondata","rescode":"OLMK_extdata","resmd5":"9c75f9591957f63a99f108bc547a1a13","restitle":"唯一标记","resurl":"http://hellowocao.com/localxres/datax/coode_keydetaily/data/102461.json"},{"restype":"jsondata","rescode":"OPRT_extdata","resmd5":"d568577c298a87d90af59204a535866c","restitle":"操作","resurl":"http://hellowocao.com/localxres/datax/coode_keydetaily/data/102463.json"},{"restype":"jsondata","rescode":"SNO_extdata","resmd5":"dbfb2ee8b22cd52d2a8798a13b160e8a","restitle":"编号","resurl":"http://hellowocao.com/localxres/datax/coode_keydetaily/data/102464.json"},{"restype":"jsondata","rescode":"atcdescrib_extdata","resmd5":"e1baee5fdd6e9d5676399b6a27c9a5df","restitle":"文章详情","resurl":"http://hellowocao.com/localxres/datax/coode_keydetaily/data/102467.json"}]}