{"status":"1","rtype":"tabx","rcode":"coode_dfiles","rtitle":"数据运算输出文件管理","ver":"3ee1ec358a72c53f88dd44d0c0f259f1","crtsql":"CREATE TABLE coode_dfiles (SNO int(11) NOT NULL AUTO_INCREMENT,dfmark varchar(50) NOT NULL,outfilep varchar(1024) NOT NULL,tablename varchar(255) NOT NULL,dbhost varchar(50) NOT NULL,dbname varchar(50) NOT NULL,filetext text NOT NULL,CRTM datetime NOT NULL,CRTOR varchar(255) NOT NULL,OLMK varchar(255) NOT NULL,OPRT varchar(1024) NOT NULL,PRIME int(11) NOT NULL,PTOF varchar(255) NOT NULL,RIP varchar(255) NOT NULL,STATUS tinyint(4) NOT NULL,STCODE varchar(1024) NOT NULL,UPTM datetime NOT NULL,VRT varchar(255) NOT NULL,PRIMARY KEY (SNO)) ENGINE=MyISAM AUTO_INCREMENT=1 DEFAULT CHARSET=utf8;","vls":[{"restype":"jsondata","rescode":"coode_dfiles_basedata","resmd5":"1e23dbb259023ebde50c47ef5318e2fb","restitle":"数据运算输出文件管理","resurl":"http://hellowocao.com/localxres/datax/coode_tablist/data/1726.json"},{"restype":"jsondata","rescode":"SNO_extdata","resmd5":"d143760ab9bb89d79f60298e06cc1624","restitle":"编号","resurl":"http://hellowocao.com/localxres/datax/coode_keydetailx/data/17092.json"},{"restype":"jsondata","rescode":"dfmark_extdata","resmd5":"b561f4ac93a0e29776a51a1aa822f634","restitle":"dfmark","resurl":"http://hellowocao.com/localxres/datax/coode_keydetailx/data/17093.json"},{"restype":"jsondata","rescode":"outfilep_extdata","resmd5":"0add043676bdd2c6025f88190c207ba3","restitle":"outfilep","resurl":"http://hellowocao.com/localxres/datax/coode_keydetailx/data/17094.json"},{"restype":"jsondata","rescode":"tablename_extdata","resmd5":"ee29f90a41e9c5a3407ec3666c084f78","restitle":"表名","resurl":"http://hellowocao.com/localxres/datax/coode_keydetailx/data/17095.json"},{"restype":"jsondata","rescode":"dbhost_extdata","resmd5":"308b31f009cb21971898ca1a5c47f498","restitle":"数据库服务器","resurl":"http://hellowocao.com/localxres/datax/coode_keydetailx/data/17096.json"},{"restype":"jsondata","rescode":"dbname_extdata","resmd5":"600274ed2e620ed7b5d9c5f519ff808a","restitle":"数据库名字","resurl":"http://hellowocao.com/localxres/datax/coode_keydetailx/data/17097.json"},{"restype":"jsondata","rescode":"filetext_extdata","resmd5":"5a031152709033b63a2dc693bd993f83","restitle":"文件内容","resurl":"http://hellowocao.com/localxres/datax/coode_keydetailx/data/17098.json"},{"restype":"jsondata","rescode":"CRTM_extdata","resmd5":"6a26ada3e372bc6446b1e0073463d28f","restitle":"创建时刻","resurl":"http://hellowocao.com/localxres/datax/coode_keydetailx/data/17099.json"},{"restype":"jsondata","rescode":"CRTOR_extdata","resmd5":"40043f9922b2d6eb5d9abf3a00e3fd67","restitle":"创建者","resurl":"http://hellowocao.com/localxres/datax/coode_keydetailx/data/17100.json"},{"restype":"jsondata","rescode":"OLMK_extdata","resmd5":"5fd865ab6ef1b99ba771975a1146f913","restitle":"唯一标记","resurl":"http://hellowocao.com/localxres/datax/coode_keydetailx/data/17101.json"},{"restype":"jsondata","rescode":"OPRT_extdata","resmd5":"6ff5025204ce3e6f0130d81a299ef38c","restitle":"操作","resurl":"http://hellowocao.com/localxres/datax/coode_keydetailx/data/17102.json"},{"restype":"jsondata","rescode":"PRIME_extdata","resmd5":"f8bee5271a859c2dec62e8157c8b9626","restitle":"素数定类","resurl":"http://hellowocao.com/localxres/datax/coode_keydetailx/data/17103.json"},{"restype":"jsondata","rescode":"PTOF_extdata","resmd5":"b914c485377e21506396ade736606339","restitle":"公司归属","resurl":"http://hellowocao.com/localxres/datax/coode_keydetailx/data/17104.json"},{"restype":"jsondata","rescode":"RIP_extdata","resmd5":"60546319b3de09f8d6373f3dac91590c","restitle":"远程IP","resurl":"http://hellowocao.com/localxres/datax/coode_keydetailx/data/17105.json"},{"restype":"jsondata","rescode":"STATUS_extdata","resmd5":"c269a14ab5628387813c3732eb7d5ecb","restitle":"流程状态","resurl":"http://hellowocao.com/localxres/datax/coode_keydetailx/data/17106.json"},{"restype":"jsondata","rescode":"STCODE_extdata","resmd5":"83a30cd8e9209205a64e5759efbb4c69","restitle":"流程脚本","resurl":"http://hellowocao.com/localxres/datax/coode_keydetailx/data/17107.json"},{"restype":"jsondata","rescode":"UPTM_extdata","resmd5":"ac385415c5576a091d5f69bf25aeb8ec","restitle":"更改时刻","resurl":"http://hellowocao.com/localxres/datax/coode_keydetailx/data/17108.json"},{"restype":"jsondata","rescode":"VRT_extdata","resmd5":"1d27f2f43ba25bd6485f15e012c85bfb","restitle":"职位","resurl":"http://hellowocao.com/localxres/datax/coode_keydetailx/data/17109.json"}]}