{"status":"1","rtype":"tempx","rcode":"markdowneditor.index","rtitle":"小代码编辑器","ver":"19acb69e2bef731bd1211db4da1755cb","vls":[{"restype":"csspagex","rescode":"markdown","resmd5":"","restitle":"小代码编辑器的markdown","resurl":"http://io.halo123.cn/systemres/1/csspagex/markdown/markdown_csspagex.zip"},{"restype":"tempx","rescode":"markdowneditor.index","resmd5":"","restitle":"小代码编辑器","resurl":"http://io.halo123.cn/localxres/tempx/markdowneditor/markdowneditor_tempx.zip"}]}