{"status":"1","rtype":"formx","rcode":"3Mpqw4","rtitle":"系统基本设置","ver":"8df7a093063d2ad2b38f3474c02e81dd","vls":[{"restype":"jsondata","rescode":"3Mpqw4_basedata","resmd5":"4088552f14789aac9e256d721f2dcc1d","restitle":"系统基本设置","resurl":"http://hellowocao.com/localxres/datax/coode_shortdata/data/341.json"},{"restype":"jsondata","rescode":"3Mpqw4_cssdata","resmd5":"e937f0d10918961e3c4ce1c36539431e","restitle":"系统基本设置","resurl":"http://hellowocao.com/localxres/datax/coode_shortcss/data/.json"},{"restype":"jsondata","rescode":"SNO_extdata","resmd5":"a71ee162185236e79020ee90a5faa826","restitle":"编号","resurl":"http://hellowocao.com/localxres/datax/coode_keydetaily/data/4766.json"},{"restype":"jsondata","rescode":"syskey_extdata","resmd5":"99f82ea05c93463b0c8fa820d61ca60c","restitle":"系统键","resurl":"http://hellowocao.com/localxres/datax/coode_keydetaily/data/4767.json"},{"restype":"jsondata","rescode":"keydes_extdata","resmd5":"7e21fd42aa050b7ca16845ba15885dc0","restitle":"键描述","resurl":"http://hellowocao.com/localxres/datax/coode_keydetaily/data/4768.json"},{"restype":"jsondata","rescode":"keyval_extdata","resmd5":"5ebd3c753f23a52d1367ee5a6dd6a2fa","restitle":"键值","resurl":"http://hellowocao.com/localxres/datax/coode_keydetaily/data/4769.json"},{"restype":"jsondata","rescode":"OLMK_extdata","resmd5":"40a7c15261b2647b2b1706649b43bdfe","restitle":"唯一标记","resurl":"http://hellowocao.com/localxres/datax/coode_keydetaily/data/4770.json"},{"restype":"jsondata","rescode":"CRTOR_extdata","resmd5":"1471d100db28881af8c280bd0849440e","restitle":"创建者","resurl":"http://hellowocao.com/localxres/datax/coode_keydetaily/data/4771.json"},{"restype":"jsondata","rescode":"groupid_extdata","resmd5":"cdb514eed4f74f315b69879041b411f4","restitle":"群组ID","resurl":"http://hellowocao.com/localxres/datax/coode_keydetaily/data/4772.json"},{"restype":"jsondata","rescode":"companyid_extdata","resmd5":"03b9fbbb58f2a2aa6c3d57cde9815f55","restitle":"公司ID","resurl":"http://hellowocao.com/localxres/datax/coode_keydetaily/data/4773.json"}]}