{"status":"1","rtype":"formx","rcode":"MQ3Ebm","rtitle":"r5VVY8的一级分类","ver":"dea11d5c06a3bfed28fc3e86a0b88e67","vls":[{"restype":"jsondata","rescode":"MQ3Ebm_basedata","resmd5":"f5d7223eb4b4f2992187eac23bd0cdc7","restitle":"r5VVY8的一级分类","resurl":"http://hellowocao.com/localxres/datax/coode_shortdata/data/1388.json"},{"restype":"jsondata","rescode":"MQ3Ebm_cssdata","resmd5":"283dcdaf803c5e99bde24ea34cdaa0a7","restitle":"r5VVY8的一级分类","resurl":"http://hellowocao.com/localxres/datax/coode_shortcss/data/.json"}]}