{"status":"1","rtype":"tabx","rcode":"coode_tempimg","rtitle":"我的近期临时图片","ver":"8e70f6d894d07d0fa1d836c33919fea6","crtsql":"CREATE TABLE coode_tempimg (SNO int(11) NOT NULL AUTO_INCREMENT,vmark varchar(50) NOT NULL,imgmark varchar(50) NOT NULL,imgtitle varchar(255) NOT NULL,imglabel varchar(1024) NOT NULL,imgtype varchar(50) NOT NULL,sysid varchar(50) NOT NULL,comid varchar(50) NOT NULL,imgbase64 longtext NOT NULL,stockpath varchar(255) NOT NULL,imglocal varchar(1024) NOT NULL,imgurl varchar(1024) NOT NULL,imgrmturl varchar(1024) NOT NULL,sendto varchar(255) NOT NULL,classa varchar(50) NOT NULL,classb varchar(50) NOT NULL,CRTM datetime NOT NULL,CRTOR varchar(255) NOT NULL,OLMK varchar(255) NOT NULL,OPRT varchar(1024) NOT NULL,PRIME int(11) NOT NULL,PTOF varchar(255) NOT NULL,RIP varchar(255) NOT NULL,STATUS tinyint(4) NOT NULL,STCODE varchar(1024) NOT NULL,UPTM datetime NOT NULL,VRT varchar(255) NOT NULL,PRIMARY KEY (SNO)) ENGINE=MyISAM AUTO_INCREMENT=1 DEFAULT CHARSET=utf8;","vls":[{"restype":"jsondata","rescode":"coode_tempimg_basedata","resmd5":"7f5e7a0afd7a6a396db7052d4abb67a4","restitle":"我的近期临时图片","resurl":"http://hellowocao.com/localxres/datax/coode_tablist/data/1308.json"},{"restype":"jsondata","rescode":"STCODE_extdata","resmd5":"378e76a3ff03c626c8d161b850fe38d0","restitle":"流程脚本","resurl":"http://hellowocao.com/localxres/datax/coode_keydetailx/data/9281.json"},{"restype":"jsondata","rescode":"UPTM_extdata","resmd5":"efbbc0e8f65591b31e4cd8c778e80e1c","restitle":"更改时刻","resurl":"http://hellowocao.com/localxres/datax/coode_keydetailx/data/9282.json"},{"restype":"jsondata","rescode":"VRT_extdata","resmd5":"de3524e7d29b66ffa45d41595a40a0b3","restitle":"职位","resurl":"http://hellowocao.com/localxres/datax/coode_keydetailx/data/9283.json"},{"restype":"jsondata","rescode":"PRIME_extdata","resmd5":"cb5b5e72d88a9c2c75b3e296d3234d4e","restitle":"素数定类","resurl":"http://hellowocao.com/localxres/datax/coode_keydetailx/data/9284.json"},{"restype":"jsondata","rescode":"PTOF_extdata","resmd5":"b8a936a87299ca0ab0d7786ba22f152e","restitle":"公司归属","resurl":"http://hellowocao.com/localxres/datax/coode_keydetailx/data/9285.json"},{"restype":"jsondata","rescode":"RIP_extdata","resmd5":"8a38fe7a0a9913616cb95f271a5592bf","restitle":"远程IP","resurl":"http://hellowocao.com/localxres/datax/coode_keydetailx/data/9286.json"},{"restype":"jsondata","rescode":"STATUS_extdata","resmd5":"1a58c8076e384fbe3501af5bbdf4372f","restitle":"流程状态","resurl":"http://hellowocao.com/localxres/datax/coode_keydetailx/data/9287.json"},{"restype":"jsondata","rescode":"OLMK_extdata","resmd5":"93069c57e67c6aba000d646f73b14f8b","restitle":"唯一标记","resurl":"http://hellowocao.com/localxres/datax/coode_keydetailx/data/9288.json"},{"restype":"jsondata","rescode":"classa_extdata","resmd5":"4d0a9aa5322c635ecc38cc3bbcff1b30","restitle":"父分类","resurl":"http://hellowocao.com/localxres/datax/coode_keydetailx/data/9289.json"},{"restype":"jsondata","rescode":"classb_extdata","resmd5":"8d2b15dc066d6e2d2e958bb1c475d775","restitle":"子分类","resurl":"http://hellowocao.com/localxres/datax/coode_keydetailx/data/9290.json"},{"restype":"jsondata","rescode":"CRTM_extdata","resmd5":"f829b9eb85846e4c2b5afbd313c1ef38","restitle":"创建时刻","resurl":"http://hellowocao.com/localxres/datax/coode_keydetailx/data/9291.json"},{"restype":"jsondata","rescode":"CRTOR_extdata","resmd5":"9fd95673110a5cbf294c3bd25a8e466b","restitle":"创建者","resurl":"http://hellowocao.com/localxres/datax/coode_keydetailx/data/9292.json"},{"restype":"jsondata","rescode":"OPRT_extdata","resmd5":"0f11839fcf4bf6305a8f7aab383ebec7","restitle":"操作","resurl":"http://hellowocao.com/localxres/datax/coode_keydetailx/data/9293.json"},{"restype":"jsondata","rescode":"imgurl_extdata","resmd5":"a2a94af503a84d2553b050ee0ccbdf75","restitle":"本服地址","resurl":"http://hellowocao.com/localxres/datax/coode_keydetailx/data/9294.json"},{"restype":"jsondata","rescode":"comid_extdata","resmd5":"87df766acfe7da3e3d8c7bcffb3d1bfe","restitle":"公司ID","resurl":"http://hellowocao.com/localxres/datax/coode_keydetailx/data/9295.json"},{"restype":"jsondata","rescode":"imgbase64_extdata","resmd5":"389b0ce66e6131e0b76eaa46be277d90","restitle":"ba64编码","resurl":"http://hellowocao.com/localxres/datax/coode_keydetailx/data/9296.json"},{"restype":"jsondata","rescode":"imglabel_extdata","resmd5":"445cc83525a085155619b477e2a1ff35","restitle":"图片标签","resurl":"http://hellowocao.com/localxres/datax/coode_keydetailx/data/9297.json"},{"restype":"jsondata","rescode":"imgtype_extdata","resmd5":"180a9f5010c510fe3f60248089546844","restitle":"图片类型","resurl":"http://hellowocao.com/localxres/datax/coode_keydetailx/data/9298.json"},{"restype":"jsondata","rescode":"sysid_extdata","resmd5":"5b8677f416e194aa08ec9112019e83d4","restitle":"系统ID","resurl":"http://hellowocao.com/localxres/datax/coode_keydetailx/data/9299.json"},{"restype":"jsondata","rescode":"SNO_extdata","resmd5":"fae8751405c7913aea8933b6579f202c","restitle":"编号","resurl":"http://hellowocao.com/localxres/datax/coode_keydetailx/data/9300.json"},{"restype":"jsondata","rescode":"imgmark_extdata","resmd5":"b467ea70863276a7bd87a589899b30c7","restitle":"图片标记","resurl":"http://hellowocao.com/localxres/datax/coode_keydetailx/data/9301.json"},{"restype":"jsondata","rescode":"imgtitle_extdata","resmd5":"9576a78d92c1906a52676152b4a7196b","restitle":"图片标题","resurl":"http://hellowocao.com/localxres/datax/coode_keydetailx/data/9302.json"},{"restype":"jsondata","rescode":"vmark_extdata","resmd5":"3aa2bc676f0a375d14e73142c520fbc6","restitle":"快捷标记","resurl":"http://hellowocao.com/localxres/datax/coode_keydetailx/data/12982.json"},{"restype":"jsondata","rescode":"imglocal_extdata","resmd5":"3167f00e08b3e058e8ca9129449e93d3","restitle":"图片本地","resurl":"http://hellowocao.com/localxres/datax/coode_keydetailx/data/12983.json"},{"restype":"jsondata","rescode":"imgrmturl_extdata","resmd5":"c65ac0626eb1bbe4d37f73d849a2c55e","restitle":"云存储地址","resurl":"http://hellowocao.com/localxres/datax/coode_keydetailx/data/14351.json"},{"restype":"jsondata","rescode":"stockpath_extdata","resmd5":"470384664639e1647090b3f077c93241","restitle":"存储目录","resurl":"http://hellowocao.com/localxres/datax/coode_keydetailx/data/14352.json"},{"restype":"jsondata","rescode":"sendto_extdata","resmd5":"838669b51928f5ceca1ec5d1da3aa970","restitle":"推送到","resurl":"http://hellowocao.com/localxres/datax/coode_keydetailx/data/15051.json"}]}