{"status":"1","tabnm":"coode_tablist","tabtitle":"表格列表","tabsno":"626","crtsql":"","allkeys":"人智标题,人智值,全部,领域字段,浏览前执行,内容字段,版权标记,创建代码,创建时刻,创建人,表分组,表单,信息创建者,图像,设置权限,安装数据,信息映射资源隶属世界,json内容,json类型,字段长度,全字段,字段类型,主序字段,数据版本字段,唯一标记,唯一标记字段,操作,父资源KEY,安装制作,子母级联,资源中文单词,本身资源值,资源英文单词,资源类型代码,远程IP,数据库名,长度类型,编号,资源字段,资源标题,流程状态,流程脚本,辅序字段,系统ID,更新频率,表名,简介字段,表标题,表格类型,更新时刻,版本号,母子级联,世界标记|aitkey,aivkey,allkeys,areakey,beforeview,contentkeys,copyrightmark,createsql,CRTM,CRTOR,grpmark,hasshort,ickey,imghead,ispmiss,issys,iwkey,jsonconts,jsontpnms,keylens,keynames,keytpnms,mainsqx,md5key,OLMK,olmkkey,OPRT,parreskey,PRIME,PTOF,reschiword,rescode,resenword,restpcode,RIP,schm,sizetype,SNO,srckey,srcttk,STATUS,STCODE,subsqx,sysid,tabcls,TABLE_NAME,tabnick,tabtitle,tabtype,UPTM,vermd5,VRT,worldmarks","parreskey":"","mainsqx":"SNO","srckey":"TABLE_NAME","srcttk":"tabtitle","rtype":"tabx","parcode":"","rcode":"coode_updatetable","rtitle":"更改表格日志","ver":"20260129114242","vls":[{"keymark":"OLMK","dxtype":"varchar","keytitle":"唯一标记","kvalue":"841a1c61eb341284527eb6bab90145"},{"keymark":"UPTM","dxtype":"datetime","keytitle":"更新时刻","kvalue":"2023-01-09 09:38:31"},{"keymark":"CRTM","dxtype":"datetime","keytitle":"创建时刻","kvalue":"2019-12-31 16:29:45"},{"keymark":"PTOF","dxtype":"select","keytitle":"子母级联","kvalue":""},{"keymark":"TABLE_NAME","dxtype":"varchar","keytitle":"表名","kvalue":"coode_updatetable"},{"keymark":"tabtitle","dxtype":"varchar","keytitle":"表标题","kvalue":"更改表格日志"},{"keymark":"VRT","dxtype":"multiselect","keytitle":"母子级联","kvalue":"0021db340c9455abc3ccf3c5e075145f"},{"keymark":"CRTOR","dxtype":"varchar","keytitle":"创建人","kvalue":"hellowocao"},{"keymark":"ickey","dxtype":"varchar","keytitle":"信息创建者","kvalue":"CRTOR"},{"keymark":"iwkey","dxtype":"varchar","keytitle":"信息映射资源隶属世界","kvalue":"localxres"},{"keymark":"ispmiss","dxtype":"varchar","keytitle":"设置权限","kvalue":"0"},{"keymark":"sizetype","dxtype":"select","keytitle":"长度类型","kvalue":""},{"keymark":"hasshort","dxtype":"varchar","keytitle":"表单","kvalue":"1"},{"keymark":"STATUS","dxtype":"varchar","keytitle":"流程状态","kvalue":"1"},{"keymark":"STCODE","dxtype":"varchar","keytitle":"流程脚本","kvalue":""},{"keymark":"PRIME","dxtype":"int","keytitle":"安装制作","kvalue":"0"},{"keymark":"RIP","dxtype":"varchar","keytitle":"远程IP","kvalue":""},{"keymark":"OPRT","dxtype":"chtml","keytitle":"操作","kvalue":""},{"keymark":"mainsqx","dxtype":"select","keytitle":"主序字段","kvalue":"SNO"},{"keymark":"tabcls","dxtype":"select","keytitle":"更新频率","kvalue":""},{"keymark":"sysid","dxtype":"select","keytitle":"系统ID","kvalue":"0"},{"keymark":"schm","dxtype":"varchar","keytitle":"数据库名","kvalue":"io_halo123_cn"},{"keymark":"createsql","dxtype":"code","keytitle":"创建代码","kvalue":"CREATE TABLE coode_updatetable (SNO int(11) NOT NULL AUTO_INCREMENT,schm varchar(100) NOT NULL,tablename varchar(100) NOT NULL,billid varchar(100) NOT NULL,upmark varchar(100) NOT NULL,shortid varchar(100) NOT NULL,optime datetime NOT NULL,beforefrm longtext NOT NULL,afterfrm longtext NOT NULL,bfver varchar(32) NOT NULL,aftver varchar(32) NOT NULL,bfmd5 varchar(32) NOT NULL,aftmd5 varchar(32) NOT NULL,CRTM datetime NOT NULL,CRTOR varchar(30) NOT NULL,PTOF varchar(30) NOT NULL,OLMK varchar(255) NOT NULL,VRT varchar(255) NOT NULL,STATUS tinyint(4) NOT NULL,STCODE varchar(1024) NOT NULL,PRIME int(11) NOT NULL,UPTM datetime NOT NULL,RIP varchar(255) NOT NULL,OPRT varchar(1024) NOT NULL,PRIMARY KEY (SNO)) ENGINE=MyISAM AUTO_INCREMENT=1 DEFAULT CHARSET=utf8;"},{"keymark":"issys","dxtype":"varchar","keytitle":"安装数据","kvalue":"0"},{"keymark":"keynames","dxtype":"varchar","keytitle":"全字段","kvalue":"schm,tablename,billid,upmark,shortid,optime,beforefrm,afterfrm,bfver,aftver,bfmd5,aftmd5,CRTM,CRTOR,PTOF,OLMK,VRT,STATUS,STCODE,PRIME,UPTM,RIP,OPRT"},{"keymark":"keytpnms","dxtype":"varchar","keytitle":"字段类型","kvalue":"concat(↓↑↓,schm,↓↑,↑↓,tablename,↓↑,↑↓,billid,↓↑,↑↓,upmark,↓↑,↑↓,shortid,↓↑,↑↓,optime,↓↑,↑↓,beforefrm,↓↑,↑↓,afterfrm,↓↑,↑↓,bfver,↓↑,↑↓,aftver,↓↑,↑↓,bfmd5,↓↑,↑↓,aftmd5,↓↑,↑↓,CRTM,↓↑,↑↓,CRTOR,↓↑,↑↓,PTOF,↓↑,↑↓,OLMK,↓↑,↑↓,VRT,↓↑,↑↓,STATUS,↓↑,↑↓,STCODE,↓↑,↑↓,PRIME,↓↑,↑↓,UPTM,↓↑,↑↓,RIP,↓↑,↑↓,OPRT,↓↑↓)"},{"keymark":"jsontpnms","dxtype":"varchar","keytitle":"json类型","kvalue":"concat(↓\"schm∵↓,schm,↓\",↓,↓\"tablename∵↓,tablename,↓\",↓,↓\"billid∵↓,billid,↓\",↓,↓\"upmark∵↓,upmark,↓\",↓,↓\"shortid∵↓,shortid,↓\",↓,↓\"optime∵↓,optime,↓\",↓,↓\"beforefrm∵↓,beforefrm,↓\",↓,↓\"afterfrm∵↓,afterfrm,↓\",↓,↓\"bfver∵↓,bfver,↓\",↓,↓\"aftver∵↓,aftver,↓\",↓,↓\"bfmd5∵↓,bfmd5,↓\",↓,↓\"aftmd5∵↓,aftmd5,↓\",↓,↓\"CRTM∵↓,CRTM,↓\",↓,↓\"CRTOR∵↓,CRTOR,↓\",↓,↓\"PTOF∵↓,PTOF,↓\",↓,↓\"OLMK∵↓,OLMK,↓\",↓,↓\"VRT∵↓,VRT,↓\",↓,↓\"STATUS∵↓,STATUS,↓\",↓,↓\"STCODE∵↓,STCODE,↓\",↓,↓\"PRIME∵↓,PRIME,↓\",↓,↓\"UPTM∵↓,UPTM,↓\",↓,↓\"RIP∵↓,RIP,↓\",↓,↓\"OPRT∵↓,OPRT,↓\"↓)"},{"keymark":"srckey","dxtype":"select","keytitle":"资源字段","kvalue":""},{"keymark":"srcttk","dxtype":"select","keytitle":"资源标题","kvalue":""},{"keymark":"allkeys","dxtype":"varchar","keytitle":"全部","kvalue":"工单ID,子标记,编号,表名,操作时刻,更改前结构,更改后结构,创建时刻,创建者,归属,唯一标记,流程编码,流程状态,流程脚本,素数定类,更改时刻,远程IP,操作,短码,数据库,bfver,aftver,bfmd5,aftmd5|billid,upmark,SNO,tablename,optime,beforefrm,afterfrm,CRTM,CRTOR,PTOF,OLMK,VRT,STATUS,STCODE,PRIME,UPTM,RIP,OPRT,shortid,schm,bfver,aftver,bfmd5,aftmd5"},{"keymark":"contentkeys","dxtype":"varchar","keytitle":"内容字段","kvalue":"schm,tablename,billid,upmark,shortid,optime,beforefrm,afterfrm,bfver,aftver,bfmd5,aftmd5"},{"keymark":"jsonconts","dxtype":"varchar","keytitle":"json内容","kvalue":"↓\"schm∵↓,schm,↓\",↓,↓\"tablename∵↓,tablename,↓\",↓,↓\"billid∵↓,billid,↓\",↓,↓\"upmark∵↓,upmark,↓\",↓,↓\"shortid∵↓,shortid,↓\",↓,↓\"optime∵↓,optime,↓\",↓,↓\"beforefrm∵↓,beforefrm,↓\",↓,↓\"afterfrm∵↓,afterfrm,↓\",↓,↓\"bfver∵↓,bfver,↓\",↓,↓\"aftver∵↓,aftver,↓\",↓,↓\"bfmd5∵↓,bfmd5,↓\",↓,↓\"aftmd5∵↓,aftmd5,↓\",↓,↓\"tablename∵coode_updatetable\"↓"},{"keymark":"imghead","dxtype":"select","keytitle":"图像","kvalue":""},{"keymark":"beforeview","dxtype":"longtext","keytitle":"浏览前执行","kvalue":""},{"keymark":"tabtype","dxtype":"select","keytitle":"表格类型","kvalue":""},{"keymark":"vermd5","dxtype":"varchar","keytitle":"版本号","kvalue":"d7e544af4dab912ec78e33d1ead2b844"},{"keymark":"tabnick","dxtype":"select","keytitle":"简介字段","kvalue":""},{"keymark":"copyrightmark","dxtype":"varchar","keytitle":"版权标记","kvalue":""},{"keymark":"grpmark","dxtype":"select","keytitle":"表分组","kvalue":""},{"keymark":"subsqx","dxtype":"select","keytitle":"辅序字段","kvalue":""},{"keymark":"olmkkey","dxtype":"select","keytitle":"唯一标记字段","kvalue":"OLMK"},{"keymark":"keylens","dxtype":"int","keytitle":"字段长度","kvalue":"23"},{"keymark":"areakey","dxtype":"select","keytitle":"领域字段","kvalue":""},{"keymark":"md5key","dxtype":"select","keytitle":"数据版本字段","kvalue":"VRT"},{"keymark":"rescode","dxtype":"varchar","keytitle":"本身资源值","kvalue":""},{"keymark":"worldmarks","dxtype":"varchar255","keytitle":"世界标记","kvalue":""},{"keymark":"restpcode","dxtype":"select","keytitle":"资源类型代码","kvalue":""},{"keymark":"resenword","dxtype":"varchar","keytitle":"资源英文单词","kvalue":""},{"keymark":"reschiword","dxtype":"varchar","keytitle":"资源中文单词","kvalue":""},{"keymark":"parreskey","dxtype":"select","keytitle":"父资源KEY","kvalue":""},{"keymark":"aitkey","dxtype":"select","keytitle":"人智标题","kvalue":""},{"keymark":"aivkey","dxtype":"select","keytitle":"人智值","kvalue":""}]}