{"status":"1","rtype":"pagex","rcode":"JKCTOm","rtitle":"模板库批量自动新增","ver":"73b483e864d67c71b5b522140a50dec7","vls":[{"restype":"csspagex","rescode":"runbox","resmd5":"","restitle":"模板库批量自动新增的runbox","resurl":"http://hellowocao.com/systemres/1/csspagex/runbox/runbox_csspagex.zip"},{"restype":"pagex","rescode":"JKCTOm","resmd5":"73b483e864d67c71b5b522140a50dec7","restitle":"模板库批量自动新增","resurl":"http://hellowocao.com/localxres/pagex/p2jruningbox/JKCTOm/JKCTOm_pagex.zip"}]}