{"status":"1","rtype":"tabx","rcode":"coode_mydbtablist","rtitle":"我的数据库列表","ver":"6841e4feed3d308634085886c9530cb3","crtsql":"CREATE TABLE coode_mydbtablist (SNO int(11) NOT NULL AUTO_INCREMENT,OLMK varchar(30) NOT NULL,VRT varchar(50) NOT NULL,UPTM datetime NOT NULL,CRTM datetime NOT NULL,CRTOR varchar(30) NOT NULL,PTOF varchar(30) NOT NULL,vermd5 varchar(50) NOT NULL,rdol tinyint(4) NOT NULL,schm varchar(50) NOT NULL,industry varchar(50) NOT NULL,business varchar(50) NOT NULL,matter varchar(100) NOT NULL,imghead varchar(1024) NOT NULL,tdomain varchar(255) NOT NULL,tgroup varchar(50) NOT NULL,tabnick varchar(50) NOT NULL,TABLE_NAME varchar(100) NOT NULL,allkeys varchar(1024) NOT NULL,afftabs varchar(1024) NOT NULL,afffuns varchar(1024) NOT NULL,affclss varchar(1024) NOT NULL,createsql text NOT NULL,contentkeys varchar(1024) NOT NULL,jsonconts text NOT NULL,keynames text NOT NULL,keytpnms text NOT NULL,jsontpnms text NOT NULL,srckey varchar(100) NOT NULL,srcttk varchar(100) NOT NULL,issys tinyint(4) NOT NULL,ispmiss tinyint(4) NOT NULL,tabtitle varchar(30) NOT NULL,tabtype varchar(50) NOT NULL,tabcls varchar(100) NOT NULL,sysid varchar(100) NOT NULL,appid varchar(100) NOT NULL,grpmark varchar(50) NOT NULL,fip varchar(255) NOT NULL,fuser varchar(255) NOT NULL,fpass varchar(255) NOT NULL,fbase varchar(255) NOT NULL,totrcd int(11) NOT NULL,usearea varchar(1024) NOT NULL,hasshort tinyint(4) NOT NULL,affplot varchar(1024) NOT NULL,beforeview longtext NOT NULL,relay varchar(1024) NOT NULL,belong varchar(1024) NOT NULL,copyrightmark varchar(20) NOT NULL,STATUS tinyint(4) NOT NULL,STCODE varchar(1024) NOT NULL,PRIME int(11) NOT NULL,RIP varchar(255) NOT NULL,OPRT varchar(1024) NOT NULL,PRIMARY KEY (SNO)) ENGINE=MyISAM AUTO_INCREMENT=1 DEFAULT CHARSET=utf8;","vls":[{"restype":"jsondata","rescode":"coode_mydbtablist_basedata","resmd5":"5ebd6b5c153ac014f12720a5ab893962","restitle":"我的数据库列表","resurl":"http://hellowocao.com/localxres/datax/coode_tablist/data/1420.json"},{"restype":"jsondata","rescode":"SNO_extdata","resmd5":"e55d3d83f08ac06d2c16cce2d85cd78b","restitle":"编号","resurl":"http://hellowocao.com/localxres/datax/coode_keydetailx/data/13265.json"},{"restype":"jsondata","rescode":"OLMK_extdata","resmd5":"5e9832f8c67581472d13094660caa945","restitle":"唯一标记","resurl":"http://hellowocao.com/localxres/datax/coode_keydetailx/data/13266.json"},{"restype":"jsondata","rescode":"VRT_extdata","resmd5":"fb89f9c189e6632573d43ff0ea887641","restitle":"职位","resurl":"http://hellowocao.com/localxres/datax/coode_keydetailx/data/13267.json"},{"restype":"jsondata","rescode":"UPTM_extdata","resmd5":"ab949292ca63e2c3b9bb21705d148abe","restitle":"更改时刻","resurl":"http://hellowocao.com/localxres/datax/coode_keydetailx/data/13268.json"},{"restype":"jsondata","rescode":"CRTM_extdata","resmd5":"a33c65c15ba52a01cd2ce6352e3cc50d","restitle":"创建时刻","resurl":"http://hellowocao.com/localxres/datax/coode_keydetailx/data/13269.json"},{"restype":"jsondata","rescode":"CRTOR_extdata","resmd5":"00df59cdbb69b1a0884d6a8f721da907","restitle":"创建者","resurl":"http://hellowocao.com/localxres/datax/coode_keydetailx/data/13270.json"},{"restype":"jsondata","rescode":"PTOF_extdata","resmd5":"934f9e57132ac1225d7440fa619ad924","restitle":"公司归属","resurl":"http://hellowocao.com/localxres/datax/coode_keydetailx/data/13271.json"},{"restype":"jsondata","rescode":"vermd5_extdata","resmd5":"ce671f7aa4ebc80268a6bb8b039b25da","restitle":"版本号","resurl":"http://hellowocao.com/localxres/datax/coode_keydetailx/data/13272.json"},{"restype":"jsondata","rescode":"rdol_extdata","resmd5":"4b1dd5d6b62459315fffb846a81b666c","restitle":"只读","resurl":"http://hellowocao.com/localxres/datax/coode_keydetailx/data/13273.json"},{"restype":"jsondata","rescode":"schm_extdata","resmd5":"ed7ed5e29c2984832788cc313eb8d11b","restitle":"数据库名","resurl":"http://hellowocao.com/localxres/datax/coode_keydetailx/data/13274.json"},{"restype":"jsondata","rescode":"industry_extdata","resmd5":"9fc0b6b5e687678e067f0c7de7f9d7d6","restitle":"产业","resurl":"http://hellowocao.com/localxres/datax/coode_keydetailx/data/13275.json"},{"restype":"jsondata","rescode":"business_extdata","resmd5":"0fa86246a92953ace219f1e605cb0e9f","restitle":"职位","resurl":"http://hellowocao.com/localxres/datax/coode_keydetailx/data/13276.json"},{"restype":"jsondata","rescode":"matter_extdata","resmd5":"2806a9187a6e1b5375847a92e4c8c56c","restitle":"业务","resurl":"http://hellowocao.com/localxres/datax/coode_keydetailx/data/13277.json"},{"restype":"jsondata","rescode":"imghead_extdata","resmd5":"28a56331cd9da95ab0dea39429abad75","restitle":"图像","resurl":"http://hellowocao.com/localxres/datax/coode_keydetailx/data/13278.json"},{"restype":"jsondata","rescode":"tdomain_extdata","resmd5":"cf7febdac51ea2cccbdb0c765ec3fe41","restitle":"t_domain","resurl":"http://hellowocao.com/localxres/datax/coode_keydetailx/data/13279.json"},{"restype":"jsondata","rescode":"tgroup_extdata","resmd5":"5c98d6796b5af9911316be95475436f8","restitle":"t_group","resurl":"http://hellowocao.com/localxres/datax/coode_keydetailx/data/13280.json"},{"restype":"jsondata","rescode":"tabnick_extdata","resmd5":"af130c22d3a4cae405bece36a3560d47","restitle":"表格昵名","resurl":"http://hellowocao.com/localxres/datax/coode_keydetailx/data/13281.json"},{"restype":"jsondata","rescode":"TABLE_NAME_extdata","resmd5":"d5ac0bf8c6487c84156a37620659a713","restitle":"表名","resurl":"http://hellowocao.com/localxres/datax/coode_keydetailx/data/13282.json"},{"restype":"jsondata","rescode":"allkeys_extdata","resmd5":"d7394c7281e33f3b2d892ee3b4c2af4a","restitle":"全部","resurl":"http://hellowocao.com/localxres/datax/coode_keydetailx/data/13283.json"},{"restype":"jsondata","rescode":"afftabs_extdata","resmd5":"234f64916b3165b7cda63dedfec53f38","restitle":"afftabs","resurl":"http://hellowocao.com/localxres/datax/coode_keydetailx/data/13284.json"},{"restype":"jsondata","rescode":"afffuns_extdata","resmd5":"723faf2d6dc3968119bd0ca866b60d87","restitle":"请afffuns","resurl":"http://hellowocao.com/localxres/datax/coode_keydetailx/data/13285.json"},{"restype":"jsondata","rescode":"affclss_extdata","resmd5":"dc2f4b5b1f8f8e3afd803c37038e5171","restitle":"affclss","resurl":"http://hellowocao.com/localxres/datax/coode_keydetailx/data/13286.json"},{"restype":"jsondata","rescode":"createsql_extdata","resmd5":"24dbcdb9fedaf37024e7683dc7a52e20","restitle":"创建代码","resurl":"http://hellowocao.com/localxres/datax/coode_keydetailx/data/13287.json"},{"restype":"jsondata","rescode":"contentkeys_extdata","resmd5":"d9db695625dd3246b8a7caa92dc6ae60","restitle":"内容字段","resurl":"http://hellowocao.com/localxres/datax/coode_keydetailx/data/13288.json"},{"restype":"jsondata","rescode":"jsonconts_extdata","resmd5":"4172ea36f6c0899873abc0684be96be6","restitle":"json内容字段","resurl":"http://hellowocao.com/localxres/datax/coode_keydetailx/data/13289.json"},{"restype":"jsondata","rescode":"keynames_extdata","resmd5":"b3fcc0db420e3c8d1daa1dcf4744fbac","restitle":"全字段","resurl":"http://hellowocao.com/localxres/datax/coode_keydetailx/data/13290.json"},{"restype":"jsondata","rescode":"keytpnms_extdata","resmd5":"9973ecc138644b82942b8e1832ed339d","restitle":"字段类型","resurl":"http://hellowocao.com/localxres/datax/coode_keydetailx/data/13291.json"},{"restype":"jsondata","rescode":"jsontpnms_extdata","resmd5":"01c699863f12230317bdb7320c8e2a3a","restitle":"json类型","resurl":"http://hellowocao.com/localxres/datax/coode_keydetailx/data/13292.json"},{"restype":"jsondata","rescode":"srckey_extdata","resmd5":"0d6771692181adc12ad8f2460eebabcd","restitle":"资源字段","resurl":"http://hellowocao.com/localxres/datax/coode_keydetailx/data/13293.json"},{"restype":"jsondata","rescode":"srcttk_extdata","resmd5":"fdb80f6069c5d3fbb446b677bcc1aeb3","restitle":"资源标题","resurl":"http://hellowocao.com/localxres/datax/coode_keydetailx/data/13294.json"},{"restype":"jsondata","rescode":"issys_extdata","resmd5":"d775edb057cddc5d2e9e8f39107417b5","restitle":"是否系统","resurl":"http://hellowocao.com/localxres/datax/coode_keydetailx/data/13295.json"},{"restype":"jsondata","rescode":"ispmiss_extdata","resmd5":"2e54ce1916fdca7b06165a423356cb78","restitle":"设置权限","resurl":"http://hellowocao.com/localxres/datax/coode_keydetailx/data/13296.json"},{"restype":"jsondata","rescode":"tabtitle_extdata","resmd5":"f131e083033674b87c6a6531da256d49","restitle":"表标题","resurl":"http://hellowocao.com/localxres/datax/coode_keydetailx/data/13297.json"},{"restype":"jsondata","rescode":"tabtype_extdata","resmd5":"1b15b765c7f0dc2f2a12e2e5541bc699","restitle":"表格类型","resurl":"http://hellowocao.com/localxres/datax/coode_keydetailx/data/13298.json"},{"restype":"jsondata","rescode":"tabcls_extdata","resmd5":"ce122d49ff416f8b4a88ca25cb2ed11d","restitle":"表格种类","resurl":"http://hellowocao.com/localxres/datax/coode_keydetailx/data/13299.json"},{"restype":"jsondata","rescode":"sysid_extdata","resmd5":"9d3cbf5b411727454fdc893e0461ffbe","restitle":"系统ID","resurl":"http://hellowocao.com/localxres/datax/coode_keydetailx/data/13300.json"},{"restype":"jsondata","rescode":"appid_extdata","resmd5":"b3e22ace807379ca2e2198cb45b798fa","restitle":"应用ID","resurl":"http://hellowocao.com/localxres/datax/coode_keydetailx/data/13301.json"},{"restype":"jsondata","rescode":"grpmark_extdata","resmd5":"807ee594c63350579443cdf7f8e4196f","restitle":"表分组","resurl":"http://hellowocao.com/localxres/datax/coode_keydetailx/data/13302.json"},{"restype":"jsondata","rescode":"fip_extdata","resmd5":"13fff89291f094a6a02ef34310daacdf","restitle":"数服IP","resurl":"http://hellowocao.com/localxres/datax/coode_keydetailx/data/13303.json"},{"restype":"jsondata","rescode":"fuser_extdata","resmd5":"77d58821b3810400b66fc56880c341dd","restitle":"数服用户","resurl":"http://hellowocao.com/localxres/datax/coode_keydetailx/data/13304.json"},{"restype":"jsondata","rescode":"fpass_extdata","resmd5":"ef1e95ee5ac8eddd3738816a369eb878","restitle":"数服密码","resurl":"http://hellowocao.com/localxres/datax/coode_keydetailx/data/13305.json"},{"restype":"jsondata","rescode":"fbase_extdata","resmd5":"0c3ec07c24b3cefa16e3b75a3a01d05a","restitle":"数服数据库","resurl":"http://hellowocao.com/localxres/datax/coode_keydetailx/data/13306.json"},{"restype":"jsondata","rescode":"usearea_extdata","resmd5":"0e03864fc4b3d7287e40e3bd2de2067a","restitle":"使用地点","resurl":"http://hellowocao.com/localxres/datax/coode_keydetailx/data/13307.json"},{"restype":"jsondata","rescode":"hasshort_extdata","resmd5":"b9b792588a6d8aeb3abd1f93ce44000d","restitle":"表单","resurl":"http://hellowocao.com/localxres/datax/coode_keydetailx/data/13308.json"},{"restype":"jsondata","rescode":"affplot_extdata","resmd5":"79de471e78ee5a7561006e4ec1640a94","restitle":"影响节点","resurl":"http://hellowocao.com/localxres/datax/coode_keydetailx/data/13309.json"},{"restype":"jsondata","rescode":"beforeview_extdata","resmd5":"b46f7fe7eaca42be73f55114cf3b888b","restitle":"浏览前执行","resurl":"http://hellowocao.com/localxres/datax/coode_keydetailx/data/13310.json"},{"restype":"jsondata","rescode":"relay_extdata","resmd5":"6dbac51e7fee05889128aa63211f154a","restitle":"relay","resurl":"http://hellowocao.com/localxres/datax/coode_keydetailx/data/13311.json"},{"restype":"jsondata","rescode":"belong_extdata","resmd5":"58a451bd1dc3e563e6779b37fdf3ee02","restitle":"belong","resurl":"http://hellowocao.com/localxres/datax/coode_keydetailx/data/13312.json"},{"restype":"jsondata","rescode":"copyrightmark_extdata","resmd5":"47f4c774dd36d8a8331ad2cab16c0592","restitle":"版权标记","resurl":"http://hellowocao.com/localxres/datax/coode_keydetailx/data/13313.json"},{"restype":"jsondata","rescode":"STATUS_extdata","resmd5":"73cf10bd417080ea8d0e11f9fbb344e3","restitle":"流程状态","resurl":"http://hellowocao.com/localxres/datax/coode_keydetailx/data/13314.json"},{"restype":"jsondata","rescode":"STCODE_extdata","resmd5":"828805e473f95afb39749f8495ba7099","restitle":"流程脚本","resurl":"http://hellowocao.com/localxres/datax/coode_keydetailx/data/13315.json"},{"restype":"jsondata","rescode":"PRIME_extdata","resmd5":"baae30b3dacd7ce95825ff6bd80263cc","restitle":"素数定类","resurl":"http://hellowocao.com/localxres/datax/coode_keydetailx/data/13316.json"},{"restype":"jsondata","rescode":"RIP_extdata","resmd5":"0e493b7a351a306a376e159c802ed3dd","restitle":"远程IP","resurl":"http://hellowocao.com/localxres/datax/coode_keydetailx/data/13317.json"},{"restype":"jsondata","rescode":"OPRT_extdata","resmd5":"5eaee046eca220d22fdf16efe38c9b89","restitle":"操作","resurl":"http://hellowocao.com/localxres/datax/coode_keydetailx/data/13318.json"},{"restype":"jsondata","rescode":"totrcd_extdata","resmd5":"f258cc1e8380d863d59005dcf44867ce","restitle":"记录总数","resurl":"http://hellowocao.com/localxres/datax/coode_keydetailx/data/13590.json"}]}