{"status":"1","rtype":"tabx","rcode":"coode_sysregres","rtitle":"系统注册资源","ver":"184e732c2b5ad64567dc6260f5cb4c21","crtsql":"CREATE TABLE coode_sysregres (SNO int(11) NOT NULL AUTO_INCREMENT,grpid varchar(100) NOT NULL,subid varchar(100) NOT NULL,belongtype varchar(50) NOT NULL,restype varchar(50) NOT NULL,resmark varchar(50) NOT NULL,restitle varchar(255) NOT NULL,headpic varchar(1024) NOT NULL,midpic varchar(1024) NOT NULL,CRTM datetime NOT NULL,UPTM datetime NOT NULL,issys tinyint(4) NOT NULL,txturl varchar(1024) NOT NULL,funtxt longtext NOT NULL,funbody longtext NOT NULL,vermd5 varchar(32) NOT NULL,mtmd5 varchar(32) NOT NULL,mtdate datetime NOT NULL,copyrightmark varchar(20) NOT NULL,relycore varchar(255) NOT NULL,OLMK varchar(50) NOT NULL,VRT varchar(100) NOT NULL,CRTOR varchar(30) NOT NULL,PTOF varchar(30) NOT NULL,STATUS tinyint(4) NOT NULL,STCODE varchar(1024) NOT NULL,PRIME int(11) NOT NULL,RIP varchar(255) NOT NULL,OPRT varchar(1024) NOT NULL,PRIMARY KEY (SNO),UNIQUE KEY sfnm (resmark,restype,grpid) USING BTREE) ENGINE=MyISAM AUTO_INCREMENT=1 DEFAULT CHARSET=utf8;","vls":[{"restype":"jsondata","rescode":"coode_sysregres_basedata","resmd5":"88cc2a24ae1924f34a0fad87e5d1ff05","restitle":"系统注册资源","resurl":"http://hellowocao.com/localxres/datax/coode_tablist/data/1876.json"},{"restype":"jsondata","rescode":"PRIME_extdata","resmd5":"25edd207fe574f5c3aea1a935faece6a","restitle":"是否升级","resurl":"http://hellowocao.com/localxres/datax/coode_keydetailx/data/1723.json"},{"restype":"jsondata","rescode":"RIP_extdata","resmd5":"0f340d07218e46e7141d7cb8e551117f","restitle":"创建IP","resurl":"http://hellowocao.com/localxres/datax/coode_keydetailx/data/1724.json"},{"restype":"jsondata","rescode":"OPRT_extdata","resmd5":"fa966bfa85138247c49b301cc334817e","restitle":"操作","resurl":"http://hellowocao.com/localxres/datax/coode_keydetailx/data/1725.json"},{"restype":"jsondata","rescode":"STATUS_extdata","resmd5":"4f9a978c07f2752f8511cf8ca892abd5","restitle":"数据状态","resurl":"http://hellowocao.com/localxres/datax/coode_keydetailx/data/6634.json"},{"restype":"jsondata","rescode":"PTOF_extdata","resmd5":"89db915761da9d86951d79c8a9a1ec7c","restitle":"数据归属","resurl":"http://hellowocao.com/localxres/datax/coode_keydetailx/data/6635.json"},{"restype":"jsondata","rescode":"CRTOR_extdata","resmd5":"54198ee35be4289713fa40a909472421","restitle":"创建人","resurl":"http://hellowocao.com/localxres/datax/coode_keydetailx/data/6636.json"},{"restype":"jsondata","rescode":"VRT_extdata","resmd5":"ee35293ad91b504fe5baffe04dfc77f8","restitle":"资源路径","resurl":"http://hellowocao.com/localxres/datax/coode_keydetailx/data/6637.json"},{"restype":"jsondata","rescode":"OLMK_extdata","resmd5":"1c624f351f41bacbb53f4c2ea0516fbd","restitle":"数据唯标","resurl":"http://hellowocao.com/localxres/datax/coode_keydetailx/data/6638.json"},{"restype":"jsondata","rescode":"relycore_extdata","resmd5":"53b9018b2e8fb459f24399d0bb20a8f4","restitle":"依赖核心","resurl":"http://hellowocao.com/localxres/datax/coode_keydetailx/data/6639.json"},{"restype":"jsondata","rescode":"copyrightmark_extdata","resmd5":"075c661b4914077e4b1cd250e09f82ab","restitle":"版权标记","resurl":"http://hellowocao.com/localxres/datax/coode_keydetailx/data/6640.json"},{"restype":"jsondata","rescode":"funbody_extdata","resmd5":"f799113cb433583c16705542686d1e7c","restitle":"功能描述","resurl":"http://hellowocao.com/localxres/datax/coode_keydetailx/data/6641.json"},{"restype":"jsondata","rescode":"funtxt_extdata","resmd5":"da233a45264f9dceb11b8cb2a9bc8b09","restitle":"资源内容","resurl":"http://hellowocao.com/localxres/datax/coode_keydetailx/data/6642.json"},{"restype":"jsondata","rescode":"txturl_extdata","resmd5":"7ec0136979dd473ab49bab7a88d0ccf5","restitle":"下载地址","resurl":"http://hellowocao.com/localxres/datax/coode_keydetailx/data/6644.json"},{"restype":"jsondata","rescode":"issys_extdata","resmd5":"d2163fd9b843ca8da428ad8bda9e92c2","restitle":"是否系统","resurl":"http://hellowocao.com/localxres/datax/coode_keydetailx/data/6645.json"},{"restype":"jsondata","rescode":"restitle_extdata","resmd5":"07bcdccb82c8b6631d2638b2a3d1d249","restitle":"资源标题","resurl":"http://hellowocao.com/localxres/datax/coode_keydetailx/data/6646.json"},{"restype":"jsondata","rescode":"CRTM_extdata","resmd5":"bf90dfbcc187bfcede64ed049340022f","restitle":"创建时刻","resurl":"http://hellowocao.com/localxres/datax/coode_keydetailx/data/6650.json"},{"restype":"jsondata","rescode":"UPTM_extdata","resmd5":"cee3bc64436f4b4f0a4f2c8f586a5351","restitle":"更改时刻","resurl":"http://hellowocao.com/localxres/datax/coode_keydetailx/data/6651.json"},{"restype":"jsondata","rescode":"resmark_extdata","resmd5":"c39a4f1dc96f98227ce7410a7009a165","restitle":"资源标记","resurl":"http://hellowocao.com/localxres/datax/coode_keydetailx/data/6652.json"},{"restype":"jsondata","rescode":"restype_extdata","resmd5":"979f0343358e79bd5e929a179db64eb0","restitle":"资源类型","resurl":"http://hellowocao.com/localxres/datax/coode_keydetailx/data/6653.json"},{"restype":"jsondata","rescode":"belongtype_extdata","resmd5":"08d352f627451c8c64e615e3c9f35c79","restitle":"隶属类型","resurl":"http://hellowocao.com/localxres/datax/coode_keydetailx/data/6654.json"},{"restype":"jsondata","rescode":"grpid_extdata","resmd5":"563c270a32d1e997378408cbcfc6a5e2","restitle":"主分组ID","resurl":"http://hellowocao.com/localxres/datax/coode_keydetailx/data/6655.json"},{"restype":"jsondata","rescode":"subid_extdata","resmd5":"845b30e2454367e8c845c7c91d97cffd","restitle":"次分组ID","resurl":"http://hellowocao.com/localxres/datax/coode_keydetailx/data/6656.json"},{"restype":"jsondata","rescode":"SNO_extdata","resmd5":"e719fe52912bbaf899393c20e54d63f9","restitle":"数据编号","resurl":"http://hellowocao.com/localxres/datax/coode_keydetailx/data/14162.json"},{"restype":"jsondata","rescode":"STCODE_extdata","resmd5":"21d41e4b62946d317406bbcfee710491","restitle":"流程进展","resurl":"http://hellowocao.com/localxres/datax/coode_keydetailx/data/18097.json"},{"restype":"jsondata","rescode":"headpic_extdata","resmd5":"5fe195dd391cf40026e31069fff1ea93","restitle":"头像","resurl":"http://hellowocao.com/localxres/datax/coode_keydetailx/data/27551.json"},{"restype":"jsondata","rescode":"midpic_extdata","resmd5":"4ed9f3d6402d81785cf8d16547a48520","restitle":"中等图像","resurl":"http://hellowocao.com/localxres/datax/coode_keydetailx/data/27552.json"},{"restype":"jsondata","rescode":"mtdate_extdata","resmd5":"aa3d902b1c0bb9c9e2d94cbc93f75252","restitle":"","resurl":"http://hellowocao.com/localxres/datax/coode_keydetailx/data/28357.json"},{"restype":"jsondata","rescode":"mtmd5_extdata","resmd5":"b150d73ba7be86912aab1ef056636a26","restitle":"","resurl":"http://hellowocao.com/localxres/datax/coode_keydetailx/data/28356.json"},{"restype":"jsondata","rescode":"vermd5_extdata","resmd5":"b7b9be7825ce7a648005ef234d93416b","restitle":"版本号","resurl":"http://hellowocao.com/localxres/datax/coode_keydetailx/data/27895.json"}]}