{"status":"1","rtype":"formx","rcode":"QiXXxY","rtitle":"数据提交","ver":"88d3efd52f70f52d29e84e742185a1b8","vls":[{"restype":"jsondata","rescode":"QiXXxY_basedata","resmd5":"6cdff46754901ecc72d1fc6ca1261212","restitle":"数据提交","resurl":"http://hellowocao.com/localxres/datax/coode_shortdata/data/813.json"},{"restype":"jsondata","rescode":"QiXXxY_cssdata","resmd5":"c436587f1ea37efe6f2cab686d981d4b","restitle":"数据提交","resurl":"http://hellowocao.com/localxres/datax/coode_shortcss/data/.json"},{"restype":"jsondata","rescode":"SNO_extdata","resmd5":"a685fabfe8f5d9ac19d046a719ef28e0","restitle":"编号","resurl":"http://hellowocao.com/localxres/datax/coode_keydetaily/data/15921.json"},{"restype":"jsondata","rescode":"datamark_extdata","resmd5":"a933b4345cbc2438c0808fc8565abbee","restitle":"编号","resurl":"http://hellowocao.com/localxres/datax/coode_keydetaily/data/15922.json"},{"restype":"jsondata","rescode":"datatitle_extdata","resmd5":"1872fee11504dc63d36e3323b118fcb3","restitle":"编号","resurl":"http://hellowocao.com/localxres/datax/coode_keydetaily/data/15923.json"},{"restype":"jsondata","rescode":"postkey_extdata","resmd5":"69893b441713e7da52cb94dd088c8e65","restitle":"编号","resurl":"http://hellowocao.com/localxres/datax/coode_keydetaily/data/15924.json"},{"restype":"jsondata","rescode":"posteval_extdata","resmd5":"704b1fe2ca4e5d9138347fb51a27a31a","restitle":"编号","resurl":"http://hellowocao.com/localxres/datax/coode_keydetaily/data/15925.json"},{"restype":"jsondata","rescode":"fromurl_extdata","resmd5":"cf2a9ae7adc577983f94035fe3c70cb0","restitle":"请求地址","resurl":"http://hellowocao.com/localxres/datax/coode_keydetaily/data/15926.json"},{"restype":"jsondata","rescode":"OLMK_extdata","resmd5":"4e818c7e12fabba29af40e9b6d260053","restitle":"唯一标记","resurl":"http://hellowocao.com/localxres/datax/coode_keydetaily/data/15927.json"},{"restype":"jsondata","rescode":"CRTOR_extdata","resmd5":"d0896bcef6d6de88010886bbf4a675d1","restitle":"创建者","resurl":"http://hellowocao.com/localxres/datax/coode_keydetaily/data/15928.json"},{"restype":"jsondata","rescode":"UPTM_extdata","resmd5":"f0f3de323b5b319fe5b19a306e5e0c19","restitle":"更改时刻","resurl":"http://hellowocao.com/localxres/datax/coode_keydetaily/data/15929.json"},{"restype":"jsondata","rescode":"CRTM_extdata","resmd5":"bc700bb7d4ffbad19a357279eda06135","restitle":"创建时刻","resurl":"http://hellowocao.com/localxres/datax/coode_keydetaily/data/15930.json"}]}