{"status":"1","tabnm":"coode_parardr","tabtitle":"分裂跳转地址","2675":"2675","crtsql":"CREATE TABLE coode_parardr (SNO int(11) NOT NULL AUTO_INCREMENT,paramark varchar(50) NOT NULL,paratype varchar(50) NOT NULL,paratitle varchar(100) NOT NULL,parapoint varchar(100) NOT NULL,paraval varchar(100) NOT NULL,fromurl varchar(1024) NOT NULL,rdrpath varchar(1024) NOT NULL,rdrcode text NOT NULL,ismbl tinyint(4) NOT NULL,vermd5 varchar(50) NOT NULL,sysid varchar(50) NOT NULL,VRT varchar(255) NOT NULL,OLMK varchar(30) NOT NULL,STATUS tinyint(4) NOT NULL,STCODE varchar(1024) NOT NULL,CRTOR varchar(30) NOT NULL,UPTM datetime NOT NULL,CRTM datetime NOT NULL,PTOF varchar(100) NOT NULL,PRIME int(11) NOT NULL,RIP varchar(255) NOT NULL,OPRT varchar(1024) NOT NULL,PRIMARY KEY (SNO),UNIQUE KEY olpm (paramark) USING BTREE) ENGINE=MyISAM AUTO_INCREMENT=1 DEFAULT CHARSET=utf8;","allkeys":"创建时刻,创建者,访问来源,移动端,唯一标记,操作,跳转标记,分裂点,分裂标题,执行类型,分裂值,素数定类,公司归属,跳转执行,跳转地址,远程IP,编号,流程状态,流程脚本,系统ID,更改时刻,vermd5,职位|CRTM,CRTOR,fromurl,ismbl,OLMK,OPRT,paramark,parapoint,paratitle,paratype,paraval,PRIME,PTOF,rdrcode,rdrpath,RIP,SNO,STATUS,STCODE,sysid,UPTM,vermd5,VRT","parreskey":"","mainsqx":"SNO","srckey":"","srcttk":"","rtype":"parardrx","parcode":"","rcode":"","rtitle":"","ver":"20240123042343","vls":[{"keymark":"vermd5","dxtype":"varchar","keytitle":"","kvalue":"23c889240e38cdd1684e555e2861adc1"},{"keymark":"sysid","dxtype":"select","keytitle":"系统ID","kvalue":"massqrcode"},{"keymark":"OLMK","dxtype":"varchar","keytitle":"唯一标记","kvalue":"73E5AF9A-3E65-853D-8B14-021F1D"},{"keymark":"UPTM","dxtype":"datetime","keytitle":"更改时刻","kvalue":"2023-06-02 21:42:18"},{"keymark":"CRTM","dxtype":"datetime","keytitle":"创建时刻","kvalue":"2023-06-02 21:42:18"},{"keymark":"CRTOR","dxtype":"varchar","keytitle":"创建者","kvalue":"18841880246"},{"keymark":"PTOF","dxtype":"varchar","keytitle":"公司归属","kvalue":""},{"keymark":"paramark","dxtype":"varchar","keytitle":"跳转标记","kvalue":"QD8prN.update"},{"keymark":"paratype","dxtype":"select","keytitle":"执行类型","kvalue":""},{"keymark":"paraval","dxtype":"varchar","keytitle":"分裂值","kvalue":""},{"keymark":"rdrpath","dxtype":"varchar","keytitle":"跳转地址","kvalue":""},{"keymark":"rdrcode","dxtype":"text","keytitle":"跳转执行","kvalue":""},{"keymark":"ismbl","dxtype":"tinyint","keytitle":"移动端","kvalue":"0"},{"keymark":"VRT","dxtype":"varchar","keytitle":"职位","kvalue":""},{"keymark":"STATUS","dxtype":"tinyint","keytitle":"流程状态","kvalue":"0"},{"keymark":"STCODE","dxtype":"varchar","keytitle":"流程脚本","kvalue":""},{"keymark":"PRIME","dxtype":"int","keytitle":"资源更新","kvalue":"0"},{"keymark":"RIP","dxtype":"varchar","keytitle":"远程IP","kvalue":""},{"keymark":"OPRT","dxtype":"chtml","keytitle":"操作","kvalue":""},{"keymark":"fromurl","dxtype":"varchar","keytitle":"访问来源","kvalue":"/localxres/funx/anyjsshort/"},{"keymark":"paratitle","dxtype":"varchar","keytitle":"分裂标题","kvalue":"文档详情"},{"keymark":"parapoint","dxtype":"select","keytitle":"分裂点","kvalue":""}]}