{"status":"1","rtype":"tabx","rcode":"coode_duwithface","rtitle":"模板涉及样式","ver":"31e8de6cf9ce43aaed1751ff021220e2","crtsql":"CREATE TABLE coode_duwithface (SNO int(11) NOT NULL AUTO_INCREMENT,dumark varchar(50) NOT NULL,faceid varchar(50) NOT NULL,dutitle varchar(255) NOT NULL,facetitle varchar(255) NOT NULL,withdescrib varchar(1024) NOT NULL,CRTM datetime NOT NULL,CRTOR varchar(255) NOT NULL,OLMK varchar(255) NOT NULL,OPRT varchar(1024) NOT NULL,PRIME int(11) NOT NULL,PTOF varchar(255) NOT NULL,RIP varchar(255) NOT NULL,STATUS tinyint(4) NOT NULL,STCODE varchar(1024) NOT NULL,UPTM datetime NOT NULL,VRT varchar(255) NOT NULL,PRIMARY KEY (SNO)) ENGINE=MyISAM AUTO_INCREMENT=1 DEFAULT CHARSET=utf8;","vls":[{"restype":"jsondata","rescode":"coode_duwithface_basedata","resmd5":"88af3494c90683ff6e181b60f482a8f1","restitle":"模板涉及样式","resurl":"http://hellowocao.com/localxres/datax/coode_tablist/data/1274.json"},{"restype":"jsondata","rescode":"SNO_extdata","resmd5":"6ed2990bf064d44f15283e68e4be79ca","restitle":"编号","resurl":"http://hellowocao.com/localxres/datax/coode_keydetailx/data/12002.json"},{"restype":"jsondata","rescode":"dumark_extdata","resmd5":"318d3a984fa78f69b05e4fe9027d14c6","restitle":"模板标记","resurl":"http://hellowocao.com/localxres/datax/coode_keydetailx/data/12003.json"},{"restype":"jsondata","rescode":"faceid_extdata","resmd5":"1184752d8f8c7e35fa99f3983e048dd8","restitle":"faceid","resurl":"http://hellowocao.com/localxres/datax/coode_keydetailx/data/12004.json"},{"restype":"jsondata","rescode":"dutitle_extdata","resmd5":"36031f614444f7cf20a27fb81f06f14e","restitle":"dutitle","resurl":"http://hellowocao.com/localxres/datax/coode_keydetailx/data/12005.json"},{"restype":"jsondata","rescode":"facetitle_extdata","resmd5":"a9a20c37198b30d71f8339ec1b1428a6","restitle":"facetitle","resurl":"http://hellowocao.com/localxres/datax/coode_keydetailx/data/12006.json"},{"restype":"jsondata","rescode":"withdescrib_extdata","resmd5":"fa7ef6b3d231002e21f2cc82a022c1bf","restitle":"withdescrib","resurl":"http://hellowocao.com/localxres/datax/coode_keydetailx/data/12007.json"},{"restype":"jsondata","rescode":"CRTM_extdata","resmd5":"5c9dbf1ba955e7d11a4da1ed319872d2","restitle":"创建时刻","resurl":"http://hellowocao.com/localxres/datax/coode_keydetailx/data/12008.json"},{"restype":"jsondata","rescode":"CRTOR_extdata","resmd5":"247072d1924403b42bf1ede1b9d1bb95","restitle":"创建者","resurl":"http://hellowocao.com/localxres/datax/coode_keydetailx/data/12009.json"},{"restype":"jsondata","rescode":"OLMK_extdata","resmd5":"480789b6e675f15e5885f8aa2515edab","restitle":"唯一标记","resurl":"http://hellowocao.com/localxres/datax/coode_keydetailx/data/12010.json"},{"restype":"jsondata","rescode":"OPRT_extdata","resmd5":"230c10c6be1d602e9771d1115f999e3c","restitle":"操作","resurl":"http://hellowocao.com/localxres/datax/coode_keydetailx/data/12011.json"},{"restype":"jsondata","rescode":"PRIME_extdata","resmd5":"612200be26349167e7ee0caaf220e9e8","restitle":"素数定类","resurl":"http://hellowocao.com/localxres/datax/coode_keydetailx/data/12012.json"},{"restype":"jsondata","rescode":"PTOF_extdata","resmd5":"a73b62917126ca5d7111db624807f06d","restitle":"归属","resurl":"http://hellowocao.com/localxres/datax/coode_keydetailx/data/12013.json"},{"restype":"jsondata","rescode":"RIP_extdata","resmd5":"a6dccd6d79d68c49e5ce3bcc4e6554d2","restitle":"远程IP","resurl":"http://hellowocao.com/localxres/datax/coode_keydetailx/data/12014.json"},{"restype":"jsondata","rescode":"STATUS_extdata","resmd5":"0a3bd50da887635a5bde0c827864f34d","restitle":"流程状态","resurl":"http://hellowocao.com/localxres/datax/coode_keydetailx/data/12015.json"},{"restype":"jsondata","rescode":"STCODE_extdata","resmd5":"3c266ad6912a50a0bffd2e2b9e4450d7","restitle":"流程脚本","resurl":"http://hellowocao.com/localxres/datax/coode_keydetailx/data/12016.json"},{"restype":"jsondata","rescode":"UPTM_extdata","resmd5":"8d8e577e1fe7f2ba98bbc85f7ce19df2","restitle":"更改时刻","resurl":"http://hellowocao.com/localxres/datax/coode_keydetailx/data/12017.json"},{"restype":"jsondata","rescode":"VRT_extdata","resmd5":"7125b283fa4bc2e53c1690f1afd87191","restitle":"流程编码","resurl":"http://hellowocao.com/localxres/datax/coode_keydetailx/data/12018.json"}]}