{"status":"1","tabnm":"coode_tablist","tabtitle":"表格列表","tabsno":"1529","crtsql":"","allkeys":"人智标题,人智值,全部,领域字段,浏览前执行,内容字段,版权标记,创建代码,创建时刻,创建人,表分组,表单,信息创建者,图像,设置权限,安装数据,信息映射资源隶属世界,json内容,json类型,字段长度,全字段,字段类型,主序字段,数据版本字段,唯一标记,唯一标记字段,操作,父资源KEY,安装制作,子母级联,资源中文单词,本身资源值,资源英文单词,资源类型代码,远程IP,数据库名,长度类型,编号,资源字段,资源标题,流程状态,流程脚本,辅序字段,系统ID,更新频率,表名,简介字段,表标题,表格类型,更新时刻,版本号,母子级联,世界标记|aitkey,aivkey,allkeys,areakey,beforeview,contentkeys,copyrightmark,createsql,CRTM,CRTOR,grpmark,hasshort,ickey,imghead,ispmiss,issys,iwkey,jsonconts,jsontpnms,keylens,keynames,keytpnms,mainsqx,md5key,OLMK,olmkkey,OPRT,parreskey,PRIME,PTOF,reschiword,rescode,resenword,restpcode,RIP,schm,sizetype,SNO,srckey,srcttk,STATUS,STCODE,subsqx,sysid,tabcls,TABLE_NAME,tabnick,tabtitle,tabtype,UPTM,vermd5,VRT,worldmarks","parreskey":"","mainsqx":"SNO","srckey":"TABLE_NAME","srcttk":"tabtitle","rtype":"tabx","parcode":"","rcode":"coode_dbkeydz","rtitle":"表格结构z","ver":"20260129113846","vls":[{"keymark":"OLMK","dxtype":"varchar","keytitle":"唯一标记","kvalue":"94106311980d3b3e5a200d591f7b90"},{"keymark":"UPTM","dxtype":"datetime","keytitle":"更新时刻","kvalue":"2023-02-17 09:53:42"},{"keymark":"CRTM","dxtype":"datetime","keytitle":"创建时刻","kvalue":"2021-10-28 09:17:57"},{"keymark":"PTOF","dxtype":"select","keytitle":"子母级联","kvalue":""},{"keymark":"TABLE_NAME","dxtype":"varchar","keytitle":"表名","kvalue":"coode_dbkeydz"},{"keymark":"tabtitle","dxtype":"varchar","keytitle":"表标题","kvalue":"表格结构z"},{"keymark":"VRT","dxtype":"multiselect","keytitle":"母子级联","kvalue":"fa51bf2a32c973f55f6070ede79c0de7"},{"keymark":"CRTOR","dxtype":"varchar","keytitle":"创建人","kvalue":"hellowocao"},{"keymark":"ickey","dxtype":"varchar","keytitle":"信息创建者","kvalue":"CRTOR"},{"keymark":"iwkey","dxtype":"varchar","keytitle":"信息映射资源隶属世界","kvalue":"localxres"},{"keymark":"ispmiss","dxtype":"varchar","keytitle":"设置权限","kvalue":"0"},{"keymark":"sizetype","dxtype":"select","keytitle":"长度类型","kvalue":""},{"keymark":"hasshort","dxtype":"varchar","keytitle":"表单","kvalue":"0"},{"keymark":"STATUS","dxtype":"varchar","keytitle":"流程状态","kvalue":"0"},{"keymark":"STCODE","dxtype":"varchar","keytitle":"流程脚本","kvalue":""},{"keymark":"PRIME","dxtype":"int","keytitle":"安装制作","kvalue":"0"},{"keymark":"RIP","dxtype":"varchar","keytitle":"远程IP","kvalue":""},{"keymark":"OPRT","dxtype":"chtml","keytitle":"操作","kvalue":""},{"keymark":"mainsqx","dxtype":"select","keytitle":"主序字段","kvalue":"SNO"},{"keymark":"tabcls","dxtype":"select","keytitle":"更新频率","kvalue":""},{"keymark":"sysid","dxtype":"select","keytitle":"系统ID","kvalue":"0"},{"keymark":"schm","dxtype":"varchar","keytitle":"数据库名","kvalue":"io_halo123_cn"},{"keymark":"createsql","dxtype":"code","keytitle":"创建代码","kvalue":"CREATE TABLE coode_dbkeydz (SNO int(11) NOT NULL AUTO_INCREMENT,TABLE_CATALOG varchar(512) NOT NULL,TABLE_SCHEMA varchar(64) NOT NULL,TABLE_NAME varchar(64) NOT NULL,COLUMN_NAME varchar(64) NOT NULL,ORDINAL_POSITION bigint(20) NOT NULL,COLUMN_DEFAULT longtext NOT NULL,IS_NULLABLE varchar(3) NOT NULL,DATA_TYPE varchar(64) NOT NULL,CHARACTER_MAXIMUM_LENGTH bigint(20) NOT NULL,CHARACTER_OCTET_LENGTH bigint(20) NOT NULL,NUMERIC_PRECISION bigint(20) NOT NULL,NUMERIC_SCALE bigint(20) NOT NULL,DATETIME_PRECISION bigint(20) NOT NULL,CHARACTER_SET_NAME varchar(32) NOT NULL,COLLATION_NAME varchar(32) NOT NULL,COLUMN_TYPE longtext NOT NULL,COLUMN_KEY varchar(3) NOT NULL,EXTRA varchar(30) NOT NULL,PRIVILEGES varchar(80) NOT NULL,COLUMN_COMMENT varchar(1024) NOT NULL,PRIME int(11) NOT NULL,tdomain varchar(255) NOT NULL,tgroup varchar(50) NOT NULL,tabnick varchar(50) NOT NULL,shortid varchar(50) NOT NULL,CRTM datetime NOT NULL,OLMK varchar(30) NOT NULL,PTOF varchar(30) NOT NULL,classp bigint(20) NOT NULL,clstxt text NOT NULL,keytitle varchar(30) NOT NULL,keyexplain varchar(30) NOT NULL,acthtml text NOT NULL,atnhtml text NOT NULL,jsshowfun text NOT NULL,sysshowfun text NOT NULL,valuezero varchar(1024) NOT NULL,jspostfun varchar(1024) NOT NULL,syspostfun varchar(1024) NOT NULL,changeable tinyint(4) NOT NULL,parallelto varchar(50) NOT NULL,displayed tinyint(4) NOT NULL,dxtype varchar(1024) NOT NULL,vermd5 varchar(32) NOT NULL,rescode varchar(100) NOT NULL,UPTM datetime NOT NULL,bfist text NOT NULL,aftist text NOT NULL,bfupd text NOT NULL,aftupd text NOT NULL,bfdel text NOT NULL,aftdel text NOT NULL,sysid varchar(20) NOT NULL,appid varchar(20) NOT NULL,isfixed tinyint(4) NOT NULL,thcode varchar(1024) NOT NULL,tdcode varchar(1024) NOT NULL,VRT varchar(1024) NOT NULL,SQX decimal(10,2) NOT NULL,VQX decimal(10,2) NOT NULL,CRTOR varchar(255) NOT NULL,STATUS tinyint(4) NOT NULL,STCODE varchar(1024) NOT NULL,RIP varchar(255) NOT NULL,OPRT varchar(1024) NOT NULL,PRIMARY KEY (SNO),UNIQUE KEY tbol (TABLE_SCHEMA,TABLE_NAME,COLUMN_NAME,shortid) USING BTREE) ENGINE=MyISAM AUTO_INCREMENT=1 DEFAULT CHARSET=utf8;"},{"keymark":"issys","dxtype":"varchar","keytitle":"安装数据","kvalue":"0"},{"keymark":"keynames","dxtype":"varchar","keytitle":"全字段","kvalue":"TABLE_CATALOG,TABLE_SCHEMA,TABLE_NAME,COLUMN_NAME,ORDINAL_POSITION,COLUMN_DEFAULT,IS_NULLABLE,DATA_TYPE,CHARACTER_MAXIMUM_LENGTH,CHARACTER_OCTET_LENGTH,NUMERIC_PRECISION,NUMERIC_SCALE,DATETIME_PRECISION,CHARACTER_SET_NAME,COLLATION_NAME,COLUMN_TYPE,COLUMN_KEY,EXTRA,PRIVILEGES,COLUMN_COMMENT,PRIME,tdomain,tgroup,tabnick,shortid,CRTM,OLMK,PTOF,classp,clstxt,keytitle,keyexplain,acthtml,atnhtml,jsshowfun,sysshowfun,valuezero,jspostfun,syspostfun,changeable,parallelto,displayed,dxtype,vermd5,rescode,UPTM,bfist,aftist,bfupd,aftupd,bfdel,aftdel,sysid,appid,isfixed,thcode,tdcode,VRT,SQX,VQX,CRTOR,STATUS,STCODE,RIP,OPRT"},{"keymark":"keytpnms","dxtype":"varchar","keytitle":"字段类型","kvalue":"concat(↓↑↓,TABLE_CATALOG,↓↑,↑↓,TABLE_SCHEMA,↓↑,↑↓,TABLE_NAME,↓↑,↑↓,COLUMN_NAME,↓↑,↑↓,ORDINAL_POSITION,↓↑,↑↓,COLUMN_DEFAULT,↓↑,↑↓,IS_NULLABLE,↓↑,↑↓,DATA_TYPE,↓↑,↑↓,CHARACTER_MAXIMUM_LENGTH,↓↑,↑↓,CHARACTER_OCTET_LENGTH,↓↑,↑↓,NUMERIC_PRECISION,↓↑,↑↓,NUMERIC_SCALE,↓↑,↑↓,DATETIME_PRECISION,↓↑,↑↓,CHARACTER_SET_NAME,↓↑,↑↓,COLLATION_NAME,↓↑,↑↓,COLUMN_TYPE,↓↑,↑↓,COLUMN_KEY,↓↑,↑↓,EXTRA,↓↑,↑↓,PRIVILEGES,↓↑,↑↓,COLUMN_COMMENT,↓↑,↑↓,PRIME,↓↑,↑↓,tdomain,↓↑,↑↓,tgroup,↓↑,↑↓,tabnick,↓↑,↑↓,shortid,↓↑,↑↓,CRTM,↓↑,↑↓,OLMK,↓↑,↑↓,PTOF,↓↑,↑↓,classp,↓↑,↑↓,clstxt,↓↑,↑↓,keytitle,↓↑,↑↓,keyexplain,↓↑,↑↓,acthtml,↓↑,↑↓,atnhtml,↓↑,↑↓,jsshowfun,↓↑,↑↓,sysshowfun,↓↑,↑↓,valuezero,↓↑,↑↓,jspostfun,↓↑,↑↓,syspostfun,↓↑,↑↓,changeable,↓↑,↑↓,parallelto,↓↑,↑↓,displayed,↓↑,↑↓,dxtype,↓↑,↑↓,vermd5,↓↑,↑↓,rescode,↓↑,↑↓,UPTM,↓↑,↑↓,bfist,↓↑,↑↓,aftist,↓↑,↑↓,bfupd,↓↑,↑↓,aftupd,↓↑,↑↓,bfdel,↓↑,↑↓,aftdel,↓↑,↑↓,sysid,↓↑,↑↓,appid,↓↑,↑↓,isfixed,↓↑,↑↓,thcode,↓↑,↑↓,tdcode,↓↑,↑↓,VRT,↓↑,↑↓,SQX,↓↑,↑↓,VQX,↓↑,↑↓,CRTOR,↓↑,↑↓,STATUS,↓↑,↑↓,STCODE,↓↑,↑↓,RIP,↓↑,↑↓,OPRT,↓↑↓)"},{"keymark":"jsontpnms","dxtype":"varchar","keytitle":"json类型","kvalue":"concat(↓\"TABLE_CATALOG∵↓,TABLE_CATALOG,↓\",↓,↓\"TABLE_SCHEMA∵↓,TABLE_SCHEMA,↓\",↓,↓\"TABLE_NAME∵↓,TABLE_NAME,↓\",↓,↓\"COLUMN_NAME∵↓,COLUMN_NAME,↓\",↓,↓\"ORDINAL_POSITION∵↓,ORDINAL_POSITION,↓\",↓,↓\"COLUMN_DEFAULT∵↓,COLUMN_DEFAULT,↓\",↓,↓\"IS_NULLABLE∵↓,IS_NULLABLE,↓\",↓,↓\"DATA_TYPE∵↓,DATA_TYPE,↓\",↓,↓\"CHARACTER_MAXIMUM_LENGTH∵↓,CHARACTER_MAXIMUM_LENGTH,↓\",↓,↓\"CHARACTER_OCTET_LENGTH∵↓,CHARACTER_OCTET_LENGTH,↓\",↓,↓\"NUMERIC_PRECISION∵↓,NUMERIC_PRECISION,↓\",↓,↓\"NUMERIC_SCALE∵↓,NUMERIC_SCALE,↓\",↓,↓\"DATETIME_PRECISION∵↓,DATETIME_PRECISION,↓\",↓,↓\"CHARACTER_SET_NAME∵↓,CHARACTER_SET_NAME,↓\",↓,↓\"COLLATION_NAME∵↓,COLLATION_NAME,↓\",↓,↓\"COLUMN_TYPE∵↓,COLUMN_TYPE,↓\",↓,↓\"COLUMN_KEY∵↓,COLUMN_KEY,↓\",↓,↓\"EXTRA∵↓,EXTRA,↓\",↓,↓\"PRIVILEGES∵↓,PRIVILEGES,↓\",↓,↓\"COLUMN_COMMENT∵↓,COLUMN_COMMENT,↓\",↓,↓\"PRIME∵↓,PRIME,↓\",↓,↓\"tdomain∵↓,tdomain,↓\",↓,↓\"tgroup∵↓,tgroup,↓\",↓,↓\"tabnick∵↓,tabnick,↓\",↓,↓\"shortid∵↓,shortid,↓\",↓,↓\"CRTM∵↓,CRTM,↓\",↓,↓\"OLMK∵↓,OLMK,↓\",↓,↓\"PTOF∵↓,PTOF,↓\",↓,↓\"classp∵↓,classp,↓\",↓,↓\"clstxt∵↓,clstxt,↓\",↓,↓\"keytitle∵↓,keytitle,↓\",↓,↓\"keyexplain∵↓,keyexplain,↓\",↓,↓\"acthtml∵↓,acthtml,↓\",↓,↓\"atnhtml∵↓,atnhtml,↓\",↓,↓\"jsshowfun∵↓,jsshowfun,↓\",↓,↓\"sysshowfun∵↓,sysshowfun,↓\",↓,↓\"valuezero∵↓,valuezero,↓\",↓,↓\"jspostfun∵↓,jspostfun,↓\",↓,↓\"syspostfun∵↓,syspostfun,↓\",↓,↓\"changeable∵↓,changeable,↓\",↓,↓\"parallelto∵↓,parallelto,↓\",↓,↓\"displayed∵↓,displayed,↓\",↓,↓\"dxtype∵↓,dxtype,↓\",↓,↓\"vermd5∵↓,vermd5,↓\",↓,↓\"rescode∵↓,rescode,↓\",↓,↓\"UPTM∵↓,UPTM,↓\",↓,↓\"bfist∵↓,bfist,↓\",↓,↓\"aftist∵↓,aftist,↓\",↓,↓\"bfupd∵↓,bfupd,↓\",↓,↓\"aftupd∵↓,aftupd,↓\",↓,↓\"bfdel∵↓,bfdel,↓\",↓,↓\"aftdel∵↓,aftdel,↓\",↓,↓\"sysid∵↓,sysid,↓\",↓,↓\"appid∵↓,appid,↓\",↓,↓\"isfixed∵↓,isfixed,↓\",↓,↓\"thcode∵↓,thcode,↓\",↓,↓\"tdcode∵↓,tdcode,↓\",↓,↓\"VRT∵↓,VRT,↓\",↓,↓\"SQX∵↓,SQX,↓\",↓,↓\"VQX∵↓,VQX,↓\",↓,↓\"CRTOR∵↓,CRTOR,↓\",↓,↓\"STATUS∵↓,STATUS,↓\",↓,↓\"STCODE∵↓,STCODE,↓\",↓,↓\"RIP∵↓,RIP,↓\",↓,↓\"OPRT∵↓,OPRT,↓\"↓)"},{"keymark":"srckey","dxtype":"select","keytitle":"资源字段","kvalue":""},{"keymark":"srcttk","dxtype":"select","keytitle":"资源标题","kvalue":""},{"keymark":"allkeys","dxtype":"varchar","keytitle":"全部","kvalue":"acthtml,aftdel,aftist,aftupd,appid,atnhtml,bfdel,bfist,bfupd,changeable,CHARACTER_MAXIMUM_LENGTH,CHARACTER_OCTET_LENGTH,CHARACTER_SET_NAME,classp,clstxt,COLLATION_NAME,COLUMN_COMMENT,COLUMN_DEFAULT,COLUMN_KEY,COLUMN_NAME,COLUMN_TYPE,创建时刻,创建人,DATA_TYPE,DATETIME_PRECISION,displayed,dxtype,EXTRA,isfixed,IS_NULLABLE,jspostfun,jsshowfun,keyexplain,keytitle,NUMERIC_PRECISION,NUMERIC_SCALE,数据唯标,操作,ORDINAL_POSITION,parallelto,主要标识,PRIVILEGES,数据归属,rescode,创建IP,shortid,数据编号,SQX,数据状态,流程进展,sysid,syspostfun,sysshowfun,TABLE_CATALOG,TABLE_NAME,TABLE_SCHEMA,tabnick,tdcode,tdomain,tgroup,thcode,更改时刻,valuezero,vermd5,VQX,资源路径|acthtml,aftdel,aftist,aftupd,appid,atnhtml,bfdel,bfist,bfupd,changeable,CHARACTER_MAXIMUM_LENGTH,CHARACTER_OCTET_LENGTH,CHARACTER_SET_NAME,classp,clstxt,COLLATION_NAME,COLUMN_COMMENT,COLUMN_DEFAULT,COLUMN_KEY,COLUMN_NAME,COLUMN_TYPE,CRTM,CRTOR,DATA_TYPE,DATETIME_PRECISION,displayed,dxtype,EXTRA,isfixed,IS_NULLABLE,jspostfun,jsshowfun,keyexplain,keytitle,NUMERIC_PRECISION,NUMERIC_SCALE,OLMK,OPRT,ORDINAL_POSITION,parallelto,PRIME,PRIVILEGES,PTOF,rescode,RIP,shortid,SNO,SQX,STATUS,STCODE,sysid,syspostfun,sysshowfun,TABLE_CATALOG,TABLE_NAME,TABLE_SCHEMA,tabnick,tdcode,tdomain,tgroup,thcode,UPTM,valuezero,vermd5,VQX,VRT"},{"keymark":"contentkeys","dxtype":"varchar","keytitle":"内容字段","kvalue":"TABLE_CATALOG,TABLE_SCHEMA,TABLE_NAME,COLUMN_NAME,ORDINAL_POSITION,COLUMN_DEFAULT,IS_NULLABLE,DATA_TYPE,CHARACTER_MAXIMUM_LENGTH,CHARACTER_OCTET_LENGTH,NUMERIC_PRECISION,NUMERIC_SCALE,DATETIME_PRECISION,CHARACTER_SET_NAME,COLLATION_NAME,COLUMN_TYPE,COLUMN_KEY,EXTRA,PRIVILEGES,COLUMN_COMMENT,tdomain,tgroup,tabnick,shortid,classp,clstxt,keytitle,keyexplain,acthtml,atnhtml,jsshowfun,sysshowfun,valuezero,jspostfun,syspostfun,changeable,parallelto,displayed,dxtype,vermd5,rescode,bfist,aftist,bfupd,aftupd,bfdel,aftdel,sysid,appid,isfixed,thcode,tdcode,SQX,VQX"},{"keymark":"jsonconts","dxtype":"varchar","keytitle":"json内容","kvalue":"↓\"TABLE_CATALOG∵↓,TABLE_CATALOG,↓\",↓,↓\"TABLE_SCHEMA∵↓,TABLE_SCHEMA,↓\",↓,↓\"TABLE_NAME∵↓,TABLE_NAME,↓\",↓,↓\"COLUMN_NAME∵↓,COLUMN_NAME,↓\",↓,↓\"ORDINAL_POSITION∵↓,ORDINAL_POSITION,↓\",↓,↓\"COLUMN_DEFAULT∵↓,COLUMN_DEFAULT,↓\",↓,↓\"IS_NULLABLE∵↓,IS_NULLABLE,↓\",↓,↓\"DATA_TYPE∵↓,DATA_TYPE,↓\",↓,↓\"CHARACTER_MAXIMUM_LENGTH∵↓,CHARACTER_MAXIMUM_LENGTH,↓\",↓,↓\"CHARACTER_OCTET_LENGTH∵↓,CHARACTER_OCTET_LENGTH,↓\",↓,↓\"NUMERIC_PRECISION∵↓,NUMERIC_PRECISION,↓\",↓,↓\"NUMERIC_SCALE∵↓,NUMERIC_SCALE,↓\",↓,↓\"DATETIME_PRECISION∵↓,DATETIME_PRECISION,↓\",↓,↓\"CHARACTER_SET_NAME∵↓,CHARACTER_SET_NAME,↓\",↓,↓\"COLLATION_NAME∵↓,COLLATION_NAME,↓\",↓,↓\"COLUMN_TYPE∵↓,COLUMN_TYPE,↓\",↓,↓\"COLUMN_KEY∵↓,COLUMN_KEY,↓\",↓,↓\"EXTRA∵↓,EXTRA,↓\",↓,↓\"PRIVILEGES∵↓,PRIVILEGES,↓\",↓,↓\"COLUMN_COMMENT∵↓,COLUMN_COMMENT,↓\",↓,↓\"tdomain∵↓,tdomain,↓\",↓,↓\"tgroup∵↓,tgroup,↓\",↓,↓\"tabnick∵↓,tabnick,↓\",↓,↓\"shortid∵↓,shortid,↓\",↓,↓\"classp∵↓,classp,↓\",↓,↓\"clstxt∵↓,clstxt,↓\",↓,↓\"keytitle∵↓,keytitle,↓\",↓,↓\"keyexplain∵↓,keyexplain,↓\",↓,↓\"acthtml∵↓,acthtml,↓\",↓,↓\"atnhtml∵↓,atnhtml,↓\",↓,↓\"jsshowfun∵↓,jsshowfun,↓\",↓,↓\"sysshowfun∵↓,sysshowfun,↓\",↓,↓\"valuezero∵↓,valuezero,↓\",↓,↓\"jspostfun∵↓,jspostfun,↓\",↓,↓\"syspostfun∵↓,syspostfun,↓\",↓,↓\"changeable∵↓,changeable,↓\",↓,↓\"parallelto∵↓,parallelto,↓\",↓,↓\"displayed∵↓,displayed,↓\",↓,↓\"dxtype∵↓,dxtype,↓\",↓,↓\"vermd5∵↓,vermd5,↓\",↓,↓\"rescode∵↓,rescode,↓\",↓,↓\"bfist∵↓,bfist,↓\",↓,↓\"aftist∵↓,aftist,↓\",↓,↓\"bfupd∵↓,bfupd,↓\",↓,↓\"aftupd∵↓,aftupd,↓\",↓,↓\"bfdel∵↓,bfdel,↓\",↓,↓\"aftdel∵↓,aftdel,↓\",↓,↓\"sysid∵↓,sysid,↓\",↓,↓\"appid∵↓,appid,↓\",↓,↓\"isfixed∵↓,isfixed,↓\",↓,↓\"thcode∵↓,thcode,↓\",↓,↓\"tdcode∵↓,tdcode,↓\",↓,↓\"SQX∵↓,SQX,↓\",↓,↓\"VQX∵↓,VQX,↓\",↓,↓\"tablename∵coode_dbkeydz\"↓"},{"keymark":"imghead","dxtype":"select","keytitle":"图像","kvalue":""},{"keymark":"beforeview","dxtype":"longtext","keytitle":"浏览前执行","kvalue":""},{"keymark":"tabtype","dxtype":"select","keytitle":"表格类型","kvalue":""},{"keymark":"vermd5","dxtype":"varchar","keytitle":"版本号","kvalue":"d0a17d1fb7f685a8211770ba592aa118"},{"keymark":"tabnick","dxtype":"select","keytitle":"简介字段","kvalue":""},{"keymark":"copyrightmark","dxtype":"varchar","keytitle":"版权标记","kvalue":""},{"keymark":"grpmark","dxtype":"select","keytitle":"表分组","kvalue":""},{"keymark":"subsqx","dxtype":"select","keytitle":"辅序字段","kvalue":""},{"keymark":"olmkkey","dxtype":"select","keytitle":"唯一标记字段","kvalue":"OLMK"},{"keymark":"keylens","dxtype":"int","keytitle":"字段长度","kvalue":"65"},{"keymark":"areakey","dxtype":"select","keytitle":"领域字段","kvalue":""},{"keymark":"md5key","dxtype":"select","keytitle":"数据版本字段","kvalue":"VRT"},{"keymark":"rescode","dxtype":"varchar","keytitle":"本身资源值","kvalue":""},{"keymark":"worldmarks","dxtype":"varchar255","keytitle":"世界标记","kvalue":""},{"keymark":"restpcode","dxtype":"select","keytitle":"资源类型代码","kvalue":""},{"keymark":"resenword","dxtype":"varchar","keytitle":"资源英文单词","kvalue":""},{"keymark":"reschiword","dxtype":"varchar","keytitle":"资源中文单词","kvalue":""},{"keymark":"parreskey","dxtype":"select","keytitle":"父资源KEY","kvalue":""},{"keymark":"aitkey","dxtype":"select","keytitle":"人智标题","kvalue":""},{"keymark":"aivkey","dxtype":"select","keytitle":"人智值","kvalue":""}]}