{"status":"1","rtype":"formx","rcode":"keydRUv","rtitle":"特情分类","ver":"55efb26acd732756ff455fe9494d70b4","vls":[{"restype":"jsondata","rescode":"keydRUv_basedata","resmd5":"daab3f21c9f455647088858884604122","restitle":"特情分类","resurl":"http://hellowocao.com/localxres/datax/coode_shortdata/data/1119.json"},{"restype":"jsondata","rescode":"keydRUv_cssdata","resmd5":"e40f060c888ed1924b705bc59a7888d7","restitle":"特情分类","resurl":"http://hellowocao.com/localxres/datax/coode_shortcss/data/.json"}]}