{"status":"1","tabnm":"coode_tablist","tabtitle":"表格列表","tabsno":"2012","crtsql":"","allkeys":"人智标题,人智值,全部,领域字段,浏览前执行,内容字段,版权标记,创建代码,创建时刻,创建人,表分组,表单,信息创建者,图像,设置权限,安装数据,信息映射资源隶属世界,json内容,json类型,字段长度,全字段,字段类型,主序字段,数据版本字段,唯一标记,唯一标记字段,操作,父资源KEY,安装制作,子母级联,资源中文单词,本身资源值,资源英文单词,资源类型代码,远程IP,数据库名,长度类型,编号,资源字段,资源标题,流程状态,流程脚本,辅序字段,系统ID,更新频率,表名,简介字段,表标题,表格类型,更新时刻,版本号,母子级联,世界标记|aitkey,aivkey,allkeys,areakey,beforeview,contentkeys,copyrightmark,createsql,CRTM,CRTOR,grpmark,hasshort,ickey,imghead,ispmiss,issys,iwkey,jsonconts,jsontpnms,keylens,keynames,keytpnms,mainsqx,md5key,OLMK,olmkkey,OPRT,parreskey,PRIME,PTOF,reschiword,rescode,resenword,restpcode,RIP,schm,sizetype,SNO,srckey,srcttk,STATUS,STCODE,subsqx,sysid,tabcls,TABLE_NAME,tabnick,tabtitle,tabtype,UPTM,vermd5,VRT,worldmarks","parreskey":"","mainsqx":"SNO","srckey":"TABLE_NAME","srcttk":"tabtitle","rtype":"tabx","parcode":"","rcode":"coode_elecode","rtitle":"小元素代码","ver":"20260129120219","vls":[{"keymark":"OLMK","dxtype":"varchar","keytitle":"唯一标记","kvalue":"D7E83F1D-A13B-3717-91DC-5B44E6"},{"keymark":"UPTM","dxtype":"datetime","keytitle":"更新时刻","kvalue":"2023-10-17 11:04:10"},{"keymark":"CRTM","dxtype":"datetime","keytitle":"创建时刻","kvalue":"2023-04-08 19:14:39"},{"keymark":"PTOF","dxtype":"select","keytitle":"子母级联","kvalue":""},{"keymark":"TABLE_NAME","dxtype":"varchar","keytitle":"表名","kvalue":"coode_elecode"},{"keymark":"tabtitle","dxtype":"varchar","keytitle":"表标题","kvalue":"小元素代码"},{"keymark":"VRT","dxtype":"multiselect","keytitle":"母子级联","kvalue":""},{"keymark":"CRTOR","dxtype":"varchar","keytitle":"创建人","kvalue":"hellowocao"},{"keymark":"ickey","dxtype":"varchar","keytitle":"信息创建者","kvalue":"CRTOR"},{"keymark":"iwkey","dxtype":"varchar","keytitle":"信息映射资源隶属世界","kvalue":"PTOF"},{"keymark":"ispmiss","dxtype":"varchar","keytitle":"设置权限","kvalue":"0"},{"keymark":"sizetype","dxtype":"select","keytitle":"长度类型","kvalue":""},{"keymark":"hasshort","dxtype":"varchar","keytitle":"表单","kvalue":"0"},{"keymark":"STATUS","dxtype":"varchar","keytitle":"流程状态","kvalue":"0"},{"keymark":"STCODE","dxtype":"varchar","keytitle":"流程脚本","kvalue":""},{"keymark":"PRIME","dxtype":"int","keytitle":"安装制作","kvalue":"0"},{"keymark":"RIP","dxtype":"varchar","keytitle":"远程IP","kvalue":""},{"keymark":"OPRT","dxtype":"chtml","keytitle":"操作","kvalue":"3.14"},{"keymark":"mainsqx","dxtype":"select","keytitle":"主序字段","kvalue":"SNO"},{"keymark":"tabcls","dxtype":"select","keytitle":"更新频率","kvalue":""},{"keymark":"sysid","dxtype":"select","keytitle":"系统ID","kvalue":"1"},{"keymark":"schm","dxtype":"varchar","keytitle":"数据库名","kvalue":"io_halo123_cn"},{"keymark":"createsql","dxtype":"code","keytitle":"创建代码","kvalue":"CREATE TABLE coode_elecode (SNO int(11) NOT NULL AUTO_INCREMENT,selemark varchar(50) NOT NULL,seletitle varchar(1024) NOT NULL,seletype varchar(50) NOT NULL,jsscode text NOT NULL,htmlcode text NOT NULL,eledescrib text NOT NULL,airtncode text NOT NULL,aitime datetime NOT NULL,widthx varchar(50) NOT NULL,heightx varchar(50) NOT NULL,shapex varchar(50) NOT NULL,colors varchar(50) NOT NULL,sizefixed tinyint(4) NOT NULL,isfloat tinyint(4) NOT NULL,PRIME int(11) NOT NULL,tags varchar(1024) NOT NULL,CRTOR varchar(255) NOT NULL,STATUS tinyint(4) NOT NULL,CRTM datetime NOT NULL,UPTM datetime NOT NULL,PTOF varchar(255) NOT NULL,OLMK varchar(255) NOT NULL,VRT varchar(255) NOT NULL,STCODE varchar(1024) NOT NULL,RIP varchar(255) NOT NULL,OPRT varchar(1024) NOT NULL,PRIMARY KEY (SNO),UNIQUE KEY olsmak (selemark) USING BTREE) ENGINE=MyISAM AUTO_INCREMENT=1 DEFAULT CHARSET=utf8;"},{"keymark":"issys","dxtype":"varchar","keytitle":"安装数据","kvalue":"0"},{"keymark":"keynames","dxtype":"varchar","keytitle":"全字段","kvalue":"selemark,seletitle,seletype,jsscode,htmlcode,eledescrib,airtncode,aitime,widthx,heightx,shapex,colors,sizefixed,isfloat,PRIME,tags,CRTOR,STATUS,CRTM,UPTM,PTOF,OLMK,VRT,STCODE,RIP,OPRT"},{"keymark":"keytpnms","dxtype":"varchar","keytitle":"字段类型","kvalue":"concat(↓↑↓,selemark,↓↑,↑↓,seletitle,↓↑,↑↓,seletype,↓↑,↑↓,jsscode,↓↑,↑↓,htmlcode,↓↑,↑↓,eledescrib,↓↑,↑↓,airtncode,↓↑,↑↓,aitime,↓↑,↑↓,widthx,↓↑,↑↓,heightx,↓↑,↑↓,shapex,↓↑,↑↓,colors,↓↑,↑↓,sizefixed,↓↑,↑↓,isfloat,↓↑,↑↓,PRIME,↓↑,↑↓,tags,↓↑,↑↓,CRTOR,↓↑,↑↓,STATUS,↓↑,↑↓,CRTM,↓↑,↑↓,UPTM,↓↑,↑↓,PTOF,↓↑,↑↓,OLMK,↓↑,↑↓,VRT,↓↑,↑↓,STCODE,↓↑,↑↓,RIP,↓↑,↑↓,OPRT,↓↑↓)"},{"keymark":"jsontpnms","dxtype":"varchar","keytitle":"json类型","kvalue":"concat(↓\"selemark∵↓,selemark,↓\",↓,↓\"seletitle∵↓,seletitle,↓\",↓,↓\"seletype∵↓,seletype,↓\",↓,↓\"jsscode∵↓,jsscode,↓\",↓,↓\"htmlcode∵↓,htmlcode,↓\",↓,↓\"eledescrib∵↓,eledescrib,↓\",↓,↓\"airtncode∵↓,airtncode,↓\",↓,↓\"aitime∵↓,aitime,↓\",↓,↓\"widthx∵↓,widthx,↓\",↓,↓\"heightx∵↓,heightx,↓\",↓,↓\"shapex∵↓,shapex,↓\",↓,↓\"colors∵↓,colors,↓\",↓,↓\"sizefixed∵↓,sizefixed,↓\",↓,↓\"isfloat∵↓,isfloat,↓\",↓,↓\"PRIME∵↓,PRIME,↓\",↓,↓\"tags∵↓,tags,↓\",↓,↓\"CRTOR∵↓,CRTOR,↓\",↓,↓\"STATUS∵↓,STATUS,↓\",↓,↓\"CRTM∵↓,CRTM,↓\",↓,↓\"UPTM∵↓,UPTM,↓\",↓,↓\"PTOF∵↓,PTOF,↓\",↓,↓\"OLMK∵↓,OLMK,↓\",↓,↓\"VRT∵↓,VRT,↓\",↓,↓\"STCODE∵↓,STCODE,↓\",↓,↓\"RIP∵↓,RIP,↓\",↓,↓\"OPRT∵↓,OPRT,↓\"↓)"},{"keymark":"srckey","dxtype":"select","keytitle":"资源字段","kvalue":""},{"keymark":"srcttk","dxtype":"select","keytitle":"资源标题","kvalue":""},{"keymark":"allkeys","dxtype":"varchar","keytitle":"全部","kvalue":"AI返回代码,AI时间,颜色,创建时刻,创建人,形态描述,高度,单元素代码,是否浮动,样式脚本,数据唯标,操作,主要标识,数据归属,创建IP,小元素标记,单元素标题,单元素类型,形状,是否固定,数据编号,AI获取,流程进展,标识,更改时刻,资源路径,宽度|airtncode,aitime,colors,CRTM,CRTOR,eledescrib,heightx,htmlcode,isfloat,jsscode,OLMK,OPRT,PRIME,PTOF,RIP,selemark,seletitle,seletype,shapex,sizefixed,SNO,STATUS,STCODE,tags,UPTM,VRT,widthx"},{"keymark":"contentkeys","dxtype":"varchar","keytitle":"内容字段","kvalue":"selemark,seletitle,seletype,jsscode,htmlcode,eledescrib,airtncode,aitime,widthx,heightx,shapex,colors,sizefixed,isfloat,tags"},{"keymark":"jsonconts","dxtype":"varchar","keytitle":"json内容","kvalue":"↓\"selemark∵↓,selemark,↓\",↓,↓\"seletitle∵↓,seletitle,↓\",↓,↓\"seletype∵↓,seletype,↓\",↓,↓\"jsscode∵↓,jsscode,↓\",↓,↓\"htmlcode∵↓,htmlcode,↓\",↓,↓\"eledescrib∵↓,eledescrib,↓\",↓,↓\"airtncode∵↓,airtncode,↓\",↓,↓\"aitime∵↓,aitime,↓\",↓,↓\"widthx∵↓,widthx,↓\",↓,↓\"heightx∵↓,heightx,↓\",↓,↓\"shapex∵↓,shapex,↓\",↓,↓\"colors∵↓,colors,↓\",↓,↓\"sizefixed∵↓,sizefixed,↓\",↓,↓\"isfloat∵↓,isfloat,↓\",↓,↓\"tags∵↓,tags,↓\",↓,↓\"tablename∵coode_elecode\"↓"},{"keymark":"imghead","dxtype":"select","keytitle":"图像","kvalue":""},{"keymark":"beforeview","dxtype":"longtext","keytitle":"浏览前执行","kvalue":""},{"keymark":"tabtype","dxtype":"select","keytitle":"表格类型","kvalue":""},{"keymark":"vermd5","dxtype":"varchar","keytitle":"版本号","kvalue":"8e3987f2dca9d198c4efb41ce6fa6f73"},{"keymark":"tabnick","dxtype":"select","keytitle":"简介字段","kvalue":""},{"keymark":"copyrightmark","dxtype":"varchar","keytitle":"版权标记","kvalue":""},{"keymark":"grpmark","dxtype":"select","keytitle":"表分组","kvalue":""},{"keymark":"subsqx","dxtype":"select","keytitle":"辅序字段","kvalue":""},{"keymark":"olmkkey","dxtype":"select","keytitle":"唯一标记字段","kvalue":"OLMK"},{"keymark":"keylens","dxtype":"int","keytitle":"字段长度","kvalue":"26"},{"keymark":"areakey","dxtype":"select","keytitle":"领域字段","kvalue":""},{"keymark":"md5key","dxtype":"select","keytitle":"数据版本字段","kvalue":"VRT"},{"keymark":"rescode","dxtype":"varchar","keytitle":"本身资源值","kvalue":"divlovecss/coode_elecode"},{"keymark":"worldmarks","dxtype":"varchar255","keytitle":"世界标记","kvalue":""},{"keymark":"restpcode","dxtype":"select","keytitle":"资源类型代码","kvalue":""},{"keymark":"resenword","dxtype":"varchar","keytitle":"资源英文单词","kvalue":""},{"keymark":"reschiword","dxtype":"varchar","keytitle":"资源中文单词","kvalue":""},{"keymark":"parreskey","dxtype":"select","keytitle":"父资源KEY","kvalue":""},{"keymark":"aitkey","dxtype":"select","keytitle":"人智标题","kvalue":""},{"keymark":"aivkey","dxtype":"select","keytitle":"人智值","kvalue":""}]}