{"status":"1","tabnm":"coode_tablist","tabtitle":"表格列表","tabsno":"1782","crtsql":"","allkeys":"人智标题,人智值,全部,领域字段,浏览前执行,内容字段,版权标记,创建代码,创建时刻,创建人,表分组,表单,信息创建者,图像,设置权限,安装数据,信息映射资源隶属世界,json内容,json类型,字段长度,全字段,字段类型,主序字段,数据版本字段,唯一标记,唯一标记字段,操作,父资源KEY,安装制作,子母级联,资源中文单词,本身资源值,资源英文单词,资源类型代码,远程IP,数据库名,长度类型,编号,资源字段,资源标题,流程状态,流程脚本,辅序字段,系统ID,更新频率,表名,简介字段,表标题,表格类型,更新时刻,版本号,母子级联,世界标记|aitkey,aivkey,allkeys,areakey,beforeview,contentkeys,copyrightmark,createsql,CRTM,CRTOR,grpmark,hasshort,ickey,imghead,ispmiss,issys,iwkey,jsonconts,jsontpnms,keylens,keynames,keytpnms,mainsqx,md5key,OLMK,olmkkey,OPRT,parreskey,PRIME,PTOF,reschiword,rescode,resenword,restpcode,RIP,schm,sizetype,SNO,srckey,srcttk,STATUS,STCODE,subsqx,sysid,tabcls,TABLE_NAME,tabnick,tabtitle,tabtype,UPTM,vermd5,VRT,worldmarks","parreskey":"","mainsqx":"SNO","srckey":"TABLE_NAME","srcttk":"tabtitle","rtype":"tabx","parcode":"","rcode":"coode_iconset","rtitle":"图标集合","ver":"20260129113948","vls":[{"keymark":"OLMK","dxtype":"varchar","keytitle":"唯一标记","kvalue":"a9d119ceafb9bdcc61a1e680022571"},{"keymark":"UPTM","dxtype":"datetime","keytitle":"更新时刻","kvalue":"2025-11-22 23:59:30"},{"keymark":"CRTM","dxtype":"datetime","keytitle":"创建时刻","kvalue":"2022-05-14 10:30:19"},{"keymark":"PTOF","dxtype":"select","keytitle":"子母级联","kvalue":""},{"keymark":"TABLE_NAME","dxtype":"varchar","keytitle":"表名","kvalue":"coode_iconset"},{"keymark":"tabtitle","dxtype":"varchar","keytitle":"表标题","kvalue":"图标集合"},{"keymark":"VRT","dxtype":"multiselect","keytitle":"母子级联","kvalue":"fe3beb2bbb0838b147c9b29918a7520a"},{"keymark":"CRTOR","dxtype":"varchar","keytitle":"创建人","kvalue":"hellowocao"},{"keymark":"ickey","dxtype":"varchar","keytitle":"信息创建者","kvalue":"CRTOR"},{"keymark":"iwkey","dxtype":"varchar","keytitle":"信息映射资源隶属世界","kvalue":"PTOF"},{"keymark":"ispmiss","dxtype":"varchar","keytitle":"设置权限","kvalue":"0"},{"keymark":"sizetype","dxtype":"select","keytitle":"长度类型","kvalue":""},{"keymark":"hasshort","dxtype":"varchar","keytitle":"表单","kvalue":"0"},{"keymark":"STATUS","dxtype":"varchar","keytitle":"流程状态","kvalue":"0"},{"keymark":"STCODE","dxtype":"varchar","keytitle":"流程脚本","kvalue":""},{"keymark":"PRIME","dxtype":"int","keytitle":"安装制作","kvalue":"0"},{"keymark":"RIP","dxtype":"varchar","keytitle":"远程IP","kvalue":""},{"keymark":"OPRT","dxtype":"chtml","keytitle":"操作","kvalue":"3.14"},{"keymark":"mainsqx","dxtype":"select","keytitle":"主序字段","kvalue":"SNO"},{"keymark":"tabcls","dxtype":"select","keytitle":"更新频率","kvalue":""},{"keymark":"sysid","dxtype":"select","keytitle":"系统ID","kvalue":"0"},{"keymark":"schm","dxtype":"varchar","keytitle":"数据库名","kvalue":"io_halo123_cn"},{"keymark":"createsql","dxtype":"code","keytitle":"创建代码","kvalue":"CREATE TABLE coode_iconset (SNO int(11) NOT NULL AUTO_INCREMENT,sysid varchar(50) NOT NULL,setarea varchar(50) NOT NULL,setmark varchar(30) NOT NULL,settitle varchar(100) NOT NULL,imgmark varchar(50) NOT NULL,imgtitle varchar(50) NOT NULL,imglabel varchar(1024) NOT NULL,imgtype varchar(30) NOT NULL,industry varchar(50) NOT NULL,width varchar(50) NOT NULL,height varchar(50) NOT NULL,colora varchar(50) NOT NULL,colorb varchar(50) NOT NULL,shapex varchar(50) NOT NULL,areatype varchar(50) NOT NULL,grppath varchar(255) NOT NULL,outpath varchar(1024) NOT NULL,outurl varchar(1024) NOT NULL,cloudurl varchar(1024) NOT NULL,imgcode longtext NOT NULL,CRTM datetime NOT NULL,CRTOR varchar(255) NOT NULL,mydescrib varchar(255) NOT NULL,vermd5 varchar(32) NOT NULL,PRIME int(11) NOT NULL,OLMK varchar(30) NOT NULL,PTOF varchar(30) NOT NULL,VRT varchar(255) NOT NULL,STATUS tinyint(4) NOT NULL,STCODE varchar(1024) NOT NULL,UPTM datetime NOT NULL,RIP varchar(255) NOT NULL,OPRT varchar(1024) NOT NULL,PRIMARY KEY (SNO)) ENGINE=MyISAM AUTO_INCREMENT=1 DEFAULT CHARSET=utf8;"},{"keymark":"issys","dxtype":"varchar","keytitle":"安装数据","kvalue":"0"},{"keymark":"keynames","dxtype":"varchar","keytitle":"全字段","kvalue":"sysid,setarea,setmark,settitle,imgmark,imgtitle,imglabel,imgtype,industry,width,height,colora,colorb,shapex,areatype,grppath,outpath,outurl,cloudurl,imgcode,CRTM,CRTOR,mydescrib,vermd5,PRIME,OLMK,PTOF,VRT,STATUS,STCODE,UPTM,RIP,OPRT"},{"keymark":"keytpnms","dxtype":"varchar","keytitle":"字段类型","kvalue":"concat(↓↑↓,sysid,↓↑,↑↓,setarea,↓↑,↑↓,setmark,↓↑,↑↓,settitle,↓↑,↑↓,imgmark,↓↑,↑↓,imgtitle,↓↑,↑↓,imglabel,↓↑,↑↓,imgtype,↓↑,↑↓,industry,↓↑,↑↓,width,↓↑,↑↓,height,↓↑,↑↓,colora,↓↑,↑↓,colorb,↓↑,↑↓,shapex,↓↑,↑↓,areatype,↓↑,↑↓,grppath,↓↑,↑↓,outpath,↓↑,↑↓,outurl,↓↑,↑↓,cloudurl,↓↑,↑↓,imgcode,↓↑,↑↓,CRTM,↓↑,↑↓,CRTOR,↓↑,↑↓,mydescrib,↓↑,↑↓,vermd5,↓↑,↑↓,PRIME,↓↑,↑↓,OLMK,↓↑,↑↓,PTOF,↓↑,↑↓,VRT,↓↑,↑↓,STATUS,↓↑,↑↓,STCODE,↓↑,↑↓,UPTM,↓↑,↑↓,RIP,↓↑,↑↓,OPRT,↓↑↓)"},{"keymark":"jsontpnms","dxtype":"varchar","keytitle":"json类型","kvalue":"concat(↓\"sysid∵↓,sysid,↓\",↓,↓\"setarea∵↓,setarea,↓\",↓,↓\"setmark∵↓,setmark,↓\",↓,↓\"settitle∵↓,settitle,↓\",↓,↓\"imgmark∵↓,imgmark,↓\",↓,↓\"imgtitle∵↓,imgtitle,↓\",↓,↓\"imglabel∵↓,imglabel,↓\",↓,↓\"imgtype∵↓,imgtype,↓\",↓,↓\"industry∵↓,industry,↓\",↓,↓\"width∵↓,width,↓\",↓,↓\"height∵↓,height,↓\",↓,↓\"colora∵↓,colora,↓\",↓,↓\"colorb∵↓,colorb,↓\",↓,↓\"shapex∵↓,shapex,↓\",↓,↓\"areatype∵↓,areatype,↓\",↓,↓\"grppath∵↓,grppath,↓\",↓,↓\"outpath∵↓,outpath,↓\",↓,↓\"outurl∵↓,outurl,↓\",↓,↓\"cloudurl∵↓,cloudurl,↓\",↓,↓\"imgcode∵↓,imgcode,↓\",↓,↓\"CRTM∵↓,CRTM,↓\",↓,↓\"CRTOR∵↓,CRTOR,↓\",↓,↓\"mydescrib∵↓,mydescrib,↓\",↓,↓\"vermd5∵↓,vermd5,↓\",↓,↓\"PRIME∵↓,PRIME,↓\",↓,↓\"OLMK∵↓,OLMK,↓\",↓,↓\"PTOF∵↓,PTOF,↓\",↓,↓\"VRT∵↓,VRT,↓\",↓,↓\"STATUS∵↓,STATUS,↓\",↓,↓\"STCODE∵↓,STCODE,↓\",↓,↓\"UPTM∵↓,UPTM,↓\",↓,↓\"RIP∵↓,RIP,↓\",↓,↓\"OPRT∵↓,OPRT,↓\"↓)"},{"keymark":"srckey","dxtype":"select","keytitle":"资源字段","kvalue":"setmark"},{"keymark":"srcttk","dxtype":"select","keytitle":"资源标题","kvalue":"settitle"},{"keymark":"allkeys","dxtype":"varchar","keytitle":"全部","kvalue":"域类型,云地址,色系,辅色,创建时刻,创建者,组存储地址,块高,图片编码,图片标签,图集类型,图片标题,图片类型,产业,我的描述,唯一标记,操作,输出地址,参考图片,是否升级,公司归属,远程IP,图片区域,图集标记,图集标题,形状,编号,流程状态,流程脚本,系统ID,更改时刻,版本号,职位,块宽|areatype,cloudurl,colora,colorb,CRTM,CRTOR,grppath,height,imgcode,imglabel,imgmark,imgtitle,imgtype,industry,mydescrib,OLMK,OPRT,outpath,outurl,PRIME,PTOF,RIP,setarea,setmark,settitle,shapex,SNO,STATUS,STCODE,sysid,UPTM,vermd5,VRT,width"},{"keymark":"contentkeys","dxtype":"varchar","keytitle":"内容字段","kvalue":"sysid,setarea,setmark,settitle,imgmark,imgtitle,imglabel,imgtype,industry,width,height,colora,colorb,shapex,areatype,grppath,outpath,outurl,cloudurl,imgcode,mydescrib,vermd5"},{"keymark":"jsonconts","dxtype":"varchar","keytitle":"json内容","kvalue":"↓\"sysid∵↓,sysid,↓\",↓,↓\"setarea∵↓,setarea,↓\",↓,↓\"setmark∵↓,setmark,↓\",↓,↓\"settitle∵↓,settitle,↓\",↓,↓\"imgmark∵↓,imgmark,↓\",↓,↓\"imgtitle∵↓,imgtitle,↓\",↓,↓\"imglabel∵↓,imglabel,↓\",↓,↓\"imgtype∵↓,imgtype,↓\",↓,↓\"industry∵↓,industry,↓\",↓,↓\"width∵↓,width,↓\",↓,↓\"height∵↓,height,↓\",↓,↓\"colora∵↓,colora,↓\",↓,↓\"colorb∵↓,colorb,↓\",↓,↓\"shapex∵↓,shapex,↓\",↓,↓\"areatype∵↓,areatype,↓\",↓,↓\"grppath∵↓,grppath,↓\",↓,↓\"outpath∵↓,outpath,↓\",↓,↓\"outurl∵↓,outurl,↓\",↓,↓\"cloudurl∵↓,cloudurl,↓\",↓,↓\"imgcode∵↓,imgcode,↓\",↓,↓\"mydescrib∵↓,mydescrib,↓\",↓,↓\"vermd5∵↓,vermd5,↓\",↓,↓\"tablename∵coode_iconset\"↓"},{"keymark":"imghead","dxtype":"select","keytitle":"图像","kvalue":""},{"keymark":"beforeview","dxtype":"longtext","keytitle":"浏览前执行","kvalue":""},{"keymark":"tabtype","dxtype":"select","keytitle":"表格类型","kvalue":""},{"keymark":"vermd5","dxtype":"varchar","keytitle":"版本号","kvalue":"8d8a3c2bb6c7867ac05da2617ae2b782"},{"keymark":"tabnick","dxtype":"select","keytitle":"简介字段","kvalue":""},{"keymark":"copyrightmark","dxtype":"varchar","keytitle":"版权标记","kvalue":""},{"keymark":"grpmark","dxtype":"select","keytitle":"表分组","kvalue":""},{"keymark":"subsqx","dxtype":"select","keytitle":"辅序字段","kvalue":""},{"keymark":"olmkkey","dxtype":"select","keytitle":"唯一标记字段","kvalue":"OLMK"},{"keymark":"keylens","dxtype":"int","keytitle":"字段长度","kvalue":"33"},{"keymark":"areakey","dxtype":"select","keytitle":"领域字段","kvalue":""},{"keymark":"md5key","dxtype":"select","keytitle":"数据版本字段","kvalue":"vermd5"},{"keymark":"rescode","dxtype":"varchar","keytitle":"本身资源值","kvalue":"divlovecss/coode_iconset"},{"keymark":"worldmarks","dxtype":"varchar255","keytitle":"世界标记","kvalue":""},{"keymark":"restpcode","dxtype":"select","keytitle":"资源类型代码","kvalue":""},{"keymark":"resenword","dxtype":"varchar","keytitle":"资源英文单词","kvalue":""},{"keymark":"reschiword","dxtype":"varchar","keytitle":"资源中文单词","kvalue":""},{"keymark":"parreskey","dxtype":"select","keytitle":"父资源KEY","kvalue":""},{"keymark":"aitkey","dxtype":"select","keytitle":"人智标题","kvalue":""},{"keymark":"aivkey","dxtype":"select","keytitle":"人智值","kvalue":""}]}