{"status":"1","tabnm":"coode_tablist","tabtitle":"表格列表","tabsno":"1053","crtsql":"","allkeys":"人智标题,人智值,全部,领域字段,浏览前执行,内容字段,版权标记,创建代码,创建时刻,创建人,表分组,表单,信息创建者,图像,设置权限,安装数据,信息映射资源隶属世界,json内容,json类型,字段长度,全字段,字段类型,主序字段,数据版本字段,唯一标记,唯一标记字段,操作,父资源KEY,安装制作,子母级联,资源中文单词,本身资源值,资源英文单词,资源类型代码,远程IP,数据库名,长度类型,编号,资源字段,资源标题,流程状态,流程脚本,辅序字段,系统ID,更新频率,表名,简介字段,表标题,表格类型,更新时刻,版本号,母子级联,世界标记|aitkey,aivkey,allkeys,areakey,beforeview,contentkeys,copyrightmark,createsql,CRTM,CRTOR,grpmark,hasshort,ickey,imghead,ispmiss,issys,iwkey,jsonconts,jsontpnms,keylens,keynames,keytpnms,mainsqx,md5key,OLMK,olmkkey,OPRT,parreskey,PRIME,PTOF,reschiword,rescode,resenword,restpcode,RIP,schm,sizetype,SNO,srckey,srcttk,STATUS,STCODE,subsqx,sysid,tabcls,TABLE_NAME,tabnick,tabtitle,tabtype,UPTM,vermd5,VRT,worldmarks","parreskey":"","mainsqx":"SNO","srckey":"TABLE_NAME","srcttk":"tabtitle","rtype":"tabx","parcode":"","rcode":"coode_facelist","rtitle":"素材单元列表","ver":"20260129120220","vls":[{"keymark":"OLMK","dxtype":"varchar","keytitle":"唯一标记","kvalue":"1bf128cecc4da37920d823b07fe8f0"},{"keymark":"UPTM","dxtype":"datetime","keytitle":"更新时刻","kvalue":"2026-01-20 14:10:21"},{"keymark":"CRTM","dxtype":"datetime","keytitle":"创建时刻","kvalue":"2020-11-18 22:00:51"},{"keymark":"PTOF","dxtype":"select","keytitle":"子母级联","kvalue":""},{"keymark":"TABLE_NAME","dxtype":"varchar","keytitle":"表名","kvalue":"coode_facelist"},{"keymark":"tabtitle","dxtype":"varchar","keytitle":"表标题","kvalue":"素材单元列表"},{"keymark":"VRT","dxtype":"multiselect","keytitle":"母子级联","kvalue":"409901b12aaffddb140525f34723a644"},{"keymark":"CRTOR","dxtype":"varchar","keytitle":"创建人","kvalue":"hellowocao"},{"keymark":"ickey","dxtype":"varchar","keytitle":"信息创建者","kvalue":"CRTOR"},{"keymark":"iwkey","dxtype":"varchar","keytitle":"信息映射资源隶属世界","kvalue":"PTOF"},{"keymark":"ispmiss","dxtype":"varchar","keytitle":"设置权限","kvalue":"0"},{"keymark":"sizetype","dxtype":"select","keytitle":"长度类型","kvalue":""},{"keymark":"hasshort","dxtype":"varchar","keytitle":"表单","kvalue":"1"},{"keymark":"STATUS","dxtype":"varchar","keytitle":"流程状态","kvalue":"1"},{"keymark":"STCODE","dxtype":"varchar","keytitle":"流程脚本","kvalue":""},{"keymark":"PRIME","dxtype":"int","keytitle":"安装制作","kvalue":"1"},{"keymark":"RIP","dxtype":"varchar","keytitle":"远程IP","kvalue":""},{"keymark":"OPRT","dxtype":"chtml","keytitle":"操作","kvalue":"3.14"},{"keymark":"mainsqx","dxtype":"select","keytitle":"主序字段","kvalue":"SNO"},{"keymark":"tabcls","dxtype":"select","keytitle":"更新频率","kvalue":""},{"keymark":"sysid","dxtype":"select","keytitle":"系统ID","kvalue":"1"},{"keymark":"schm","dxtype":"varchar","keytitle":"数据库名","kvalue":"io_halo123_cn"},{"keymark":"createsql","dxtype":"code","keytitle":"创建代码","kvalue":"CREATE TABLE coode_facelist (SNO int(11) NOT NULL AUTO_INCREMENT,faceid varchar(50) NOT NULL,sysid varchar(50) NOT NULL,facetype varchar(50) NOT NULL,facecolor varchar(50) NOT NULL,faceimg varchar(1024) NOT NULL,faceurl varchar(255) NOT NULL,facetitle varchar(255) NOT NULL,facedescribe varchar(1024) NOT NULL,filepath varchar(1024) NOT NULL,vermd5 varchar(32) NOT NULL,csshost varchar(1024) NOT NULL,CRTM datetime NOT NULL,CRTOR varchar(255) NOT NULL,OLMK varchar(255) NOT NULL,PRIME int(11) NOT NULL,PTOF varchar(255) NOT NULL,RIP varchar(255) NOT NULL,STATUS tinyint(4) NOT NULL,STCODE varchar(1024) NOT NULL,UPTM datetime NOT NULL,VRT varchar(255) NOT NULL,linkfuns varchar(1024) NOT NULL,linkclss varchar(1024) NOT NULL,OPRT varchar(1024) NOT NULL,PRIMARY KEY (SNO),UNIQUE KEY fid (faceid) USING BTREE) ENGINE=MyISAM AUTO_INCREMENT=1 DEFAULT CHARSET=utf8;"},{"keymark":"issys","dxtype":"varchar","keytitle":"安装数据","kvalue":"0"},{"keymark":"keynames","dxtype":"varchar","keytitle":"全字段","kvalue":"faceid,sysid,facetype,facecolor,faceimg,faceurl,facetitle,facedescribe,filepath,vermd5,csshost,CRTM,CRTOR,OLMK,PRIME,PTOF,RIP,STATUS,STCODE,UPTM,VRT,linkfuns,linkclss,OPRT"},{"keymark":"keytpnms","dxtype":"varchar","keytitle":"字段类型","kvalue":"concat(↓↑↓,faceid,↓↑,↑↓,sysid,↓↑,↑↓,facetype,↓↑,↑↓,facecolor,↓↑,↑↓,faceimg,↓↑,↑↓,faceurl,↓↑,↑↓,facetitle,↓↑,↑↓,facedescribe,↓↑,↑↓,filepath,↓↑,↑↓,vermd5,↓↑,↑↓,csshost,↓↑,↑↓,CRTM,↓↑,↑↓,CRTOR,↓↑,↑↓,OLMK,↓↑,↑↓,PRIME,↓↑,↑↓,PTOF,↓↑,↑↓,RIP,↓↑,↑↓,STATUS,↓↑,↑↓,STCODE,↓↑,↑↓,UPTM,↓↑,↑↓,VRT,↓↑,↑↓,linkfuns,↓↑,↑↓,linkclss,↓↑,↑↓,OPRT,↓↑↓)"},{"keymark":"jsontpnms","dxtype":"varchar","keytitle":"json类型","kvalue":"concat(↓\"faceid∵↓,faceid,↓\",↓,↓\"sysid∵↓,sysid,↓\",↓,↓\"facetype∵↓,facetype,↓\",↓,↓\"facecolor∵↓,facecolor,↓\",↓,↓\"faceimg∵↓,faceimg,↓\",↓,↓\"faceurl∵↓,faceurl,↓\",↓,↓\"facetitle∵↓,facetitle,↓\",↓,↓\"facedescribe∵↓,facedescribe,↓\",↓,↓\"filepath∵↓,filepath,↓\",↓,↓\"vermd5∵↓,vermd5,↓\",↓,↓\"csshost∵↓,csshost,↓\",↓,↓\"CRTM∵↓,CRTM,↓\",↓,↓\"CRTOR∵↓,CRTOR,↓\",↓,↓\"OLMK∵↓,OLMK,↓\",↓,↓\"PRIME∵↓,PRIME,↓\",↓,↓\"PTOF∵↓,PTOF,↓\",↓,↓\"RIP∵↓,RIP,↓\",↓,↓\"STATUS∵↓,STATUS,↓\",↓,↓\"STCODE∵↓,STCODE,↓\",↓,↓\"UPTM∵↓,UPTM,↓\",↓,↓\"VRT∵↓,VRT,↓\",↓,↓\"linkfuns∵↓,linkfuns,↓\",↓,↓\"linkclss∵↓,linkclss,↓\",↓,↓\"OPRT∵↓,OPRT,↓\"↓)"},{"keymark":"srckey","dxtype":"select","keytitle":"资源字段","kvalue":"faceid"},{"keymark":"srcttk","dxtype":"select","keytitle":"资源标题","kvalue":"facetitle"},{"keymark":"allkeys","dxtype":"varchar","keytitle":"全部","kvalue":"创建时刻,创建者,来源,素材颜色系,素材描述,样式编码,封面图片,样式标题,素材类型,素材地址,文件路径,关联类,关联函数,唯一标记,操作,引用次数,归属,远程IP,编号,流程状态,缩略图,系统ID,更改时刻,版本号,流程编码|CRTM,CRTOR,csshost,facecolor,facedescribe,faceid,faceimg,facetitle,facetype,faceurl,filepath,linkclss,linkfuns,OLMK,OPRT,PRIME,PTOF,RIP,SNO,STATUS,STCODE,sysid,UPTM,vermd5,VRT"},{"keymark":"contentkeys","dxtype":"varchar","keytitle":"内容字段","kvalue":"faceid,sysid,facetype,facecolor,faceimg,faceurl,facetitle,facedescribe,filepath,vermd5,csshost,linkfuns,linkclss"},{"keymark":"jsonconts","dxtype":"varchar","keytitle":"json内容","kvalue":"↓\"faceid∵↓,faceid,↓\",↓,↓\"sysid∵↓,sysid,↓\",↓,↓\"facetype∵↓,facetype,↓\",↓,↓\"facecolor∵↓,facecolor,↓\",↓,↓\"faceimg∵↓,faceimg,↓\",↓,↓\"faceurl∵↓,faceurl,↓\",↓,↓\"facetitle∵↓,facetitle,↓\",↓,↓\"facedescribe∵↓,facedescribe,↓\",↓,↓\"filepath∵↓,filepath,↓\",↓,↓\"vermd5∵↓,vermd5,↓\",↓,↓\"csshost∵↓,csshost,↓\",↓,↓\"linkfuns∵↓,linkfuns,↓\",↓,↓\"linkclss∵↓,linkclss,↓\",↓,↓\"tablename∵coode_facelist\"↓"},{"keymark":"imghead","dxtype":"select","keytitle":"图像","kvalue":""},{"keymark":"beforeview","dxtype":"longtext","keytitle":"浏览前执行","kvalue":""},{"keymark":"tabtype","dxtype":"select","keytitle":"表格类型","kvalue":""},{"keymark":"vermd5","dxtype":"varchar","keytitle":"版本号","kvalue":"21fd90fa922ad0f78dc583362a74e8f9"},{"keymark":"tabnick","dxtype":"select","keytitle":"简介字段","kvalue":""},{"keymark":"copyrightmark","dxtype":"varchar","keytitle":"版权标记","kvalue":""},{"keymark":"grpmark","dxtype":"select","keytitle":"表分组","kvalue":""},{"keymark":"subsqx","dxtype":"select","keytitle":"辅序字段","kvalue":""},{"keymark":"olmkkey","dxtype":"select","keytitle":"唯一标记字段","kvalue":"OLMK"},{"keymark":"keylens","dxtype":"int","keytitle":"字段长度","kvalue":"24"},{"keymark":"areakey","dxtype":"select","keytitle":"领域字段","kvalue":""},{"keymark":"md5key","dxtype":"select","keytitle":"数据版本字段","kvalue":"VRT"},{"keymark":"rescode","dxtype":"varchar","keytitle":"本身资源值","kvalue":"qianjilian/coode_facelist"},{"keymark":"worldmarks","dxtype":"varchar255","keytitle":"世界标记","kvalue":""},{"keymark":"restpcode","dxtype":"select","keytitle":"资源类型代码","kvalue":""},{"keymark":"resenword","dxtype":"varchar","keytitle":"资源英文单词","kvalue":""},{"keymark":"reschiword","dxtype":"varchar","keytitle":"资源中文单词","kvalue":""},{"keymark":"parreskey","dxtype":"select","keytitle":"父资源KEY","kvalue":""},{"keymark":"aitkey","dxtype":"select","keytitle":"人智标题","kvalue":""},{"keymark":"aivkey","dxtype":"select","keytitle":"人智值","kvalue":""}]}