{"status":"1","rtype":"formx","rcode":"mcdLgh","rtitle":"小分块代码选择","ver":"208249ea1b050a2bfedc9fec6ebfb274","vls":[{"restype":"jsondata","rescode":"mcdLgh_basedata","resmd5":"ae400f317e47e0c59d676f16c52710c3","restitle":"小分块代码选择","resurl":"http://hellowocao.com/localxres/datax/coode_shortdata/data/1515.json"},{"restype":"jsondata","rescode":"mcdLgh_cssdata","resmd5":"1cd61b5f4082e22cd220fd41549ad2bb","restitle":"小分块代码选择","resurl":"http://hellowocao.com/localxres/datax/coode_shortcss/data/.json"},{"restype":"jsondata","rescode":"eclass_extdata","resmd5":"08182a0406ff1c40414c7903fd4b5a0b","restitle":"编号","resurl":"http://hellowocao.com/localxres/datax/coode_keydetaily/data/31897.json"},{"restype":"jsondata","rescode":"estyle_extdata","resmd5":"f7de0472788c80e13f939fb9c8dc5be2","restitle":"编号","resurl":"http://hellowocao.com/localxres/datax/coode_keydetaily/data/31898.json"},{"restype":"jsondata","rescode":"SNO_extdata","resmd5":"64619278701662f3cf5391c568951a63","restitle":"编号","resurl":"http://hellowocao.com/localxres/datax/coode_keydetaily/data/31899.json"},{"restype":"jsondata","rescode":"ehcode_extdata","resmd5":"9c87c54e5abd5aeaa0453b33ff9d4460","restitle":"编号","resurl":"http://hellowocao.com/localxres/datax/coode_keydetaily/data/31900.json"},{"restype":"jsondata","rescode":"divufrmid_extdata","resmd5":"c40e5ffea711a75f5fb9519cdb3db9c8","restitle":"编号","resurl":"http://hellowocao.com/localxres/datax/coode_keydetaily/data/31901.json"},{"restype":"jsondata","rescode":"myid_extdata","resmd5":"51ef28eaf07e14fc3e00b131a794e972","restitle":"本id","resurl":"http://hellowocao.com/localxres/datax/coode_keydetaily/data/31902.json"},{"restype":"jsondata","rescode":"parid_extdata","resmd5":"fd4c236bcd8f819c6b7ce105c37fb553","restitle":"父id","resurl":"http://hellowocao.com/localxres/datax/coode_keydetaily/data/31903.json"},{"restype":"jsondata","rescode":"dmark_extdata","resmd5":"563930a95f1f7142ebddf42706d9bf12","restitle":"编号","resurl":"http://hellowocao.com/localxres/datax/coode_keydetaily/data/31904.json"},{"restype":"jsondata","rescode":"dtitle_extdata","resmd5":"13b619ee483af77ecce6a84eca8bac4f","restitle":"编号","resurl":"http://hellowocao.com/localxres/datax/coode_keydetaily/data/31905.json"},{"restype":"jsondata","rescode":"ddmark_extdata","resmd5":"e9691d7913a0dfcdfcc7c7bad6f960b3","restitle":"编号","resurl":"http://hellowocao.com/localxres/datax/coode_keydetaily/data/31906.json"},{"restype":"jsondata","rescode":"divtype_extdata","resmd5":"7e8ae98cf35128c9650868887165f9d0","restitle":"编号","resurl":"http://hellowocao.com/localxres/datax/coode_keydetaily/data/31907.json"},{"restype":"jsondata","rescode":"scriptx_extdata","resmd5":"d1051b7154b9efa9a740fa00755a8d0f","restitle":"JS脚本","resurl":"http://hellowocao.com/localxres/datax/coode_keydetaily/data/31908.json"},{"restype":"jsondata","rescode":"stylex_extdata","resmd5":"b1eb42c6dc03a871e484f8eed081c6b1","restitle":"样式描述","resurl":"http://hellowocao.com/localxres/datax/coode_keydetaily/data/31909.json"},{"restype":"jsondata","rescode":"htmlcode_extdata","resmd5":"2ba90ee666d92cfd7a34560fc81571aa","restitle":"编号","resurl":"http://hellowocao.com/localxres/datax/coode_keydetaily/data/31910.json"},{"restype":"jsondata","rescode":"OPRT_extdata","resmd5":"4e2fbb1ad3f3fb530e6afda0e8d7af18","restitle":"操作","resurl":"http://hellowocao.com/localxres/datax/coode_keydetaily/data/31911.json"}]}