{"status":"1","tabnm":"coode_tablist","tabtitle":"表格列表","tabsno":"2341","crtsql":"","allkeys":"人智标题,人智值,全部,领域字段,浏览前执行,内容字段,版权标记,创建代码,创建时刻,创建人,表分组,表单,信息创建者,图像,设置权限,安装数据,信息映射资源隶属世界,json内容,json类型,字段长度,全字段,字段类型,主序字段,数据版本字段,唯一标记,唯一标记字段,操作,父资源KEY,安装制作,子母级联,资源中文单词,本身资源值,资源英文单词,资源类型代码,远程IP,数据库名,长度类型,编号,资源字段,资源标题,流程状态,流程脚本,辅序字段,系统ID,更新频率,表名,简介字段,表标题,表格类型,更新时刻,版本号,母子级联,世界标记|aitkey,aivkey,allkeys,areakey,beforeview,contentkeys,copyrightmark,createsql,CRTM,CRTOR,grpmark,hasshort,ickey,imghead,ispmiss,issys,iwkey,jsonconts,jsontpnms,keylens,keynames,keytpnms,mainsqx,md5key,OLMK,olmkkey,OPRT,parreskey,PRIME,PTOF,reschiword,rescode,resenword,restpcode,RIP,schm,sizetype,SNO,srckey,srcttk,STATUS,STCODE,subsqx,sysid,tabcls,TABLE_NAME,tabnick,tabtitle,tabtype,UPTM,vermd5,VRT,worldmarks","parreskey":"","mainsqx":"SNO","srckey":"TABLE_NAME","srcttk":"tabtitle","rtype":"tabx","parcode":"","rcode":"coode_temploveform","rtitle":"coode_temploveform","ver":"20260129114220","vls":[{"keymark":"OLMK","dxtype":"varchar","keytitle":"唯一标记","kvalue":"DDF4EBD2-374E-25CD-DF73-31C1ED"},{"keymark":"UPTM","dxtype":"datetime","keytitle":"更新时刻","kvalue":"2024-08-19 23:05:52"},{"keymark":"CRTM","dxtype":"datetime","keytitle":"创建时刻","kvalue":"2024-08-19 16:46:21"},{"keymark":"PTOF","dxtype":"select","keytitle":"子母级联","kvalue":""},{"keymark":"TABLE_NAME","dxtype":"varchar","keytitle":"表名","kvalue":"coode_temploveform"},{"keymark":"tabtitle","dxtype":"varchar","keytitle":"表标题","kvalue":"coode_temploveform"},{"keymark":"VRT","dxtype":"multiselect","keytitle":"母子级联","kvalue":""},{"keymark":"CRTOR","dxtype":"varchar","keytitle":"创建人","kvalue":"hellowocao"},{"keymark":"ickey","dxtype":"varchar","keytitle":"信息创建者","kvalue":"CRTOR"},{"keymark":"iwkey","dxtype":"varchar","keytitle":"信息映射资源隶属世界","kvalue":"PTOF"},{"keymark":"ispmiss","dxtype":"varchar","keytitle":"设置权限","kvalue":"0"},{"keymark":"sizetype","dxtype":"select","keytitle":"长度类型","kvalue":""},{"keymark":"hasshort","dxtype":"varchar","keytitle":"表单","kvalue":"0"},{"keymark":"STATUS","dxtype":"varchar","keytitle":"流程状态","kvalue":"0"},{"keymark":"STCODE","dxtype":"varchar","keytitle":"流程脚本","kvalue":""},{"keymark":"PRIME","dxtype":"int","keytitle":"安装制作","kvalue":"1"},{"keymark":"RIP","dxtype":"varchar","keytitle":"远程IP","kvalue":""},{"keymark":"OPRT","dxtype":"chtml","keytitle":"操作","kvalue":"3.14"},{"keymark":"mainsqx","dxtype":"select","keytitle":"主序字段","kvalue":"SNO"},{"keymark":"tabcls","dxtype":"select","keytitle":"更新频率","kvalue":""},{"keymark":"sysid","dxtype":"select","keytitle":"系统ID","kvalue":"0"},{"keymark":"schm","dxtype":"varchar","keytitle":"数据库名","kvalue":"io_halo123_cn"},{"keymark":"createsql","dxtype":"code","keytitle":"创建代码","kvalue":"CREATE TABLE coode_temploveform (SNO int(11) NOT NULL AUTO_INCREMENT,tfcode varchar(30) NOT NULL,tftitle varchar(30) NOT NULL,dumark varchar(100) NOT NULL,tabname varchar(50) NOT NULL,formid varchar(100) NOT NULL,layfile varchar(1024) NOT NULL,allkeys text NOT NULL,jsfilex text NOT NULL,cssfilex text NOT NULL,scriptx text NOT NULL,srdfunx text NOT NULL,STATUS tinyint(4) NOT NULL,CRTM datetime NOT NULL,UPTM datetime NOT NULL,CRTOR varchar(100) NOT NULL,sysid varchar(50) NOT NULL,enabled tinyint(4) NOT NULL,wrdid varchar(100) NOT NULL,scvid varchar(50) NOT NULL,PTOF varchar(50) NOT NULL,OLMK varchar(255) NOT NULL,VRT varchar(255) NOT NULL,STCODE varchar(1024) NOT NULL,PRIME int(11) NOT NULL,RIP varchar(255) NOT NULL,OPRT varchar(1024) NOT NULL,PRIMARY KEY (SNO)) ENGINE=MyISAM AUTO_INCREMENT=1 DEFAULT CHARSET=utf8;"},{"keymark":"issys","dxtype":"varchar","keytitle":"安装数据","kvalue":"0"},{"keymark":"keynames","dxtype":"varchar","keytitle":"全字段","kvalue":"tfcode,tftitle,dumark,tabname,formid,layfile,allkeys,jsfilex,cssfilex,scriptx,srdfunx,STATUS,CRTM,UPTM,CRTOR,sysid,enabled,wrdid,scvid,PTOF,OLMK,VRT,STCODE,PRIME,RIP,OPRT"},{"keymark":"keytpnms","dxtype":"varchar","keytitle":"字段类型","kvalue":"concat(↓↑↓,tfcode,↓↑,↑↓,tftitle,↓↑,↑↓,dumark,↓↑,↑↓,tabname,↓↑,↑↓,formid,↓↑,↑↓,layfile,↓↑,↑↓,allkeys,↓↑,↑↓,jsfilex,↓↑,↑↓,cssfilex,↓↑,↑↓,scriptx,↓↑,↑↓,srdfunx,↓↑,↑↓,STATUS,↓↑,↑↓,CRTM,↓↑,↑↓,UPTM,↓↑,↑↓,CRTOR,↓↑,↑↓,sysid,↓↑,↑↓,enabled,↓↑,↑↓,wrdid,↓↑,↑↓,scvid,↓↑,↑↓,PTOF,↓↑,↑↓,OLMK,↓↑,↑↓,VRT,↓↑,↑↓,STCODE,↓↑,↑↓,PRIME,↓↑,↑↓,RIP,↓↑,↑↓,OPRT,↓↑↓)"},{"keymark":"jsontpnms","dxtype":"varchar","keytitle":"json类型","kvalue":"concat(↓\"tfcode∵↓,tfcode,↓\",↓,↓\"tftitle∵↓,tftitle,↓\",↓,↓\"dumark∵↓,dumark,↓\",↓,↓\"tabname∵↓,tabname,↓\",↓,↓\"formid∵↓,formid,↓\",↓,↓\"layfile∵↓,layfile,↓\",↓,↓\"allkeys∵↓,allkeys,↓\",↓,↓\"jsfilex∵↓,jsfilex,↓\",↓,↓\"cssfilex∵↓,cssfilex,↓\",↓,↓\"scriptx∵↓,scriptx,↓\",↓,↓\"srdfunx∵↓,srdfunx,↓\",↓,↓\"STATUS∵↓,STATUS,↓\",↓,↓\"CRTM∵↓,CRTM,↓\",↓,↓\"UPTM∵↓,UPTM,↓\",↓,↓\"CRTOR∵↓,CRTOR,↓\",↓,↓\"sysid∵↓,sysid,↓\",↓,↓\"enabled∵↓,enabled,↓\",↓,↓\"wrdid∵↓,wrdid,↓\",↓,↓\"scvid∵↓,scvid,↓\",↓,↓\"PTOF∵↓,PTOF,↓\",↓,↓\"OLMK∵↓,OLMK,↓\",↓,↓\"VRT∵↓,VRT,↓\",↓,↓\"STCODE∵↓,STCODE,↓\",↓,↓\"PRIME∵↓,PRIME,↓\",↓,↓\"RIP∵↓,RIP,↓\",↓,↓\"OPRT∵↓,OPRT,↓\"↓)"},{"keymark":"srckey","dxtype":"select","keytitle":"资源字段","kvalue":"tfcode"},{"keymark":"srcttk","dxtype":"select","keytitle":"资源标题","kvalue":"tftitle"},{"keymark":"allkeys","dxtype":"varchar","keytitle":"全部","kvalue":"全部,创建时刻,创建者,依赖CSS文件,模板标记,可用,表单ID,依赖JS文件,输出地址,唯一标记,操作,素数定类,归属,远程IP,JS脚本,实例id,编号,周围代码方法,流程状态,流程脚本,系统ID,表格名称,模板表单代码,模板表单标题,更改时刻,流程编码,世界ID|allkeys,CRTM,CRTOR,cssfilex,dumark,enabled,formid,jsfilex,layfile,OLMK,OPRT,PRIME,PTOF,RIP,scriptx,scvid,SNO,srdfunx,STATUS,STCODE,sysid,tabname,tfcode,tftitle,UPTM,VRT,wrdid"},{"keymark":"contentkeys","dxtype":"varchar","keytitle":"内容字段","kvalue":"tfcode,tftitle,dumark,tabname,formid,layfile,allkeys,jsfilex,cssfilex,scriptx,srdfunx,sysid,enabled,wrdid,scvid"},{"keymark":"jsonconts","dxtype":"varchar","keytitle":"json内容","kvalue":"↓\"tfcode∵↓,tfcode,↓\",↓,↓\"tftitle∵↓,tftitle,↓\",↓,↓\"dumark∵↓,dumark,↓\",↓,↓\"tabname∵↓,tabname,↓\",↓,↓\"formid∵↓,formid,↓\",↓,↓\"layfile∵↓,layfile,↓\",↓,↓\"allkeys∵↓,allkeys,↓\",↓,↓\"jsfilex∵↓,jsfilex,↓\",↓,↓\"cssfilex∵↓,cssfilex,↓\",↓,↓\"scriptx∵↓,scriptx,↓\",↓,↓\"srdfunx∵↓,srdfunx,↓\",↓,↓\"sysid∵↓,sysid,↓\",↓,↓\"enabled∵↓,enabled,↓\",↓,↓\"wrdid∵↓,wrdid,↓\",↓,↓\"scvid∵↓,scvid,↓\",↓,↓\"tablename∵coode_temploveform\"↓"},{"keymark":"imghead","dxtype":"select","keytitle":"图像","kvalue":""},{"keymark":"beforeview","dxtype":"longtext","keytitle":"浏览前执行","kvalue":""},{"keymark":"tabtype","dxtype":"select","keytitle":"表格类型","kvalue":"1"},{"keymark":"vermd5","dxtype":"varchar","keytitle":"版本号","kvalue":"7e038fdf063d287be5b75f9dcb77c49b"},{"keymark":"tabnick","dxtype":"select","keytitle":"简介字段","kvalue":""},{"keymark":"copyrightmark","dxtype":"varchar","keytitle":"版权标记","kvalue":""},{"keymark":"grpmark","dxtype":"select","keytitle":"表分组","kvalue":""},{"keymark":"subsqx","dxtype":"select","keytitle":"辅序字段","kvalue":""},{"keymark":"olmkkey","dxtype":"select","keytitle":"唯一标记字段","kvalue":"OLMK"},{"keymark":"keylens","dxtype":"int","keytitle":"字段长度","kvalue":"26"},{"keymark":"areakey","dxtype":"select","keytitle":"领域字段","kvalue":""},{"keymark":"md5key","dxtype":"select","keytitle":"数据版本字段","kvalue":"VRT"},{"keymark":"rescode","dxtype":"varchar","keytitle":"本身资源值","kvalue":"io_halo123_cn/coode_temploveform"},{"keymark":"worldmarks","dxtype":"varchar255","keytitle":"世界标记","kvalue":""},{"keymark":"restpcode","dxtype":"select","keytitle":"资源类型代码","kvalue":""},{"keymark":"resenword","dxtype":"varchar","keytitle":"资源英文单词","kvalue":""},{"keymark":"reschiword","dxtype":"varchar","keytitle":"资源中文单词","kvalue":""},{"keymark":"parreskey","dxtype":"select","keytitle":"父资源KEY","kvalue":""},{"keymark":"aitkey","dxtype":"select","keytitle":"人智标题","kvalue":""},{"keymark":"aivkey","dxtype":"select","keytitle":"人智值","kvalue":""}]}