{"status":"1","tabnm":"coode_grpclass","tabtitle":"组与类","tabsno":"19645","crtsql":"CREATE TABLE coode_grpclass (SNO int(11) NOT NULL AUTO_INCREMENT,clsmark varchar(50) NOT NULL,clsdescrib varchar(1024) NOT NULL,imghead varchar(1024) NOT NULL,area varchar(100) NOT NULL,domain varchar(100) NOT NULL,grpid varchar(50) NOT NULL,keyid varchar(50) NOT NULL,sysid varchar(50) NOT NULL,scvid varchar(50) NOT NULL,keyval varchar(1024) NOT NULL,compid varchar(50) NOT NULL,groupid varchar(100) NOT NULL,clientid varchar(50) NOT NULL,totsrc int(11) NOT NULL,finsrcd int(11) NOT NULL,repsrc int(11) NOT NULL,OLMK varchar(255) NOT NULL,CRTOR varchar(255) NOT NULL,PTOF varchar(255) NOT NULL,VRT varchar(255) NOT NULL,STATUS tinyint(4) NOT NULL,STCODE varchar(1024) NOT NULL,PRIME int(11) NOT NULL,CRTM datetime NOT NULL,UPTM datetime NOT NULL,RIP varchar(255) NOT NULL,OPRT varchar(1024) NOT NULL,PRIMARY KEY (SNO),UNIQUE KEY supermark (sysid,grpid,keyid,clientid,compid) USING BTREE) ENGINE=MyISAM AUTO_INCREMENT=1 DEFAULT CHARSET=utf8;","allkeys":"区,用户ID,分类描述,分类标记,机构id,创建时刻,创建者,域,已就绪资源数,部门ID,群组ID,图像,类键,键值,唯一标记,操作,更新,归属,维护中资源数,远程IP,实例id,编号,流程状态,流程脚本,系统ID,总资源数,更改时刻,流程编码|area,clientid,clsdescrib,clsmark,compid,CRTM,CRTOR,domain,finsrcd,groupid,grpid,imghead,keyid,keyval,OLMK,OPRT,PRIME,PTOF,repsrc,RIP,scvid,SNO,STATUS,STCODE,sysid,totsrc,UPTM,VRT","parreskey":"clsmark","mainsqx":"SNO","srckey":"keyid","srcttk":"keyval","rtype":"groupx","parcode":"","rcode":"lPDwqa","rtitle":"商品列表","ver":"20260129120820","vls":[{"keymark":"clsmark","dxtype":"varchar","keytitle":"分类标记","kvalue":"mit3vt"},{"keymark":"clsdescrib","dxtype":"varchar","keytitle":"分类描述","kvalue":""},{"keymark":"imghead","dxtype":"varchar","keytitle":"图像","kvalue":""},{"keymark":"area","dxtype":"varchar","keytitle":"区","kvalue":""},{"keymark":"domain","dxtype":"varchar","keytitle":"域","kvalue":""},{"keymark":"grpid","dxtype":"varchar","keytitle":"群组ID","kvalue":""},{"keymark":"keyid","dxtype":"varchar","keytitle":"类键","kvalue":"lPDwqa"},{"keymark":"sysid","dxtype":"varchar","keytitle":"系统ID","kvalue":""},{"keymark":"scvid","dxtype":"varchar","keytitle":"实例id","kvalue":""},{"keymark":"keyval","dxtype":"varchar","keytitle":"键值","kvalue":"商品列表"},{"keymark":"compid","dxtype":"varchar","keytitle":"机构id","kvalue":""},{"keymark":"groupid","dxtype":"varchar","keytitle":"部门ID","kvalue":""},{"keymark":"clientid","dxtype":"varchar","keytitle":"用户ID","kvalue":""},{"keymark":"totsrc","dxtype":"int","keytitle":"总资源数","kvalue":"0"},{"keymark":"finsrcd","dxtype":"int","keytitle":"已就绪资源数","kvalue":"0"},{"keymark":"repsrc","dxtype":"int","keytitle":"维护中资源数","kvalue":"0"},{"keymark":"OLMK","dxtype":"varchar","keytitle":"唯一标记","kvalue":"DaFmbSNYmL"},{"keymark":"CRTOR","dxtype":"varchar","keytitle":"创建者","kvalue":"18841880246"},{"keymark":"PTOF","dxtype":"varchar","keytitle":"归属","kvalue":""},{"keymark":"VRT","dxtype":"varchar","keytitle":"流程编码","kvalue":"ace1f5bdf2eecdf5af292c6ce7636eac"},{"keymark":"STATUS","dxtype":"tinyint","keytitle":"流程状态","kvalue":"0"},{"keymark":"STCODE","dxtype":"varchar","keytitle":"流程脚本","kvalue":""},{"keymark":"PRIME","dxtype":"int","keytitle":"更新","kvalue":"0"},{"keymark":"CRTM","dxtype":"datetime","keytitle":"创建时刻","kvalue":"2021-10-07 16:24:13"},{"keymark":"UPTM","dxtype":"datetime","keytitle":"更改时刻","kvalue":"2021-10-07 16:24:13"},{"keymark":"RIP","dxtype":"varchar","keytitle":"远程IP","kvalue":"223.100.203.162"},{"keymark":"OPRT","dxtype":"chtml","keytitle":"操作","kvalue":""}]}