{"status":"1","tabnm":"coode_para","tabtitle":"coode_para","tabsno":"4","crtsql":"CREATE TABLE coode_para (SNO int(11) NOT NULL AUTO_INCREMENT,sysid varchar(50) NOT NULL,vermd5 varchar(32) NOT NULL,paramark varchar(100) NOT NULL,paratitle varchar(1024) NOT NULL,paradescrib varchar(1024) NOT NULL,parapath varchar(1024) NOT NULL,paravender varchar(1024) NOT NULL,parawebsite varchar(1024) NOT NULL,paraversion varchar(100) NOT NULL,CRTM datetime NOT NULL,CRTOR varchar(255) NOT NULL,OLMK varchar(255) NOT NULL,OPRT varchar(1024) NOT NULL,PRIME int(11) NOT NULL,PTOF varchar(255) NOT NULL,RIP varchar(255) NOT NULL,STATUS tinyint(4) NOT NULL,STCODE varchar(1024) NOT NULL,UPTM datetime NOT NULL,VRT varchar(255) NOT NULL,PRIMARY KEY (SNO)) ENGINE=MyISAM AUTO_INCREMENT=1 DEFAULT CHARSET=utf8;","allkeys":"创建时刻,创建者,唯一标记,操作,框架描述,框架标记,框架地址,框架标题,框架厂家,框架版本,框架官网,是否升级,公司归属,远程IP,编号,流程状态,流程脚本,系统ID,更改时刻,版本号,职位|CRTM,CRTOR,OLMK,OPRT,paradescrib,paramark,parapath,paratitle,paravender,paraversion,parawebsite,PRIME,PTOF,RIP,SNO,STATUS,STCODE,sysid,UPTM,vermd5,VRT","parreskey":"","mainsqx":"SNO","srckey":"paramark","srcttk":"paratitle","rtype":"parax","parcode":"","rcode":"qny","rtitle":"七牛云","ver":"20260129114844","vls":[{"keymark":"paravender","dxtype":"varchar","keytitle":"框架厂家","kvalue":"七牛云"},{"keymark":"parawebsite","dxtype":"varchar","keytitle":"框架官网","kvalue":"https://www.qiniu.com/"},{"keymark":"paraversion","dxtype":"varchar","keytitle":"框架版本","kvalue":"7.3"},{"keymark":"STCODE","dxtype":"varchar","keytitle":"流程脚本","kvalue":""},{"keymark":"UPTM","dxtype":"datetime","keytitle":"更改时刻","kvalue":"2024-08-06 14:09:31"},{"keymark":"VRT","dxtype":"varchar","keytitle":"职位","kvalue":"be819003e34aa52fdbded906768f52a0"},{"keymark":"PRIME","dxtype":"int","keytitle":"是否升级","kvalue":"0"},{"keymark":"PTOF","dxtype":"varchar","keytitle":"公司归属","kvalue":""},{"keymark":"RIP","dxtype":"varchar","keytitle":"远程IP","kvalue":""},{"keymark":"STATUS","dxtype":"tinyint","keytitle":"流程状态","kvalue":"0"},{"keymark":"OLMK","dxtype":"varchar","keytitle":"唯一标记","kvalue":"6bf21bb8ac9909657babd92f7379e48f"},{"keymark":"paramark","dxtype":"varchar","keytitle":"框架标记","kvalue":"qny"},{"keymark":"paratitle","dxtype":"varchar","keytitle":"框架标题","kvalue":"七牛云"},{"keymark":"paradescrib","dxtype":"varchar","keytitle":"框架描述","kvalue":"对象存储"},{"keymark":"parapath","dxtype":"varchar","keytitle":"框架地址","kvalue":""},{"keymark":"CRTM","dxtype":"datetime","keytitle":"创建时刻","kvalue":"2021-05-26 17:08:58"},{"keymark":"CRTOR","dxtype":"varchar","keytitle":"创建者","kvalue":"hellowocao"},{"keymark":"OPRT","dxtype":"chtml","keytitle":"操作","kvalue":""},{"keymark":"sysid","dxtype":"select","keytitle":"系统ID","kvalue":"0"},{"keymark":"vermd5","dxtype":"varchar","keytitle":"版本号","kvalue":""}]}