{"status":"1","tabnm":"coode_tablist","tabtitle":"表格列表","tabsno":"1590","crtsql":"","allkeys":"人智标题,人智值,全部,领域字段,浏览前执行,内容字段,版权标记,创建代码,创建时刻,创建人,表分组,表单,信息创建者,图像,设置权限,安装数据,信息映射资源隶属世界,json内容,json类型,字段长度,全字段,字段类型,主序字段,数据版本字段,唯一标记,唯一标记字段,操作,父资源KEY,安装制作,子母级联,资源中文单词,本身资源值,资源英文单词,资源类型代码,远程IP,数据库名,长度类型,编号,资源字段,资源标题,流程状态,流程脚本,辅序字段,系统ID,更新频率,表名,简介字段,表标题,表格类型,更新时刻,版本号,母子级联,世界标记|aitkey,aivkey,allkeys,areakey,beforeview,contentkeys,copyrightmark,createsql,CRTM,CRTOR,grpmark,hasshort,ickey,imghead,ispmiss,issys,iwkey,jsonconts,jsontpnms,keylens,keynames,keytpnms,mainsqx,md5key,OLMK,olmkkey,OPRT,parreskey,PRIME,PTOF,reschiword,rescode,resenword,restpcode,RIP,schm,sizetype,SNO,srckey,srcttk,STATUS,STCODE,subsqx,sysid,tabcls,TABLE_NAME,tabnick,tabtitle,tabtype,UPTM,vermd5,VRT,worldmarks","parreskey":"","mainsqx":"SNO","srckey":"TABLE_NAME","srcttk":"tabtitle","rtype":"tabx","parcode":"","rcode":"coode_multifunlist","rtitle":"复合函数列表","ver":"20260129114014","vls":[{"keymark":"OLMK","dxtype":"varchar","keytitle":"唯一标记","kvalue":"cb30bf1b639d3d413066ca3092736c"},{"keymark":"UPTM","dxtype":"datetime","keytitle":"更新时刻","kvalue":"2025-11-22 23:56:57"},{"keymark":"CRTM","dxtype":"datetime","keytitle":"创建时刻","kvalue":"2021-11-30 11:23:32"},{"keymark":"PTOF","dxtype":"select","keytitle":"子母级联","kvalue":""},{"keymark":"TABLE_NAME","dxtype":"varchar","keytitle":"表名","kvalue":"coode_multifunlist"},{"keymark":"tabtitle","dxtype":"varchar","keytitle":"表标题","kvalue":"复合函数列表"},{"keymark":"VRT","dxtype":"multiselect","keytitle":"母子级联","kvalue":"4a373fd7c5e1ed2e731c18c507a6b5ba"},{"keymark":"CRTOR","dxtype":"varchar","keytitle":"创建人","kvalue":"hellowocao"},{"keymark":"ickey","dxtype":"varchar","keytitle":"信息创建者","kvalue":"CRTOR"},{"keymark":"iwkey","dxtype":"varchar","keytitle":"信息映射资源隶属世界","kvalue":"PTOF"},{"keymark":"ispmiss","dxtype":"varchar","keytitle":"设置权限","kvalue":"0"},{"keymark":"sizetype","dxtype":"select","keytitle":"长度类型","kvalue":""},{"keymark":"hasshort","dxtype":"varchar","keytitle":"表单","kvalue":"0"},{"keymark":"STATUS","dxtype":"varchar","keytitle":"流程状态","kvalue":"0"},{"keymark":"STCODE","dxtype":"varchar","keytitle":"流程脚本","kvalue":""},{"keymark":"PRIME","dxtype":"int","keytitle":"安装制作","kvalue":"0"},{"keymark":"RIP","dxtype":"varchar","keytitle":"远程IP","kvalue":""},{"keymark":"OPRT","dxtype":"chtml","keytitle":"操作","kvalue":"3.14"},{"keymark":"mainsqx","dxtype":"select","keytitle":"主序字段","kvalue":"SNO"},{"keymark":"tabcls","dxtype":"select","keytitle":"更新频率","kvalue":""},{"keymark":"sysid","dxtype":"select","keytitle":"系统ID","kvalue":"0"},{"keymark":"schm","dxtype":"varchar","keytitle":"数据库名","kvalue":"io_halo123_cn"},{"keymark":"createsql","dxtype":"code","keytitle":"创建代码","kvalue":"CREATE TABLE coode_multifunlist (SNO int(11) NOT NULL AUTO_INCREMENT,sysid varchar(100) NOT NULL,appid varchar(100) NOT NULL,vers varchar(32) NOT NULL,vermd5 varchar(32) NOT NULL,usearea varchar(1024) NOT NULL,funname varchar(50) NOT NULL,funcname varchar(50) NOT NULL,industry varchar(50) NOT NULL,business varchar(50) NOT NULL,matter varchar(50) NOT NULL,imhead varchar(1024) NOT NULL,funtype varchar(50) NOT NULL,funcls varchar(100) NOT NULL,funkey varchar(100) NOT NULL,fkeys int(11) NOT NULL,qrytest varchar(1024) NOT NULL,formtest text NOT NULL,parallelto varchar(255) NOT NULL,CRTM datetime NOT NULL,UPTM datetime NOT NULL,funbody text NOT NULL,afffuns varchar(1024) NOT NULL,affclss varchar(1024) NOT NULL,afftabs varchar(1024) NOT NULL,funfull longtext NOT NULL,oldfull longtext NOT NULL,lastfull longtext NOT NULL,filelcpath varchar(100) NOT NULL,isdb tinyint(4) NOT NULL,isfile tinyint(4) NOT NULL,lang varchar(30) NOT NULL,istemp tinyint(4) NOT NULL,issys tinyint(4) NOT NULL,isiden tinyint(4) NOT NULL,ispmiss tinyint(4) NOT NULL,syn tinyint(4) NOT NULL,fileurl varchar(100) NOT NULL,copyrightmark varchar(20) NOT NULL,relycore varchar(255) NOT NULL,linex int(11) NOT NULL,allcharas int(11) NOT NULL,OLMK varchar(50) NOT NULL,VRT varchar(100) NOT NULL,CRTOR varchar(30) NOT NULL,PTOF varchar(30) NOT NULL,STATUS tinyint(4) NOT NULL,STCODE varchar(1024) NOT NULL,PRIME int(11) NOT NULL,RIP varchar(255) NOT NULL,OPRT varchar(1024) NOT NULL,PRIMARY KEY (SNO),UNIQUE KEY fnm (funname) USING BTREE) ENGINE=MyISAM AUTO_INCREMENT=1 DEFAULT CHARSET=utf8;"},{"keymark":"issys","dxtype":"varchar","keytitle":"安装数据","kvalue":"0"},{"keymark":"keynames","dxtype":"varchar","keytitle":"全字段","kvalue":"sysid,appid,vers,vermd5,usearea,funname,funcname,industry,business,matter,imhead,funtype,funcls,funkey,fkeys,qrytest,formtest,parallelto,CRTM,UPTM,funbody,afffuns,affclss,afftabs,funfull,oldfull,lastfull,filelcpath,isdb,isfile,lang,istemp,issys,isiden,ispmiss,syn,fileurl,copyrightmark,relycore,linex,allcharas,OLMK,VRT,CRTOR,PTOF,STATUS,STCODE,PRIME,RIP,OPRT"},{"keymark":"keytpnms","dxtype":"varchar","keytitle":"字段类型","kvalue":"concat(↓↑↓,sysid,↓↑,↑↓,appid,↓↑,↑↓,vers,↓↑,↑↓,vermd5,↓↑,↑↓,usearea,↓↑,↑↓,funname,↓↑,↑↓,funcname,↓↑,↑↓,industry,↓↑,↑↓,business,↓↑,↑↓,matter,↓↑,↑↓,imhead,↓↑,↑↓,funtype,↓↑,↑↓,funcls,↓↑,↑↓,funkey,↓↑,↑↓,fkeys,↓↑,↑↓,qrytest,↓↑,↑↓,formtest,↓↑,↑↓,parallelto,↓↑,↑↓,CRTM,↓↑,↑↓,UPTM,↓↑,↑↓,funbody,↓↑,↑↓,afffuns,↓↑,↑↓,affclss,↓↑,↑↓,afftabs,↓↑,↑↓,funfull,↓↑,↑↓,oldfull,↓↑,↑↓,lastfull,↓↑,↑↓,filelcpath,↓↑,↑↓,isdb,↓↑,↑↓,isfile,↓↑,↑↓,lang,↓↑,↑↓,istemp,↓↑,↑↓,issys,↓↑,↑↓,isiden,↓↑,↑↓,ispmiss,↓↑,↑↓,syn,↓↑,↑↓,fileurl,↓↑,↑↓,copyrightmark,↓↑,↑↓,relycore,↓↑,↑↓,linex,↓↑,↑↓,allcharas,↓↑,↑↓,OLMK,↓↑,↑↓,VRT,↓↑,↑↓,CRTOR,↓↑,↑↓,PTOF,↓↑,↑↓,STATUS,↓↑,↑↓,STCODE,↓↑,↑↓,PRIME,↓↑,↑↓,RIP,↓↑,↑↓,OPRT,↓↑↓)"},{"keymark":"jsontpnms","dxtype":"varchar","keytitle":"json类型","kvalue":"concat(↓\"sysid∵↓,sysid,↓\",↓,↓\"appid∵↓,appid,↓\",↓,↓\"vers∵↓,vers,↓\",↓,↓\"vermd5∵↓,vermd5,↓\",↓,↓\"usearea∵↓,usearea,↓\",↓,↓\"funname∵↓,funname,↓\",↓,↓\"funcname∵↓,funcname,↓\",↓,↓\"industry∵↓,industry,↓\",↓,↓\"business∵↓,business,↓\",↓,↓\"matter∵↓,matter,↓\",↓,↓\"imhead∵↓,imhead,↓\",↓,↓\"funtype∵↓,funtype,↓\",↓,↓\"funcls∵↓,funcls,↓\",↓,↓\"funkey∵↓,funkey,↓\",↓,↓\"fkeys∵↓,fkeys,↓\",↓,↓\"qrytest∵↓,qrytest,↓\",↓,↓\"formtest∵↓,formtest,↓\",↓,↓\"parallelto∵↓,parallelto,↓\",↓,↓\"CRTM∵↓,CRTM,↓\",↓,↓\"UPTM∵↓,UPTM,↓\",↓,↓\"funbody∵↓,funbody,↓\",↓,↓\"afffuns∵↓,afffuns,↓\",↓,↓\"affclss∵↓,affclss,↓\",↓,↓\"afftabs∵↓,afftabs,↓\",↓,↓\"funfull∵↓,funfull,↓\",↓,↓\"oldfull∵↓,oldfull,↓\",↓,↓\"lastfull∵↓,lastfull,↓\",↓,↓\"filelcpath∵↓,filelcpath,↓\",↓,↓\"isdb∵↓,isdb,↓\",↓,↓\"isfile∵↓,isfile,↓\",↓,↓\"lang∵↓,lang,↓\",↓,↓\"istemp∵↓,istemp,↓\",↓,↓\"issys∵↓,issys,↓\",↓,↓\"isiden∵↓,isiden,↓\",↓,↓\"ispmiss∵↓,ispmiss,↓\",↓,↓\"syn∵↓,syn,↓\",↓,↓\"fileurl∵↓,fileurl,↓\",↓,↓\"copyrightmark∵↓,copyrightmark,↓\",↓,↓\"relycore∵↓,relycore,↓\",↓,↓\"linex∵↓,linex,↓\",↓,↓\"allcharas∵↓,allcharas,↓\",↓,↓\"OLMK∵↓,OLMK,↓\",↓,↓\"VRT∵↓,VRT,↓\",↓,↓\"CRTOR∵↓,CRTOR,↓\",↓,↓\"PTOF∵↓,PTOF,↓\",↓,↓\"STATUS∵↓,STATUS,↓\",↓,↓\"STCODE∵↓,STCODE,↓\",↓,↓\"PRIME∵↓,PRIME,↓\",↓,↓\"RIP∵↓,RIP,↓\",↓,↓\"OPRT∵↓,OPRT,↓\"↓)"},{"keymark":"srckey","dxtype":"select","keytitle":"资源字段","kvalue":"funname"},{"keymark":"srcttk","dxtype":"select","keytitle":"资源标题","kvalue":"funcname"},{"keymark":"allkeys","dxtype":"varchar","keytitle":"全部","kvalue":"affclss,请afffuns,afftabs,所有特征数,应用ID,职位,版权标记,创建时刻,创建者,本地地址,远程地址,参数数量,测试填表单,函数体,隶属系统,函数别名,函数内容,函数测试,函数名,函数类型,函数头像,产业,是否数据,是否文件,isiden_table,设置权限,是否系统,tablename_istemp,使用页面, lastfull, linex,业务,老脚本,唯一标记,操作,平行分裂,资源升级,公司归属,测试参数,依赖核心,远程IP,编号,流程状态,流程脚本,异步,系统ID,更改时刻,使用地点,版本号,版本,职位|affclss,afffuns,afftabs,allcharas,appid,business,copyrightmark,CRTM,CRTOR,filelcpath,fileurl,fkeys,formtest,funbody,funcls,funcname,funfull,funkey,funname,funtype,imhead,industry,isdb,isfile,isiden,ispmiss,issys,istemp,lang,lastfull,linex,matter,oldfull,OLMK,OPRT,parallelto,PRIME,PTOF,qrytest,relycore,RIP,SNO,STATUS,STCODE,syn,sysid,UPTM,usearea,vermd5,vers,VRT"},{"keymark":"contentkeys","dxtype":"varchar","keytitle":"内容字段","kvalue":"sysid,appid,vers,vermd5,usearea,funname,funcname,industry,business,matter,imhead,funtype,funcls,funkey,fkeys,qrytest,formtest,parallelto,funbody,afffuns,affclss,afftabs,funfull,oldfull,lastfull,filelcpath,isdb,isfile,lang,istemp,issys,isiden,ispmiss,syn,fileurl,copyrightmark,relycore,linex,allcharas"},{"keymark":"jsonconts","dxtype":"varchar","keytitle":"json内容","kvalue":"↓\"sysid∵↓,sysid,↓\",↓,↓\"appid∵↓,appid,↓\",↓,↓\"vers∵↓,vers,↓\",↓,↓\"vermd5∵↓,vermd5,↓\",↓,↓\"usearea∵↓,usearea,↓\",↓,↓\"funname∵↓,funname,↓\",↓,↓\"funcname∵↓,funcname,↓\",↓,↓\"industry∵↓,industry,↓\",↓,↓\"business∵↓,business,↓\",↓,↓\"matter∵↓,matter,↓\",↓,↓\"imhead∵↓,imhead,↓\",↓,↓\"funtype∵↓,funtype,↓\",↓,↓\"funcls∵↓,funcls,↓\",↓,↓\"funkey∵↓,funkey,↓\",↓,↓\"fkeys∵↓,fkeys,↓\",↓,↓\"qrytest∵↓,qrytest,↓\",↓,↓\"formtest∵↓,formtest,↓\",↓,↓\"parallelto∵↓,parallelto,↓\",↓,↓\"funbody∵↓,funbody,↓\",↓,↓\"afffuns∵↓,afffuns,↓\",↓,↓\"affclss∵↓,affclss,↓\",↓,↓\"afftabs∵↓,afftabs,↓\",↓,↓\"funfull∵↓,funfull,↓\",↓,↓\"oldfull∵↓,oldfull,↓\",↓,↓\"lastfull∵↓,lastfull,↓\",↓,↓\"filelcpath∵↓,filelcpath,↓\",↓,↓\"isdb∵↓,isdb,↓\",↓,↓\"isfile∵↓,isfile,↓\",↓,↓\"lang∵↓,lang,↓\",↓,↓\"istemp∵↓,istemp,↓\",↓,↓\"issys∵↓,issys,↓\",↓,↓\"isiden∵↓,isiden,↓\",↓,↓\"ispmiss∵↓,ispmiss,↓\",↓,↓\"syn∵↓,syn,↓\",↓,↓\"fileurl∵↓,fileurl,↓\",↓,↓\"copyrightmark∵↓,copyrightmark,↓\",↓,↓\"relycore∵↓,relycore,↓\",↓,↓\"linex∵↓,linex,↓\",↓,↓\"allcharas∵↓,allcharas,↓\",↓,↓\"tablename∵coode_multifunlist\"↓"},{"keymark":"imghead","dxtype":"select","keytitle":"图像","kvalue":""},{"keymark":"beforeview","dxtype":"longtext","keytitle":"浏览前执行","kvalue":""},{"keymark":"tabtype","dxtype":"select","keytitle":"表格类型","kvalue":""},{"keymark":"vermd5","dxtype":"varchar","keytitle":"版本号","kvalue":"6141fc9cb749801846ae5a514abb2477"},{"keymark":"tabnick","dxtype":"select","keytitle":"简介字段","kvalue":""},{"keymark":"copyrightmark","dxtype":"varchar","keytitle":"版权标记","kvalue":""},{"keymark":"grpmark","dxtype":"select","keytitle":"表分组","kvalue":""},{"keymark":"subsqx","dxtype":"select","keytitle":"辅序字段","kvalue":""},{"keymark":"olmkkey","dxtype":"select","keytitle":"唯一标记字段","kvalue":"OLMK"},{"keymark":"keylens","dxtype":"int","keytitle":"字段长度","kvalue":"50"},{"keymark":"areakey","dxtype":"select","keytitle":"领域字段","kvalue":""},{"keymark":"md5key","dxtype":"select","keytitle":"数据版本字段","kvalue":"vermd5"},{"keymark":"rescode","dxtype":"varchar","keytitle":"本身资源值","kvalue":"qianjilian/coode_multifunlist"},{"keymark":"worldmarks","dxtype":"varchar255","keytitle":"世界标记","kvalue":""},{"keymark":"restpcode","dxtype":"select","keytitle":"资源类型代码","kvalue":""},{"keymark":"resenword","dxtype":"varchar","keytitle":"资源英文单词","kvalue":""},{"keymark":"reschiword","dxtype":"varchar","keytitle":"资源中文单词","kvalue":""},{"keymark":"parreskey","dxtype":"select","keytitle":"父资源KEY","kvalue":""},{"keymark":"aitkey","dxtype":"select","keytitle":"人智标题","kvalue":""},{"keymark":"aivkey","dxtype":"select","keytitle":"人智值","kvalue":""}]}