{"status":"1","rtype":"tabx","rcode":"coode_mydivunit","rtitle":"我的块结构单元","ver":"be889a711b0b1b7b42d517442a520944","crtsql":"CREATE TABLE coode_mydivunit (SNO int(11) NOT NULL AUTO_INCREMENT,divmark varchar(50) NOT NULL,divtitle varchar(100) NOT NULL,dataformat varchar(1024) NOT NULL,datademo text NOT NULL,dumark varchar(50) NOT NULL,outurl varchar(1024) NOT NULL,dwidth varchar(50) NOT NULL,dheight varchar(50) NOT NULL,divcode text NOT NULL,swidth varchar(50) NOT NULL,sheight varchar(50) NOT NULL,jsfiles text NOT NULL,cssfiles text NOT NULL,scriptx text NOT NULL,stylex text NOT NULL,itemnum int(11) NOT NULL,pagesrd text NOT NULL,itemsrd text NOT NULL,itemcode text NOT NULL,outcode text NOT NULL,CRTM datetime NOT NULL,CRTOR varchar(255) NOT NULL,OLMK varchar(255) NOT NULL,PRIME int(11) NOT NULL,PTOF varchar(255) NOT NULL,RIP varchar(255) NOT NULL,STATUS tinyint(4) NOT NULL,STCODE varchar(1024) NOT NULL,UPTM datetime NOT NULL,OPRT varchar(1024) NOT NULL,VRT varchar(255) NOT NULL,PRIMARY KEY (SNO)) ENGINE=MyISAM AUTO_INCREMENT=1 DEFAULT CHARSET=utf8;","vls":[{"restype":"jsondata","rescode":"coode_mydivunit_basedata","resmd5":"55d4645da9a50e3677ad9483df9893d2","restitle":"我的块结构单元","resurl":"http://hellowocao.com/localxres/datax/coode_tablist/data/1571.json"},{"restype":"jsondata","rescode":"SNO_extdata","resmd5":"989e8b4e7a15ec5fca72436c119826f0","restitle":"编号","resurl":"http://hellowocao.com/localxres/datax/coode_keydetailx/data/25202.json"},{"restype":"jsondata","rescode":"divmark_extdata","resmd5":"e4e8ed923864272af593a7d4c81dc9ac","restitle":"模块标记","resurl":"http://hellowocao.com/localxres/datax/coode_keydetailx/data/25203.json"},{"restype":"jsondata","rescode":"divtitle_extdata","resmd5":"87f68b1c3838e1a07c5899e74a24f84c","restitle":"本标题","resurl":"http://hellowocao.com/localxres/datax/coode_keydetailx/data/25204.json"},{"restype":"jsondata","rescode":"dataformat_extdata","resmd5":"a2bdb8219ec8da7fa780de8f0d1ce09b","restitle":"数据格式","resurl":"http://hellowocao.com/localxres/datax/coode_keydetailx/data/25205.json"},{"restype":"jsondata","rescode":"datademo_extdata","resmd5":"8b2e935586bf95401491ff8023740815","restitle":"数据模型","resurl":"http://hellowocao.com/localxres/datax/coode_keydetailx/data/25206.json"},{"restype":"jsondata","rescode":"dumark_extdata","resmd5":"35e8f524c130e1ee8ffe4d5416950ecb","restitle":"模板标记","resurl":"http://hellowocao.com/localxres/datax/coode_keydetailx/data/25207.json"},{"restype":"jsondata","rescode":"outurl_extdata","resmd5":"90d86b98ff18dd2d3130ac796d1eec18","restitle":"应用出口","resurl":"http://hellowocao.com/localxres/datax/coode_keydetailx/data/25208.json"},{"restype":"jsondata","rescode":"dwidth_extdata","resmd5":"bbb2779d658456ba8ba5f538a734c8fe","restitle":"本身宽度","resurl":"http://hellowocao.com/localxres/datax/coode_keydetailx/data/25209.json"},{"restype":"jsondata","rescode":"dheight_extdata","resmd5":"73179d3b1157736ff588be593f11cf6e","restitle":"","resurl":"http://hellowocao.com/localxres/datax/coode_keydetailx/data/25210.json"},{"restype":"jsondata","rescode":"divcode_extdata","resmd5":"8d6d2d18264e3d22b13ec77f803b62a7","restitle":"","resurl":"http://hellowocao.com/localxres/datax/coode_keydetailx/data/25211.json"},{"restype":"jsondata","rescode":"swidth_extdata","resmd5":"36008b104887aa2fb251b0cfc4ee7edb","restitle":"","resurl":"http://hellowocao.com/localxres/datax/coode_keydetailx/data/25212.json"},{"restype":"jsondata","rescode":"sheight_extdata","resmd5":"b1abcb97c7829e14d5d949d0db0fad16","restitle":"空间高度","resurl":"http://hellowocao.com/localxres/datax/coode_keydetailx/data/25213.json"},{"restype":"jsondata","rescode":"jsfiles_extdata","resmd5":"f3b560640b74963c3a027169f33e2597","restitle":"js文件","resurl":"http://hellowocao.com/localxres/datax/coode_keydetailx/data/25214.json"},{"restype":"jsondata","rescode":"cssfiles_extdata","resmd5":"860d7c6cca25768bdda490461189dc04","restitle":"css文件","resurl":"http://hellowocao.com/localxres/datax/coode_keydetailx/data/25215.json"},{"restype":"jsondata","rescode":"scriptx_extdata","resmd5":"69377a0202d508de7b24c7b474f43d3d","restitle":"JS脚本","resurl":"http://hellowocao.com/localxres/datax/coode_keydetailx/data/25216.json"},{"restype":"jsondata","rescode":"stylex_extdata","resmd5":"0f4f40b7e17d33cbf0b5a6b199adbe9d","restitle":"样式描述","resurl":"http://hellowocao.com/localxres/datax/coode_keydetailx/data/25217.json"},{"restype":"jsondata","rescode":"itemnum_extdata","resmd5":"86f4cea5c8510fe6e8257f01d2125dce","restitle":"数据数量","resurl":"http://hellowocao.com/localxres/datax/coode_keydetailx/data/25218.json"},{"restype":"jsondata","rescode":"pagesrd_extdata","resmd5":"fa6797bc3f1950e9bb98534c0a804357","restitle":"页码两边","resurl":"http://hellowocao.com/localxres/datax/coode_keydetailx/data/25219.json"},{"restype":"jsondata","rescode":"itemsrd_extdata","resmd5":"fa35e6807859bf3f882a89f3cd8e018b","restitle":"核心周围","resurl":"http://hellowocao.com/localxres/datax/coode_keydetailx/data/25220.json"},{"restype":"jsondata","rescode":"itemcode_extdata","resmd5":"204e5714d3e39536ab7aef1794588539","restitle":"核心脚本","resurl":"http://hellowocao.com/localxres/datax/coode_keydetailx/data/25221.json"},{"restype":"jsondata","rescode":"outcode_extdata","resmd5":"8f865fc6b1d8563ac1ed94747477122b","restitle":"输出代码","resurl":"http://hellowocao.com/localxres/datax/coode_keydetailx/data/25222.json"},{"restype":"jsondata","rescode":"CRTM_extdata","resmd5":"cf72d6e5f29c8ca7a60aa62d28f593b0","restitle":"创建时刻","resurl":"http://hellowocao.com/localxres/datax/coode_keydetailx/data/25223.json"},{"restype":"jsondata","rescode":"CRTOR_extdata","resmd5":"bfe227edf0d3c5cf03b44364062eb89e","restitle":"创建者","resurl":"http://hellowocao.com/localxres/datax/coode_keydetailx/data/25224.json"},{"restype":"jsondata","rescode":"OLMK_extdata","resmd5":"267e87e5f4cfe4b3c1aec4dee7133c73","restitle":"唯一标记","resurl":"http://hellowocao.com/localxres/datax/coode_keydetailx/data/25225.json"},{"restype":"jsondata","rescode":"PRIME_extdata","resmd5":"37f7b80fc8bfb4ab36d7480fcf606ac2","restitle":"素数定类","resurl":"http://hellowocao.com/localxres/datax/coode_keydetailx/data/25226.json"},{"restype":"jsondata","rescode":"PTOF_extdata","resmd5":"489cd624804d3e7c6c465cc62b1b47cf","restitle":"归属","resurl":"http://hellowocao.com/localxres/datax/coode_keydetailx/data/25227.json"},{"restype":"jsondata","rescode":"RIP_extdata","resmd5":"cc86b40830cab4c7f0bda663f65b79ed","restitle":"远程IP","resurl":"http://hellowocao.com/localxres/datax/coode_keydetailx/data/25228.json"},{"restype":"jsondata","rescode":"STATUS_extdata","resmd5":"ec0306cc34b5bec3df96d06b4daee6c1","restitle":"流程状态","resurl":"http://hellowocao.com/localxres/datax/coode_keydetailx/data/25229.json"},{"restype":"jsondata","rescode":"STCODE_extdata","resmd5":"7b370d2887fe2ff627c8fe3cb850f986","restitle":"流程脚本","resurl":"http://hellowocao.com/localxres/datax/coode_keydetailx/data/25230.json"},{"restype":"jsondata","rescode":"UPTM_extdata","resmd5":"daf7da1be88dce6a0cea5a3979f5991f","restitle":"更改时刻","resurl":"http://hellowocao.com/localxres/datax/coode_keydetailx/data/25231.json"},{"restype":"jsondata","rescode":"OPRT_extdata","resmd5":"77e083da06bf199602d4c3ade99fef1e","restitle":"操作","resurl":"http://hellowocao.com/localxres/datax/coode_keydetailx/data/25232.json"},{"restype":"jsondata","rescode":"VRT_extdata","resmd5":"e6c2c377bb94c3cc2cc7d2df4af7242d","restitle":"流程编码","resurl":"http://hellowocao.com/localxres/datax/coode_keydetailx/data/25233.json"}]}