{"status":"1","rtype":"pagex","rcode":"pmvjnA","rtitle":"系统一键升级","ver":"20240218162233","vls":[{"restype":"csspagex","rescode":"runbox","resmd5":"93f6c14f252cb9ae8fa10caa3c11fa01","restitle":"系统一键升级的runbox","resurl":"http://qianjilian.com/localxres/csspagex/runbox/runbox_csspagex.zip"},{"restype":"pagex","rescode":"pmvjnA","resmd5":"93f6c14f252cb9ae8fa10caa3c11fa01","restitle":"系统一键升级","resurl":"http://qianjilian.com/localxres/pagex/seedx/pmvjnA/pmvjnA_pagex.zip"}]}