{"status":"1","rtype":"tabx","rcode":"coode_tabgrp","rtitle":"表格组定义","ver":"8fcbd11b468e4eb1af524d8c0872a05e","crtsql":"CREATE TABLE coode_tabgrp (SNO int(11) NOT NULL AUTO_INCREMENT,grpmark varchar(30) NOT NULL,grptitle varchar(100) NOT NULL,grptype varchar(50) NOT NULL,askdescrib text NOT NULL,tottab int(11) NOT NULL,pretab int(11) NOT NULL,tabtype varchar(30) NOT NULL,industry varchar(50) NOT NULL,areatype varchar(50) NOT NULL,grppath varchar(255) NOT NULL,CRTM datetime NOT NULL,CRTOR varchar(255) NOT NULL,mydescrib varchar(255) NOT NULL,vermd5 varchar(32) NOT NULL,PRIME int(11) NOT NULL,OLMK varchar(30) NOT NULL,PTOF varchar(30) NOT NULL,VRT varchar(255) NOT NULL,STATUS tinyint(4) NOT NULL,STCODE varchar(1024) NOT NULL,UPTM datetime NOT NULL,RIP varchar(255) NOT NULL,OPRT varchar(1024) NOT NULL,PRIMARY KEY (SNO),UNIQUE KEY plmk (grpmark) USING BTREE) ENGINE=MyISAM AUTO_INCREMENT=1 DEFAULT CHARSET=utf8;","vls":[{"restype":"jsondata","rescode":"coode_tabgrp_basedata","resmd5":"e6a47f4aed11e7a0acf969cdce13a232","restitle":"表格组定义","resurl":"http://hellowocao.com/localxres/datax/coode_tablist/data/1538.json"},{"restype":"jsondata","rescode":"SNO_extdata","resmd5":"b1adaaf3b3d696c73897ed26054a0dc7","restitle":"编号","resurl":"http://hellowocao.com/localxres/datax/coode_keydetailx/data/14517.json"},{"restype":"jsondata","rescode":"grpmark_extdata","resmd5":"5e42e93414880c6c16c2c65a17d4a486","restitle":"表分组","resurl":"http://hellowocao.com/localxres/datax/coode_keydetailx/data/14548.json"},{"restype":"jsondata","rescode":"grptitle_extdata","resmd5":"3c2483e0efae22aaceaf337e3aeea80d","restitle":"分组标题","resurl":"http://hellowocao.com/localxres/datax/coode_keydetailx/data/14549.json"},{"restype":"jsondata","rescode":"grptype_extdata","resmd5":"c84f697b9fd6912200cfc6b3a5855108","restitle":"grptype","resurl":"http://hellowocao.com/localxres/datax/coode_keydetailx/data/14550.json"},{"restype":"jsondata","rescode":"askdescrib_extdata","resmd5":"bb27d7e91d4306f4d7a6568eca750b2e","restitle":"请求描述","resurl":"http://hellowocao.com/localxres/datax/coode_keydetailx/data/14551.json"},{"restype":"jsondata","rescode":"industry_extdata","resmd5":"f490fec99298653641d236f99a0a43dd","restitle":"产业","resurl":"http://hellowocao.com/localxres/datax/coode_keydetailx/data/14552.json"},{"restype":"jsondata","rescode":"areatype_extdata","resmd5":"703e6461ff2c0d6d8d21f2ddce24bf2e","restitle":"域类型","resurl":"http://hellowocao.com/localxres/datax/coode_keydetailx/data/14554.json"},{"restype":"jsondata","rescode":"grppath_extdata","resmd5":"9123325e956aff1bb9751b62a759d232","restitle":"组存储地址","resurl":"http://hellowocao.com/localxres/datax/coode_keydetailx/data/14555.json"},{"restype":"jsondata","rescode":"CRTM_extdata","resmd5":"270268c78988992deeb74657afde137d","restitle":"创建时刻","resurl":"http://hellowocao.com/localxres/datax/coode_keydetailx/data/14556.json"},{"restype":"jsondata","rescode":"CRTOR_extdata","resmd5":"7789b7c942ae69e6b99521009698456b","restitle":"创建者","resurl":"http://hellowocao.com/localxres/datax/coode_keydetailx/data/14557.json"},{"restype":"jsondata","rescode":"mydescrib_extdata","resmd5":"feaed1764de3390183e85a280d544880","restitle":"我的描述","resurl":"http://hellowocao.com/localxres/datax/coode_keydetailx/data/14558.json"},{"restype":"jsondata","rescode":"vermd5_extdata","resmd5":"dd72acc278c93599284cb73b8d320e48","restitle":"版本号","resurl":"http://hellowocao.com/localxres/datax/coode_keydetailx/data/14559.json"},{"restype":"jsondata","rescode":"PRIME_extdata","resmd5":"44b8708fba7f3963f020130b99cb1939","restitle":"素数定类","resurl":"http://hellowocao.com/localxres/datax/coode_keydetailx/data/14560.json"},{"restype":"jsondata","rescode":"OLMK_extdata","resmd5":"964481620bb2e716c57f97f6898f8eee","restitle":"唯一标记","resurl":"http://hellowocao.com/localxres/datax/coode_keydetailx/data/14561.json"},{"restype":"jsondata","rescode":"PTOF_extdata","resmd5":"bb6ebb2112fe1fb223294bf74dcafcea","restitle":"公司归属","resurl":"http://hellowocao.com/localxres/datax/coode_keydetailx/data/14562.json"},{"restype":"jsondata","rescode":"VRT_extdata","resmd5":"6b4df7406e036cb1bb6510927a4e4c8e","restitle":"职位","resurl":"http://hellowocao.com/localxres/datax/coode_keydetailx/data/14563.json"},{"restype":"jsondata","rescode":"STATUS_extdata","resmd5":"9cc9675092c764cc42e1b773a4524437","restitle":"流程状态","resurl":"http://hellowocao.com/localxres/datax/coode_keydetailx/data/14564.json"},{"restype":"jsondata","rescode":"STCODE_extdata","resmd5":"c2cc6b398e113a8cac8f37f3b3b2141f","restitle":"流程脚本","resurl":"http://hellowocao.com/localxres/datax/coode_keydetailx/data/14565.json"},{"restype":"jsondata","rescode":"UPTM_extdata","resmd5":"1c723850835d9ddcd6b991792e52b9c4","restitle":"更改时刻","resurl":"http://hellowocao.com/localxres/datax/coode_keydetailx/data/14566.json"},{"restype":"jsondata","rescode":"RIP_extdata","resmd5":"1dc00fdb9fb613d027acc29b1b1f4b14","restitle":"远程IP","resurl":"http://hellowocao.com/localxres/datax/coode_keydetailx/data/14567.json"},{"restype":"jsondata","rescode":"OPRT_extdata","resmd5":"2df9c50d90203201de2fcac011ac844c","restitle":"操作","resurl":"http://hellowocao.com/localxres/datax/coode_keydetailx/data/14568.json"},{"restype":"jsondata","rescode":"tottab_extdata","resmd5":"76a16589c528b70f4dab0af6a6a594f9","restitle":"tottab","resurl":"http://hellowocao.com/localxres/datax/coode_keydetailx/data/14646.json"},{"restype":"jsondata","rescode":"pretab_extdata","resmd5":"f9fc1bfffc47fe95c2300a760aa671a7","restitle":"pretab","resurl":"http://hellowocao.com/localxres/datax/coode_keydetailx/data/14647.json"},{"restype":"jsondata","rescode":"tabtype_extdata","resmd5":"39abe51fc944da0fba1ebcc62c91e33d","restitle":"表格类型","resurl":"http://hellowocao.com/localxres/datax/coode_keydetailx/data/14648.json"}]}