{"status":"1","rtype":"tempx","rcode":"pcworchat.index","rtitle":"仿微信聊天窗口","ver":"f0f34c0e3fc84ee695882cadaa9e36fa","vls":[{"restype":"csspagex","rescode":"webworchat","resmd5":"","restitle":"仿微信聊天窗口的webworchat","resurl":"http://hellowocao.com/systemres/1/csspagex/webworchat/webworchat_csspagex.zip"},{"restype":"tempx","rescode":"pcworchat.index","resmd5":"","restitle":"仿微信聊天窗口","resurl":"http://hellowocao.com/localxres/tempx/pcworchat/pcworchat_tempx.zip"}]}