{"status":"1","rtype":"formx","rcode":"iuwBqF","rtitle":"获取数据","ver":"e331ea4cffdfded242a7877352d9d57e","vls":[{"restype":"jsondata","rescode":"iuwBqF_basedata","resmd5":"0e64eb3603669ace5df189667ef8ec76","restitle":"获取数据","resurl":"http://hellowocao.com/localxres/datax/coode_shortdata/data/764.json"},{"restype":"jsondata","rescode":"iuwBqF_cssdata","resmd5":"5df0d20ff6e69b4c83b50352265cb29b","restitle":"获取数据","resurl":"http://hellowocao.com/localxres/datax/coode_shortcss/data/.json"},{"restype":"jsondata","rescode":"SNO_extdata","resmd5":"272961f5d3c5660a92693186eae3310c","restitle":"编号","resurl":"http://hellowocao.com/localxres/datax/coode_keydetaily/data/14453.json"},{"restype":"jsondata","rescode":"taskid_extdata","resmd5":"49d0ce4d619a8b5c22c715923a9f8bcd","restitle":"任务id","resurl":"http://hellowocao.com/localxres/datax/coode_keydetaily/data/14454.json"},{"restype":"jsondata","rescode":"dataid_extdata","resmd5":"27a5186bc1d1205e01cb6ce00aba8374","restitle":"编号","resurl":"http://hellowocao.com/localxres/datax/coode_keydetaily/data/14456.json"},{"restype":"jsondata","rescode":"datatitle_extdata","resmd5":"b8bd319ec5f11583bcde6857fe212de1","restitle":"编号","resurl":"http://hellowocao.com/localxres/datax/coode_keydetaily/data/14457.json"},{"restype":"jsondata","rescode":"pageid_extdata","resmd5":"e42891c33d13634da24c75ebce95d586","restitle":"页面ID","resurl":"http://hellowocao.com/localxres/datax/coode_keydetaily/data/14782.json"}]}