{"status":"1","rtype":"tabx","rcode":"coode_catsrclist","rtitle":"接收推送资源列表","ver":"810fcca75fabb255977c03c7ca7fd77a","crtsql":"CREATE TABLE coode_catsrclist (SNO int(11) NOT NULL AUTO_INCREMENT,srcid varchar(50) NOT NULL,extname varchar(50) NOT NULL,srctype varchar(50) NOT NULL,rcvtime datetime NOT NULL,askprice decimal(10,2) NOT NULL,askmark varchar(50) NOT NULL,fromhost varchar(50) NOT NULL,verifycode varchar(50) NOT NULL,srcurlcode varchar(255) NOT NULL,OLMK varchar(255) NOT NULL,CRTOR varchar(255) NOT NULL,PRIME int(11) NOT NULL,STCODE varchar(1024) NOT NULL,STATUS tinyint(4) NOT NULL,VRT varchar(255) NOT NULL,RIP varchar(255) NOT NULL,UPTM datetime NOT NULL,CRTM datetime NOT NULL,PTOF varchar(255) NOT NULL,PRIMARY KEY (SNO)) ENGINE=MyISAM AUTO_INCREMENT=1 DEFAULT CHARSET=utf8;","vls":[{"restype":"jsondata","rescode":"coode_catsrclist_basedata","resmd5":"07c21670102e3049e91a98fb3f574463","restitle":"接收推送资源列表","resurl":"http://hellowocao.com/localxres/datax/coode_tablist/data/985.json"},{"restype":"jsondata","rescode":"SNO_extdata","resmd5":"d955f9ae773af5706f97f444c56d8914","restitle":"编号","resurl":"http://hellowocao.com/localxres/datax/coode_keydetailx/data/6478.json"},{"restype":"jsondata","rescode":"srcid_extdata","resmd5":"4f05be09fb0214e8e80461420329eb2d","restitle":"资源id","resurl":"http://hellowocao.com/localxres/datax/coode_keydetailx/data/6479.json"},{"restype":"jsondata","rescode":"srctype_extdata","resmd5":"92a2e6d8057032ad6159d35268c43a87","restitle":"资源类型","resurl":"http://hellowocao.com/localxres/datax/coode_keydetailx/data/6480.json"},{"restype":"jsondata","rescode":"rcvtime_extdata","resmd5":"95e99adb75fdf0387024627faaf2a1ba","restitle":"接收时刻","resurl":"http://hellowocao.com/localxres/datax/coode_keydetailx/data/6481.json"},{"restype":"jsondata","rescode":"askprice_extdata","resmd5":"90de0cf51e16688fab56f3ab3267e90e","restitle":"请求价格","resurl":"http://hellowocao.com/localxres/datax/coode_keydetailx/data/6565.json"},{"restype":"jsondata","rescode":"askmark_extdata","resmd5":"670f5c145833938b33e1c5c2da0729cb","restitle":"请求码","resurl":"http://hellowocao.com/localxres/datax/coode_keydetailx/data/6566.json"},{"restype":"jsondata","rescode":"srcurlcode_extdata","resmd5":"06d8f71b6650b8893d82fe8ff9b9ceff","restitle":"测试地址","resurl":"http://hellowocao.com/localxres/datax/coode_keydetailx/data/6567.json"},{"restype":"jsondata","rescode":"OLMK_extdata","resmd5":"9295e5ae454cac78c9a00458f7d78f6e","restitle":"唯一标记","resurl":"http://hellowocao.com/localxres/datax/coode_keydetailx/data/6568.json"},{"restype":"jsondata","rescode":"CRTOR_extdata","resmd5":"6e437dbb596a18464c48fd867eb0f9b2","restitle":"创建者","resurl":"http://hellowocao.com/localxres/datax/coode_keydetailx/data/6569.json"},{"restype":"jsondata","rescode":"PRIME_extdata","resmd5":"fd98662507c07d7878843f803ba5ba4d","restitle":"素数定类","resurl":"http://hellowocao.com/localxres/datax/coode_keydetailx/data/6570.json"},{"restype":"jsondata","rescode":"STCODE_extdata","resmd5":"56e9d04348a786dc1eec8de8afd83b2a","restitle":"流程脚本","resurl":"http://hellowocao.com/localxres/datax/coode_keydetailx/data/6571.json"},{"restype":"jsondata","rescode":"STATUS_extdata","resmd5":"ba78e5403603993d34a3ddcd02385d93","restitle":"流程状态","resurl":"http://hellowocao.com/localxres/datax/coode_keydetailx/data/6572.json"},{"restype":"jsondata","rescode":"VRT_extdata","resmd5":"6d226d11ecdcc706ce55428fe6f95cf3","restitle":"流程编码","resurl":"http://hellowocao.com/localxres/datax/coode_keydetailx/data/6573.json"},{"restype":"jsondata","rescode":"RIP_extdata","resmd5":"951bbfbfbff2c05a33302d123f6d20a6","restitle":"远程IP","resurl":"http://hellowocao.com/localxres/datax/coode_keydetailx/data/6574.json"},{"restype":"jsondata","rescode":"UPTM_extdata","resmd5":"8a4db542413b0636be8703787c0dadd1","restitle":"更改时刻","resurl":"http://hellowocao.com/localxres/datax/coode_keydetailx/data/6575.json"},{"restype":"jsondata","rescode":"CRTM_extdata","resmd5":"4fc71d60b61d2c7030aa87ff8abf3470","restitle":"创建时刻","resurl":"http://hellowocao.com/localxres/datax/coode_keydetailx/data/6576.json"},{"restype":"jsondata","rescode":"PTOF_extdata","resmd5":"b5c9b84ac88b6bb28c5db0219c1e7e4e","restitle":"归属","resurl":"http://hellowocao.com/localxres/datax/coode_keydetailx/data/6577.json"},{"restype":"jsondata","rescode":"fromhost_extdata","resmd5":"feba8a07abc7ba74b2cd91e459acaeb0","restitle":"来源","resurl":"http://hellowocao.com/localxres/datax/coode_keydetailx/data/6578.json"},{"restype":"jsondata","rescode":"verifycode_extdata","resmd5":"194904dee63cc8477d4b82a75180dbc5","restitle":"校验码","resurl":"http://hellowocao.com/localxres/datax/coode_keydetailx/data/6579.json"},{"restype":"jsondata","rescode":"extname_extdata","resmd5":"81d63fd7d6fbd78005b2bd71333b0183","restitle":"展开重命名","resurl":"http://hellowocao.com/localxres/datax/coode_keydetailx/data/6748.json"}]}