{"status":"1","rtype":"pagex","rcode":"iFFTN6","rtitle":"任意表单下载与打印","ver":"f4e95a467aab01f7f041631e8dfa9dbc","vls":[{"restype":"csspagex","rescode":"tab10k","resmd5":"","restitle":"任意表单下载与打印的tab10k","resurl":"http://hellowocao.com/systemres/1/csspagex/tab10k/tab10k_csspagex.zip"},{"restype":"csspagex","rescode":"outwindow","resmd5":"","restitle":"任意表单下载与打印的outwindow","resurl":"http://hellowocao.com/systemres/1/csspagex/outwindow/outwindow_csspagex.zip"},{"restype":"pagex","rescode":"iFFTN6","resmd5":"f4e95a467aab01f7f041631e8dfa9dbc","restitle":"任意表单下载与打印","resurl":"http://hellowocao.com/localxres/pagex/quicksctab/iFFTN6/iFFTN6_pagex.zip"}]}