{"status":"1","rtype":"formx","rcode":"Kk2P4K","rtitle":"小数据空间字段","ver":"d2aefce4d2f661f855c7a4e88f8815a1","vls":[{"restype":"jsondata","rescode":"Kk2P4K_basedata","resmd5":"1aa6e99db38248e882164598ac50c00f","restitle":"小数据空间字段","resurl":"http://hellowocao.com/localxres/datax/coode_shortdata/data/1666.json"},{"restype":"jsondata","rescode":"Kk2P4K_cssdata","resmd5":"976018bfac3a52c3cfe7a9d3f84366d8","restitle":"小数据空间字段","resurl":"http://hellowocao.com/localxres/datax/coode_shortcss/data/.json"},{"restype":"jsondata","rescode":"SNO_extdata","resmd5":"a925b778ff84cd13ad78c5daab25f06b","restitle":"编号","resurl":"http://hellowocao.com/localxres/datax/coode_keydetaily/data/34484.json"},{"restype":"jsondata","rescode":"keymark_extdata","resmd5":"cf154209c1783ad79b854082f0dbd51b","restitle":"键标","resurl":"http://hellowocao.com/localxres/datax/coode_keydetaily/data/34486.json"},{"restype":"jsondata","rescode":"datamark_extdata","resmd5":"6152e10ebe024f1f31a7767ee4d23c60","restitle":"编号","resurl":"http://hellowocao.com/localxres/datax/coode_keydetaily/data/34485.json"},{"restype":"jsondata","rescode":"keytitle_extdata","resmd5":"d6182bfd3a61768e0d50c277aad2a06f","restitle":"键名","resurl":"http://hellowocao.com/localxres/datax/coode_keydetaily/data/34487.json"},{"restype":"jsondata","rescode":"keydescrib_extdata","resmd5":"04fb41496738618dd56e02f4b756e227","restitle":"编号","resurl":"http://hellowocao.com/localxres/datax/coode_keydetaily/data/34489.json"},{"restype":"jsondata","rescode":"keylen_extdata","resmd5":"01236fc4c067a5c36e45719594f6bcb8","restitle":"编号","resurl":"http://hellowocao.com/localxres/datax/coode_keydetaily/data/34488.json"},{"restype":"jsondata","rescode":"OPRT_extdata","resmd5":"15d3346bda9fe39d5ff5edaff6f08d2c","restitle":"操作","resurl":"http://hellowocao.com/localxres/datax/coode_keydetaily/data/34490.json"}]}