{"status":"1","tabnm":"coode_appdefault","tabtitle":"应用基本配置","tabsno":"265","crtsql":"CREATE TABLE coode_appdefault (SNO int(11) NOT NULL AUTO_INCREMENT,appname varchar(100) NOT NULL,appid varchar(100) NOT NULL,sysid varchar(100) NOT NULL,vermd5 varchar(50) NOT NULL,faceimg longtext NOT NULL,appdetail text NOT NULL,colora varchar(100) NOT NULL,inurl varchar(1024) NOT NULL,outurl varchar(1024) NOT NULL,VRT varchar(1024) NOT NULL,CRTM datetime NOT NULL,UPTM datetime NOT NULL,STATUS tinyint(4) NOT NULL,CRTOR varchar(50) NOT NULL,PTOF varchar(50) NOT NULL,OLMK varchar(50) NOT NULL,STCODE varchar(1024) NOT NULL,PRIME int(11) NOT NULL,RIP varchar(255) NOT NULL,OPRT varchar(1024) NOT NULL,PRIMARY KEY (SNO),UNIQUE KEY sysapid (sysid,appid) USING BTREE) ENGINE=MyISAM AUTO_INCREMENT=1 DEFAULT CHARSET=utf8;","allkeys":"使用说明,应用ID,应用名称,色系,创建时刻,创建人,封面图片,入口输出点,唯一标记,操作,资源和权限,资源升级,类属,远程IP,数据编号,菜单显示,流程脚本,系统ID,修改时刻,版本号,功能分类|appdetail,appid,appname,colora,CRTM,CRTOR,faceimg,inurl,OLMK,OPRT,outurl,PRIME,PTOF,RIP,SNO,STATUS,STCODE,sysid,UPTM,vermd5,VRT","parreskey":"sysid","mainsqx":"SNO","srckey":"appid","srcttk":"appname","rtype":"appx","parcode":"","rcode":"humanmachine","rtitle":"名角","ver":"20260129120758","vls":[{"keymark":"appdetail","dxtype":"text","keytitle":"使用说明","kvalue":""},{"keymark":"faceimg","dxtype":"varchar","keytitle":"封面图片","kvalue":"/localxres/iconsetx/pagecontrol/taichi.svg"},{"keymark":"appname","dxtype":"varchar","keytitle":"应用名称","kvalue":"名角"},{"keymark":"appid","dxtype":"varchar","keytitle":"应用ID","kvalue":"humanmachine"},{"keymark":"inurl","dxtype":"select","keytitle":"入口输出点","kvalue":" "},{"keymark":"outurl","dxtype":"varchar","keytitle":"资源和权限","kvalue":""},{"keymark":"VRT","dxtype":"varchar","keytitle":"功能分类","kvalue":"e0dae6df05aa5241ef41c7a1785f82db"},{"keymark":"CRTM","dxtype":"datetime","keytitle":"创建时刻","kvalue":"2022-02-06 22:45:39"},{"keymark":"UPTM","dxtype":"datetime","keytitle":"修改时刻","kvalue":"2022-11-17 14:49:06"},{"keymark":"STATUS","dxtype":"int","keytitle":"菜单显示","kvalue":"1"},{"keymark":"CRTOR","dxtype":"varchar","keytitle":"创建人","kvalue":"hellowocao"},{"keymark":"PTOF","dxtype":"select","keytitle":"类属","kvalue":""},{"keymark":"OLMK","dxtype":"varchar","keytitle":"唯一标记","kvalue":"imL6uWXXuj"},{"keymark":"STCODE","dxtype":"varchar","keytitle":"流程脚本","kvalue":""},{"keymark":"PRIME","dxtype":"int","keytitle":"资源升级","kvalue":"0"},{"keymark":"RIP","dxtype":"varchar","keytitle":"远程IP","kvalue":"42.202.124.91"},{"keymark":"vermd5","dxtype":"varchar","keytitle":"版本号","kvalue":"f0218bd9cd70ba3da102428f7739fe7e"},{"keymark":"sysid","dxtype":"select","keytitle":"系统ID","kvalue":"1"},{"keymark":"OPRT","dxtype":"chtml","keytitle":"操作","kvalue":"3.14"},{"keymark":"colora","dxtype":"varchar","keytitle":"色系","kvalue":""}]}