{"status":"1","rtype":"formx","rcode":"fag026","rtitle":"表单字段模型实例","ver":"46503f0caee66d5b8279e34d026dfb16","vls":[{"restype":"jsondata","rescode":"fag026_basedata","resmd5":"1a447f4fc661b773e7a85e699a3e6d5b","restitle":"表单字段模型实例","resurl":"http://hellowocao.com/localxres/datax/coode_shortdata/data/1846.json"},{"restype":"jsondata","rescode":"fag026_cssdata","resmd5":"e8e04c81e0bcecc3556600a0de39cffd","restitle":"表单字段模型实例","resurl":"http://hellowocao.com/localxres/datax/coode_shortcss/data/.json"},{"restype":"jsondata","rescode":"casetype_extdata","resmd5":"2c3e5623cfb25d4233d757c4c30fc42f","restitle":"模板类别","resurl":"http://hellowocao.com/localxres/datax/coode_keydetaily/data/38865.json"},{"restype":"jsondata","rescode":"shortid_extdata","resmd5":"ad8e2f6d87470342b6498d4ecc8ba4cf","restitle":"短码","resurl":"http://hellowocao.com/localxres/datax/coode_keydetaily/data/38866.json"},{"restype":"jsondata","rescode":"demomark_extdata","resmd5":"cd95c1ad205fce16ce1b8abb7f336294","restitle":"模型标记","resurl":"http://hellowocao.com/localxres/datax/coode_keydetaily/data/38864.json"},{"restype":"jsondata","rescode":"SNO_extdata","resmd5":"738bb204162f5c215ffaa28cb44e9813","restitle":"编号","resurl":"http://hellowocao.com/localxres/datax/coode_keydetaily/data/38863.json"},{"restype":"jsondata","rescode":"caseid_extdata","resmd5":"4262d1122c5c1450a3888d2629131af1","restitle":"列表模板","resurl":"http://hellowocao.com/localxres/datax/coode_keydetaily/data/38867.json"},{"restype":"jsondata","rescode":"keydxtype_extdata","resmd5":"807a6f50500188838a1147975222d399","restitle":"字段类型","resurl":"http://hellowocao.com/localxres/datax/coode_keydetaily/data/38868.json"},{"restype":"jsondata","rescode":"keyname_extdata","resmd5":"f1a8452a7fc3495bc695f2cb2433aa38","restitle":"字段名","resurl":"http://hellowocao.com/localxres/datax/coode_keydetaily/data/38869.json"},{"restype":"jsondata","rescode":"hcode_extdata","resmd5":"b484d42acaa7a7daae639f76d0966961","restitle":"数据造型","resurl":"http://hellowocao.com/localxres/datax/coode_keydetaily/data/38870.json"},{"restype":"jsondata","rescode":"hsrd_extdata","resmd5":"2857128f595dd6099da5c455ea4f7438","restitle":"造型容器","resurl":"http://hellowocao.com/localxres/datax/coode_keydetaily/data/38871.json"},{"restype":"jsondata","rescode":"hisrd_extdata","resmd5":"1f26573e2bfc92168c3a1bfa31746aca","restitle":"多间容器","resurl":"http://hellowocao.com/localxres/datax/coode_keydetaily/data/38872.json"},{"restype":"jsondata","rescode":"onerow_extdata","resmd5":"22959d8ffb5e0a402708cdfd1f02e9aa","restitle":"编号","resurl":"http://hellowocao.com/localxres/datax/coode_keydetaily/data/38898.json"},{"restype":"jsondata","rescode":"multirow_extdata","resmd5":"598547e4460ec318ae4b56525c568a72","restitle":"多容器外壳","resurl":"http://hellowocao.com/localxres/datax/coode_keydetaily/data/38874.json"},{"restype":"jsondata","rescode":"jsrun_extdata","resmd5":"29617ed7e1a7c476d57b5f509bafffe1","restitle":"执行脚本","resurl":"http://hellowocao.com/localxres/datax/coode_keydetaily/data/38875.json"},{"restype":"jsondata","rescode":"demotitle_extdata","resmd5":"64a98c258ec040fcaa4231752460f44a","restitle":"样式标题","resurl":"http://hellowocao.com/localxres/datax/coode_keydetaily/data/38876.json"},{"restype":"jsondata","rescode":"islist_extdata","resmd5":"c9dca54cae0c517d1478a721c480c088","restitle":"是否数据","resurl":"http://hellowocao.com/localxres/datax/coode_keydetaily/data/38877.json"},{"restype":"jsondata","rescode":"OLMK_extdata","resmd5":"e10c572a50b210df248a84ce328a1234","restitle":"唯一标记","resurl":"http://hellowocao.com/localxres/datax/coode_keydetaily/data/38878.json"},{"restype":"jsondata","rescode":"OPRT_extdata","resmd5":"e3d9e06268febd6bfbc276ab2b251266","restitle":"操作","resurl":"http://hellowocao.com/localxres/datax/coode_keydetaily/data/38879.json"}]}