{"status":"1","tabnm":"coode_tablist","tabtitle":"表格列表","tabsno":"2336","crtsql":"","allkeys":"人智标题,人智值,全部,领域字段,浏览前执行,内容字段,版权标记,创建代码,创建时刻,创建人,表分组,表单,信息创建者,图像,设置权限,安装数据,信息映射资源隶属世界,json内容,json类型,字段长度,全字段,字段类型,主序字段,数据版本字段,唯一标记,唯一标记字段,操作,父资源KEY,安装制作,子母级联,资源中文单词,本身资源值,资源英文单词,资源类型代码,远程IP,数据库名,长度类型,编号,资源字段,资源标题,流程状态,流程脚本,辅序字段,系统ID,更新频率,表名,简介字段,表标题,表格类型,更新时刻,版本号,母子级联,世界标记|aitkey,aivkey,allkeys,areakey,beforeview,contentkeys,copyrightmark,createsql,CRTM,CRTOR,grpmark,hasshort,ickey,imghead,ispmiss,issys,iwkey,jsonconts,jsontpnms,keylens,keynames,keytpnms,mainsqx,md5key,OLMK,olmkkey,OPRT,parreskey,PRIME,PTOF,reschiword,rescode,resenword,restpcode,RIP,schm,sizetype,SNO,srckey,srcttk,STATUS,STCODE,subsqx,sysid,tabcls,TABLE_NAME,tabnick,tabtitle,tabtype,UPTM,vermd5,VRT,worldmarks","parreskey":"","mainsqx":"SNO","srckey":"TABLE_NAME","srcttk":"tabtitle","rtype":"tabx","parcode":"","rcode":"coode_syshostinstall","rtitle":"coode_syshostinstall","ver":"20260129120246","vls":[{"keymark":"OLMK","dxtype":"varchar","keytitle":"唯一标记","kvalue":"4C7EF1B7-8B74-FE77-AB42-218C0A"},{"keymark":"UPTM","dxtype":"datetime","keytitle":"更新时刻","kvalue":"2024-08-19 23:00:33"},{"keymark":"CRTM","dxtype":"datetime","keytitle":"创建时刻","kvalue":"2024-08-11 15:13:04"},{"keymark":"PTOF","dxtype":"select","keytitle":"子母级联","kvalue":""},{"keymark":"TABLE_NAME","dxtype":"varchar","keytitle":"表名","kvalue":"coode_syshostinstall"},{"keymark":"tabtitle","dxtype":"varchar","keytitle":"表标题","kvalue":"coode_syshostinstall"},{"keymark":"VRT","dxtype":"multiselect","keytitle":"母子级联","kvalue":""},{"keymark":"CRTOR","dxtype":"varchar","keytitle":"创建人","kvalue":"hellowocao"},{"keymark":"ickey","dxtype":"varchar","keytitle":"信息创建者","kvalue":"CRTOR"},{"keymark":"iwkey","dxtype":"varchar","keytitle":"信息映射资源隶属世界","kvalue":"PTOF"},{"keymark":"ispmiss","dxtype":"varchar","keytitle":"设置权限","kvalue":"0"},{"keymark":"sizetype","dxtype":"select","keytitle":"长度类型","kvalue":""},{"keymark":"hasshort","dxtype":"varchar","keytitle":"表单","kvalue":"0"},{"keymark":"STATUS","dxtype":"varchar","keytitle":"流程状态","kvalue":"0"},{"keymark":"STCODE","dxtype":"varchar","keytitle":"流程脚本","kvalue":""},{"keymark":"PRIME","dxtype":"int","keytitle":"安装制作","kvalue":"0"},{"keymark":"RIP","dxtype":"varchar","keytitle":"远程IP","kvalue":""},{"keymark":"OPRT","dxtype":"chtml","keytitle":"操作","kvalue":"3.14"},{"keymark":"mainsqx","dxtype":"select","keytitle":"主序字段","kvalue":"SNO"},{"keymark":"tabcls","dxtype":"select","keytitle":"更新频率","kvalue":""},{"keymark":"sysid","dxtype":"select","keytitle":"系统ID","kvalue":"1"},{"keymark":"schm","dxtype":"varchar","keytitle":"数据库名","kvalue":"io_halo123_cn"},{"keymark":"createsql","dxtype":"code","keytitle":"创建代码","kvalue":"CREATE TABLE coode_syshostinstall (SNO int(11) NOT NULL AUTO_INCREMENT,sysid varchar(100) NOT NULL,ssmark varchar(50) NOT NULL,fromhost varchar(255) NOT NULL,belongtype varchar(50) NOT NULL,restype varchar(50) NOT NULL,resmark varchar(50) NOT NULL,restitle varchar(255) NOT NULL,headpic varchar(1024) NOT NULL,midpic varchar(1024) NOT NULL,CRTM datetime NOT NULL,UPTM datetime NOT NULL,issys tinyint(4) NOT NULL,txturl varchar(1024) NOT NULL,funtxt longtext NOT NULL,funbody longtext NOT NULL,vermd5 varchar(32) NOT NULL,mtmd5 varchar(32) NOT NULL,mtdate datetime NOT NULL,copyrightmark varchar(20) NOT NULL,relycore varchar(255) NOT NULL,OLMK varchar(30) NOT NULL,VRT varchar(100) NOT NULL,CRTOR varchar(30) NOT NULL,PTOF varchar(30) NOT NULL,STATUS tinyint(4) NOT NULL,STCODE varchar(1024) NOT NULL,PRIME int(11) NOT NULL,RIP varchar(255) NOT NULL,OPRT varchar(1024) NOT NULL,PRIMARY KEY (SNO),UNIQUE KEY sfnm (resmark,restype,sysid,ssmark) USING BTREE) ENGINE=MyISAM AUTO_INCREMENT=1 DEFAULT CHARSET=utf8;"},{"keymark":"issys","dxtype":"varchar","keytitle":"安装数据","kvalue":"0"},{"keymark":"keynames","dxtype":"varchar","keytitle":"全字段","kvalue":"sysid,ssmark,fromhost,belongtype,restype,resmark,restitle,headpic,midpic,CRTM,UPTM,issys,txturl,funtxt,funbody,vermd5,mtmd5,mtdate,copyrightmark,relycore,OLMK,VRT,CRTOR,PTOF,STATUS,STCODE,PRIME,RIP,OPRT"},{"keymark":"keytpnms","dxtype":"varchar","keytitle":"字段类型","kvalue":"concat(↓↑↓,sysid,↓↑,↑↓,ssmark,↓↑,↑↓,fromhost,↓↑,↑↓,belongtype,↓↑,↑↓,restype,↓↑,↑↓,resmark,↓↑,↑↓,restitle,↓↑,↑↓,headpic,↓↑,↑↓,midpic,↓↑,↑↓,CRTM,↓↑,↑↓,UPTM,↓↑,↑↓,issys,↓↑,↑↓,txturl,↓↑,↑↓,funtxt,↓↑,↑↓,funbody,↓↑,↑↓,vermd5,↓↑,↑↓,mtmd5,↓↑,↑↓,mtdate,↓↑,↑↓,copyrightmark,↓↑,↑↓,relycore,↓↑,↑↓,OLMK,↓↑,↑↓,VRT,↓↑,↑↓,CRTOR,↓↑,↑↓,PTOF,↓↑,↑↓,STATUS,↓↑,↑↓,STCODE,↓↑,↑↓,PRIME,↓↑,↑↓,RIP,↓↑,↑↓,OPRT,↓↑↓)"},{"keymark":"jsontpnms","dxtype":"varchar","keytitle":"json类型","kvalue":"concat(↓\"sysid∵↓,sysid,↓\",↓,↓\"ssmark∵↓,ssmark,↓\",↓,↓\"fromhost∵↓,fromhost,↓\",↓,↓\"belongtype∵↓,belongtype,↓\",↓,↓\"restype∵↓,restype,↓\",↓,↓\"resmark∵↓,resmark,↓\",↓,↓\"restitle∵↓,restitle,↓\",↓,↓\"headpic∵↓,headpic,↓\",↓,↓\"midpic∵↓,midpic,↓\",↓,↓\"CRTM∵↓,CRTM,↓\",↓,↓\"UPTM∵↓,UPTM,↓\",↓,↓\"issys∵↓,issys,↓\",↓,↓\"txturl∵↓,txturl,↓\",↓,↓\"funtxt∵↓,funtxt,↓\",↓,↓\"funbody∵↓,funbody,↓\",↓,↓\"vermd5∵↓,vermd5,↓\",↓,↓\"mtmd5∵↓,mtmd5,↓\",↓,↓\"mtdate∵↓,mtdate,↓\",↓,↓\"copyrightmark∵↓,copyrightmark,↓\",↓,↓\"relycore∵↓,relycore,↓\",↓,↓\"OLMK∵↓,OLMK,↓\",↓,↓\"VRT∵↓,VRT,↓\",↓,↓\"CRTOR∵↓,CRTOR,↓\",↓,↓\"PTOF∵↓,PTOF,↓\",↓,↓\"STATUS∵↓,STATUS,↓\",↓,↓\"STCODE∵↓,STCODE,↓\",↓,↓\"PRIME∵↓,PRIME,↓\",↓,↓\"RIP∵↓,RIP,↓\",↓,↓\"OPRT∵↓,OPRT,↓\"↓)"},{"keymark":"srckey","dxtype":"select","keytitle":"资源字段","kvalue":"resmark"},{"keymark":"srcttk","dxtype":"select","keytitle":"资源标题","kvalue":"ssmark"},{"keymark":"allkeys","dxtype":"varchar","keytitle":"全部","kvalue":"隶属类型,版权标记,创建时刻,创建者,来源服务器,函数体,资源内容,头像,是否系统,中等图像,mtdate,mtmd5,唯一标记,操作,素数定类,归属,依赖核心,资源标记,资源标题,资源类型,远程IP,编号,任务标题,流程状态,流程脚本,系统ID,下载地址,更改时刻,版本号,流程编码|belongtype,copyrightmark,CRTM,CRTOR,fromhost,funbody,funtxt,headpic,issys,midpic,mtdate,mtmd5,OLMK,OPRT,PRIME,PTOF,relycore,resmark,restitle,restype,RIP,SNO,ssmark,STATUS,STCODE,sysid,txturl,UPTM,vermd5,VRT"},{"keymark":"contentkeys","dxtype":"varchar","keytitle":"内容字段","kvalue":"sysid,ssmark,fromhost,belongtype,restype,resmark,restitle,headpic,midpic,issys,txturl,funtxt,funbody,vermd5,mtmd5,mtdate,copyrightmark,relycore"},{"keymark":"jsonconts","dxtype":"varchar","keytitle":"json内容","kvalue":"↓\"sysid∵↓,sysid,↓\",↓,↓\"ssmark∵↓,ssmark,↓\",↓,↓\"fromhost∵↓,fromhost,↓\",↓,↓\"belongtype∵↓,belongtype,↓\",↓,↓\"restype∵↓,restype,↓\",↓,↓\"resmark∵↓,resmark,↓\",↓,↓\"restitle∵↓,restitle,↓\",↓,↓\"headpic∵↓,headpic,↓\",↓,↓\"midpic∵↓,midpic,↓\",↓,↓\"issys∵↓,issys,↓\",↓,↓\"txturl∵↓,txturl,↓\",↓,↓\"funtxt∵↓,funtxt,↓\",↓,↓\"funbody∵↓,funbody,↓\",↓,↓\"vermd5∵↓,vermd5,↓\",↓,↓\"mtmd5∵↓,mtmd5,↓\",↓,↓\"mtdate∵↓,mtdate,↓\",↓,↓\"copyrightmark∵↓,copyrightmark,↓\",↓,↓\"relycore∵↓,relycore,↓\",↓,↓\"tablename∵coode_syshostinstall\"↓"},{"keymark":"imghead","dxtype":"select","keytitle":"图像","kvalue":""},{"keymark":"beforeview","dxtype":"longtext","keytitle":"浏览前执行","kvalue":""},{"keymark":"tabtype","dxtype":"select","keytitle":"表格类型","kvalue":"1"},{"keymark":"vermd5","dxtype":"varchar","keytitle":"版本号","kvalue":"79e9d8ac29ff192b270528718601ee3b"},{"keymark":"tabnick","dxtype":"select","keytitle":"简介字段","kvalue":""},{"keymark":"copyrightmark","dxtype":"varchar","keytitle":"版权标记","kvalue":""},{"keymark":"grpmark","dxtype":"select","keytitle":"表分组","kvalue":""},{"keymark":"subsqx","dxtype":"select","keytitle":"辅序字段","kvalue":""},{"keymark":"olmkkey","dxtype":"select","keytitle":"唯一标记字段","kvalue":"OLMK"},{"keymark":"keylens","dxtype":"int","keytitle":"字段长度","kvalue":"29"},{"keymark":"areakey","dxtype":"select","keytitle":"领域字段","kvalue":""},{"keymark":"md5key","dxtype":"select","keytitle":"数据版本字段","kvalue":"VRT"},{"keymark":"rescode","dxtype":"varchar","keytitle":"本身资源值","kvalue":"io_halo123_cn/coode_syshostinstall"},{"keymark":"worldmarks","dxtype":"varchar255","keytitle":"世界标记","kvalue":""},{"keymark":"restpcode","dxtype":"select","keytitle":"资源类型代码","kvalue":""},{"keymark":"resenword","dxtype":"varchar","keytitle":"资源英文单词","kvalue":""},{"keymark":"reschiword","dxtype":"varchar","keytitle":"资源中文单词","kvalue":""},{"keymark":"parreskey","dxtype":"select","keytitle":"父资源KEY","kvalue":""},{"keymark":"aitkey","dxtype":"select","keytitle":"人智标题","kvalue":""},{"keymark":"aivkey","dxtype":"select","keytitle":"人智值","kvalue":""}]}