{"status":"1","rtype":"formx","rcode":"Xqg9Cn","rtitle":"数据请求关联字段","ver":"e6986de21f5fadcdf7977e92bb55d07c","vls":[{"restype":"jsondata","rescode":"Xqg9Cn_basedata","resmd5":"edc5233dab0db3b921ca527d2a107518","restitle":"数据请求关联字段","resurl":"http://hellowocao.com/localxres/datax/coode_shortdata/data/862.json"},{"restype":"jsondata","rescode":"Xqg9Cn_cssdata","resmd5":"6d9b3c63b52571c3528b6722d42f88e7","restitle":"数据请求关联字段","resurl":"http://hellowocao.com/localxres/datax/coode_shortcss/data/.json"},{"restype":"jsondata","rescode":"keyverify_extdata","resmd5":"8b47ec7631760546544b6d50c7441d1a","restitle":"类型","resurl":"http://hellowocao.com/localxres/datax/coode_keydetaily/data/32258.json"},{"restype":"jsondata","rescode":"SNO_extdata","resmd5":"6013030b92e0e2e6dc926ea9ae92c7bd","restitle":"编号","resurl":"http://hellowocao.com/localxres/datax/coode_keydetaily/data/17577.json"},{"restype":"jsondata","rescode":"datamark_extdata","resmd5":"944f907a731edb49f28f827ba4894562","restitle":"数据标记","resurl":"http://hellowocao.com/localxres/datax/coode_keydetaily/data/17578.json"},{"restype":"jsondata","rescode":"datatitle_extdata","resmd5":"d92d58c8612f1ac7756c4286f1aef06b","restitle":"数据标题","resurl":"http://hellowocao.com/localxres/datax/coode_keydetaily/data/17579.json"},{"restype":"jsondata","rescode":"keyname_extdata","resmd5":"631f70078438601927e29997f8a10e38","restitle":"字段名","resurl":"http://hellowocao.com/localxres/datax/coode_keydetaily/data/17580.json"},{"restype":"jsondata","rescode":"keytitle_extdata","resmd5":"cf66b8aec7bddcc7d8a719906064f769","restitle":"字段别名","resurl":"http://hellowocao.com/localxres/datax/coode_keydetaily/data/17581.json"},{"restype":"jsondata","rescode":"keytype_extdata","resmd5":"6c1f08889def341e7ff42e326985708d","restitle":"校验","resurl":"http://hellowocao.com/localxres/datax/coode_keydetaily/data/17583.json"},{"restype":"jsondata","rescode":"ktypev_extdata","resmd5":"043039964ab4adbc7e1ea3d87b843d64","restitle":"类型与校验","resurl":"http://hellowocao.com/localxres/datax/coode_keydetaily/data/32257.json"},{"restype":"jsondata","rescode":"rtneval_extdata","resmd5":"02af35478d67e6a372e24a7ea7a2062c","restitle":"返回执行","resurl":"http://hellowocao.com/localxres/datax/coode_keydetaily/data/17585.json"}]}