{"status":"1","rtype":"tempx","rcode":"mobilealertwin.index","rtitle":"手机职能与弹窗盒子","ver":"df8eb46c5c8bd197d64b94af9f7415fc","vls":[{"restype":"csspagex","rescode":"mobilealertwin","resmd5":"","restitle":"手机职能与弹窗盒子的mobilealertwin","resurl":"http://hellowocao.com/systemres/2/csspagex/mobilealertwin/mobilealertwin_csspagex.zip"},{"restype":"tempx","rescode":"mobilealertwin.index","resmd5":"","restitle":"手机职能与弹窗盒子","resurl":"http://hellowocao.com/localxres/tempx/mobilealertwin/mobilealertwin_tempx.zip"}]}