{"status":"1","rtype":"tabx","rcode":"coode_relylist","rtitle":"依赖列表","ver":"bae8b410b8a1b30d0e9b98e84352b6c7","crtsql":"CREATE TABLE coode_relylist (SNO int(11) NOT NULL AUTO_INCREMENT,rlmark varchar(30) NOT NULL,rlptitle varchar(100) NOT NULL,rlptype varchar(50) NOT NULL,askdescrib text NOT NULL,CRTM datetime NOT NULL,CRTOR varchar(255) NOT NULL,mydescrib varchar(255) NOT NULL,vermd5 varchar(32) NOT NULL,PRIME int(11) NOT NULL,OLMK varchar(30) NOT NULL,PTOF varchar(30) NOT NULL,VRT varchar(255) NOT NULL,STATUS tinyint(4) NOT NULL,STCODE varchar(1024) NOT NULL,UPTM datetime NOT NULL,RIP varchar(255) NOT NULL,OPRT varchar(1024) NOT NULL,PRIMARY KEY (SNO),UNIQUE KEY plmk (rlmark) USING BTREE) ENGINE=MyISAM AUTO_INCREMENT=1 DEFAULT CHARSET=utf8;","vls":[{"restype":"jsondata","rescode":"coode_relylist_basedata","resmd5":"d96cbd0e80368c7c87beaae82e157aa2","restitle":"依赖列表","resurl":"http://hellowocao.com/localxres/datax/coode_tablist/data/1541.json"},{"restype":"jsondata","rescode":"SNO_extdata","resmd5":"6432e7bc601e4185b7e759ff1b490629","restitle":"编号","resurl":"http://hellowocao.com/localxres/datax/coode_keydetailx/data/14675.json"},{"restype":"jsondata","rescode":"rlmark_extdata","resmd5":"39f75e455147fd2a06cb42e8a4b5786c","restitle":"依赖标记","resurl":"http://hellowocao.com/localxres/datax/coode_keydetailx/data/14676.json"},{"restype":"jsondata","rescode":"rlptitle_extdata","resmd5":"7f409b58580d6b2fc9f990fd010643a5","restitle":"依赖标题","resurl":"http://hellowocao.com/localxres/datax/coode_keydetailx/data/14677.json"},{"restype":"jsondata","rescode":"rlptype_extdata","resmd5":"47bed7b8b24eb0b1c22002d831abc501","restitle":"依赖类别","resurl":"http://hellowocao.com/localxres/datax/coode_keydetailx/data/14678.json"},{"restype":"jsondata","rescode":"askdescrib_extdata","resmd5":"2977340e4052f12c918214dfaff845ba","restitle":"依赖描述","resurl":"http://hellowocao.com/localxres/datax/coode_keydetailx/data/14679.json"},{"restype":"jsondata","rescode":"CRTM_extdata","resmd5":"24c3e1d851d915f6c9389d27062ebd42","restitle":"创建时刻","resurl":"http://hellowocao.com/localxres/datax/coode_keydetailx/data/14680.json"},{"restype":"jsondata","rescode":"CRTOR_extdata","resmd5":"d757324ba7236d526dee50bb8d6bd22f","restitle":"创建者","resurl":"http://hellowocao.com/localxres/datax/coode_keydetailx/data/14681.json"},{"restype":"jsondata","rescode":"mydescrib_extdata","resmd5":"cc8fdd0e47ecd476657d03471b8f098b","restitle":"我的描述","resurl":"http://hellowocao.com/localxres/datax/coode_keydetailx/data/14682.json"},{"restype":"jsondata","rescode":"vermd5_extdata","resmd5":"2b196a62bad2f8c2aba3980725d2d696","restitle":"版本号","resurl":"http://hellowocao.com/localxres/datax/coode_keydetailx/data/14683.json"},{"restype":"jsondata","rescode":"PRIME_extdata","resmd5":"d313bfb7c47bde5e12176b828b26db7b","restitle":"素数定类","resurl":"http://hellowocao.com/localxres/datax/coode_keydetailx/data/14684.json"},{"restype":"jsondata","rescode":"OLMK_extdata","resmd5":"1ac79646bd87d2b5b1fbce8317a45d33","restitle":"唯一标记","resurl":"http://hellowocao.com/localxres/datax/coode_keydetailx/data/14685.json"},{"restype":"jsondata","rescode":"PTOF_extdata","resmd5":"69ba4c984bc22e48fb4e8980d83a54ff","restitle":"公司归属","resurl":"http://hellowocao.com/localxres/datax/coode_keydetailx/data/14686.json"},{"restype":"jsondata","rescode":"VRT_extdata","resmd5":"237489ff16821f2b8df53c7166770737","restitle":"职位","resurl":"http://hellowocao.com/localxres/datax/coode_keydetailx/data/14687.json"},{"restype":"jsondata","rescode":"STATUS_extdata","resmd5":"bbcb863fcc883af63a7a24e34483c643","restitle":"流程状态","resurl":"http://hellowocao.com/localxres/datax/coode_keydetailx/data/14688.json"},{"restype":"jsondata","rescode":"STCODE_extdata","resmd5":"68fbd7d302e6f84740a5453ae49c2136","restitle":"流程脚本","resurl":"http://hellowocao.com/localxres/datax/coode_keydetailx/data/14689.json"},{"restype":"jsondata","rescode":"UPTM_extdata","resmd5":"98293a5a694683c5901a2b9a9cb5b665","restitle":"更改时刻","resurl":"http://hellowocao.com/localxres/datax/coode_keydetailx/data/14690.json"},{"restype":"jsondata","rescode":"RIP_extdata","resmd5":"78995e02ca8cb9e7331f763a7e8347d5","restitle":"远程IP","resurl":"http://hellowocao.com/localxres/datax/coode_keydetailx/data/14691.json"},{"restype":"jsondata","rescode":"OPRT_extdata","resmd5":"fe92b2946b866a13a3a21b03b3380be1","restitle":"操作","resurl":"http://hellowocao.com/localxres/datax/coode_keydetailx/data/14692.json"}]}