{"status":"1","rtype":"formx","rcode":"systxts","rtitle":"系统列表","ver":"01c20ddd9e024e555f3de14c1f33566e","vls":[{"restype":"jsondata","rescode":"systxts_basedata","resmd5":"082fed80b62c5c4f8aa666f137a0289a","restitle":"系统列表","resurl":"http://hellowocao.com/localxres/datax/coode_shortdata/data/331.json"},{"restype":"jsondata","rescode":"systxts_cssdata","resmd5":"e937f0d10918961e3c4ce1c36539431e","restitle":"系统列表","resurl":"http://hellowocao.com/localxres/datax/coode_shortcss/data/.json"}]}