{"status":"1","rtype":"tabx","rcode":"coode_divuframe","rtitle":"div单元结构","ver":"9088f8097c9329f7b53cf3a8db3ce6c6","crtsql":"CREATE TABLE coode_divuframe (SNO int(11) NOT NULL AUTO_INCREMENT,divunitfrmid varchar(100) NOT NULL,divunitftitle varchar(255) NOT NULL,divunitaskdata varchar(1024) NOT NULL,frmtype varchar(50) NOT NULL,dumark varchar(50) NOT NULL,pagesrd text NOT NULL,frmexp varchar(50) NOT NULL,outurl varchar(255) NOT NULL,expcode text NOT NULL,jsfiles varchar(1024) NOT NULL,cssfiles varchar(1024) NOT NULL,scriptx text NOT NULL,stylex text NOT NULL,outcode text NOT NULL,CRTM datetime NOT NULL,CRTOR varchar(255) NOT NULL,OLMK varchar(255) NOT NULL,OPRT varchar(1024) NOT NULL,PRIME int(11) NOT NULL,PTOF varchar(255) NOT NULL,RIP varchar(255) NOT NULL,STATUS tinyint(4) NOT NULL,STCODE varchar(1024) NOT NULL,UPTM datetime NOT NULL,VRT varchar(255) NOT NULL,PRIMARY KEY (SNO)) ENGINE=MyISAM AUTO_INCREMENT=1 DEFAULT CHARSET=utf8;","vls":[{"restype":"jsondata","rescode":"coode_divuframe_basedata","resmd5":"e53b528f3f91fcdfc534dd27949d8a8d","restitle":"div单元结构","resurl":"http://hellowocao.com/localxres/datax/coode_tablist/data/876.json"},{"restype":"jsondata","rescode":"SNO_extdata","resmd5":"fb7dcfcc0c16975e512baa55c4c06afd","restitle":"编号","resurl":"http://hellowocao.com/localxres/datax/coode_keydetailx/data/1621.json"},{"restype":"jsondata","rescode":"divunitfrmid_extdata","resmd5":"f62dda332fe1fea0f711c262d6a025f1","restitle":"拼合框架标记","resurl":"http://hellowocao.com/localxres/datax/coode_keydetailx/data/1622.json"},{"restype":"jsondata","rescode":"divunitftitle_extdata","resmd5":"39f921ea33ea4f32b7cd52bc48707e9d","restitle":"拼合框架标题","resurl":"http://hellowocao.com/localxres/datax/coode_keydetailx/data/1623.json"},{"restype":"jsondata","rescode":"divunitaskdata_extdata","resmd5":"6c3a3ce53fa4c6c9778ab61dbaf485d6","restitle":"拼合框架数据请求","resurl":"http://hellowocao.com/localxres/datax/coode_keydetailx/data/1624.json"},{"restype":"jsondata","rescode":"CRTM_extdata","resmd5":"043149319f0c9512dcf83e80e6e79c23","restitle":"创建时刻","resurl":"http://hellowocao.com/localxres/datax/coode_keydetailx/data/1626.json"},{"restype":"jsondata","rescode":"CRTOR_extdata","resmd5":"16f0c4c28d49177e24a15dcb42a9d4e7","restitle":"创建者","resurl":"http://hellowocao.com/localxres/datax/coode_keydetailx/data/1627.json"},{"restype":"jsondata","rescode":"OLMK_extdata","resmd5":"960c778fc650534847c0d10ef4c78e19","restitle":"唯一标记","resurl":"http://hellowocao.com/localxres/datax/coode_keydetailx/data/1628.json"},{"restype":"jsondata","rescode":"OPRT_extdata","resmd5":"99570c77e1e01a3d8d315e418e230d9b","restitle":"操作","resurl":"http://hellowocao.com/localxres/datax/coode_keydetailx/data/1629.json"},{"restype":"jsondata","rescode":"jsfiles_extdata","resmd5":"952158b45affb6be2082dde3c9ac85ea","restitle":"js文件","resurl":"http://hellowocao.com/localxres/datax/coode_keydetailx/data/1630.json"},{"restype":"jsondata","rescode":"cssfiles_extdata","resmd5":"458bbc5691496de6a4057dfdc00ca3b2","restitle":"css文件","resurl":"http://hellowocao.com/localxres/datax/coode_keydetailx/data/1631.json"},{"restype":"jsondata","rescode":"scriptx_extdata","resmd5":"7df7ed848ab324886e2f9f0c105c2e91","restitle":"JS脚本","resurl":"http://hellowocao.com/localxres/datax/coode_keydetailx/data/1632.json"},{"restype":"jsondata","rescode":"stylex_extdata","resmd5":"2302b7f745d74866a5155378ac7acfd3","restitle":"样式描述","resurl":"http://hellowocao.com/localxres/datax/coode_keydetailx/data/1633.json"},{"restype":"jsondata","rescode":"expcode_extdata","resmd5":"c9600a6822c7eaa7308071fc2cee21b2","restitle":"结构代码","resurl":"http://hellowocao.com/localxres/datax/coode_keydetailx/data/14197.json"},{"restype":"jsondata","rescode":"outcode_extdata","resmd5":"1e6fe365c38b16a3edd091e45ae73017","restitle":"合成代码","resurl":"http://hellowocao.com/localxres/datax/coode_keydetailx/data/14198.json"},{"restype":"jsondata","rescode":"dumark_extdata","resmd5":"dda38e4143085771213cea119ba077fb","restitle":"模板标记","resurl":"http://hellowocao.com/localxres/datax/coode_keydetailx/data/14203.json"},{"restype":"jsondata","rescode":"pagesrd_extdata","resmd5":"fd70c26d9862e5c1ff7503de99dedf9b","restitle":"页码两边","resurl":"http://hellowocao.com/localxres/datax/coode_keydetailx/data/14204.json"},{"restype":"jsondata","rescode":"frmexp_extdata","resmd5":"16b3ba1df479bbb01712e5b4124229b3","restitle":"结构表达式","resurl":"http://hellowocao.com/localxres/datax/coode_keydetailx/data/14205.json"},{"restype":"jsondata","rescode":"outurl_extdata","resmd5":"7d826adf702b0be08ad84712711db343","restitle":"输出地址","resurl":"http://hellowocao.com/localxres/datax/coode_keydetailx/data/14206.json"},{"restype":"jsondata","rescode":"frmtype_extdata","resmd5":"734cfbfcc168c48c0cedeea4d22ded33","restitle":"结构类型","resurl":"http://hellowocao.com/localxres/datax/coode_keydetailx/data/14216.json"},{"restype":"jsondata","rescode":"PRIME_extdata","resmd5":"b9c1de3bbafe582ccec10f5e32fc5ae3","restitle":"素数定类","resurl":"http://hellowocao.com/localxres/datax/coode_keydetailx/data/14230.json"},{"restype":"jsondata","rescode":"PTOF_extdata","resmd5":"14474b380e78301b59aebaf814ca14b8","restitle":"公司归属","resurl":"http://hellowocao.com/localxres/datax/coode_keydetailx/data/14231.json"},{"restype":"jsondata","rescode":"RIP_extdata","resmd5":"e290b5b6912fa5131a3640bf67596385","restitle":"远程IP","resurl":"http://hellowocao.com/localxres/datax/coode_keydetailx/data/14232.json"},{"restype":"jsondata","rescode":"STATUS_extdata","resmd5":"83bea008a83ffca768f4df180f1fa4b7","restitle":"流程状态","resurl":"http://hellowocao.com/localxres/datax/coode_keydetailx/data/14233.json"},{"restype":"jsondata","rescode":"STCODE_extdata","resmd5":"d3ea69cb8c03c48da84f59fca678d815","restitle":"流程脚本","resurl":"http://hellowocao.com/localxres/datax/coode_keydetailx/data/14242.json"},{"restype":"jsondata","rescode":"UPTM_extdata","resmd5":"440a390905617ce3e465fb9033999622","restitle":"更改时刻","resurl":"http://hellowocao.com/localxres/datax/coode_keydetailx/data/14243.json"},{"restype":"jsondata","rescode":"VRT_extdata","resmd5":"1628f0695b94ce63d08ddf38eac57333","restitle":"职位","resurl":"http://hellowocao.com/localxres/datax/coode_keydetailx/data/14244.json"}]}