{"status":"1","rtype":"formx","rcode":"0YmBuv","rtitle":"世界公司部门","ver":"9089f7cd2c788e9fb84ee53493962fef","vls":[{"restype":"jsondata","rescode":"0YmBuv_basedata","resmd5":"540e65bf5c269142512cb66b87d26e5c","restitle":"世界公司部门","resurl":"http://hellowocao.com/localxres/datax/coode_shortdata/data/2816.json"},{"restype":"jsondata","rescode":"0YmBuv_cssdata","resmd5":"e4cb45f9866994a2ae09504a4191b158","restitle":"世界公司部门","resurl":"http://hellowocao.com/localxres/datax/coode_shortcss/data/.json"},{"restype":"jsondata","rescode":"depcode_extdata","resmd5":"b34f86084970ca424f570c89fd985a80","restitle":"部门代码","resurl":"http://hellowocao.com/localxres/datax/coode_keydetaily/data/102713.json"},{"restype":"jsondata","rescode":"deptitle_extdata","resmd5":"ada33802cca47f5ea4cfa6ff59ca16ed","restitle":"部门标题","resurl":"http://hellowocao.com/localxres/datax/coode_keydetaily/data/102712.json"},{"restype":"jsondata","rescode":"parcode_extdata","resmd5":"4c14f460e9a97cbe020866f9fbaf627c","restitle":"父代码","resurl":"http://hellowocao.com/localxres/datax/coode_keydetaily/data/102711.json"},{"restype":"jsondata","rescode":"parid_extdata","resmd5":"6b36dcfd6815cfa6ae7e3bc67191dec8","restitle":"父id","resurl":"http://hellowocao.com/localxres/datax/coode_keydetaily/data/102710.json"},{"restype":"jsondata","rescode":"STATUS_extdata","resmd5":"464788143d62af8135083901b2eb5578","restitle":"流程状态","resurl":"http://hellowocao.com/localxres/datax/coode_keydetaily/data/102709.json"},{"restype":"jsondata","rescode":"comid_extdata","resmd5":"b45b4617e4f97effff8285a7e5dbd838","restitle":"公司ID","resurl":"http://hellowocao.com/localxres/datax/coode_keydetaily/data/102708.json"},{"restype":"jsondata","rescode":"SNO_extdata","resmd5":"06b9af1fa9643e62d8d0a08e102aa997","restitle":"编号","resurl":"http://hellowocao.com/localxres/datax/coode_keydetaily/data/102714.json"},{"restype":"jsondata","rescode":"depid_extdata","resmd5":"729ba58c79764807ddd0e5b59c2ff4ee","restitle":"部门ID","resurl":"http://hellowocao.com/localxres/datax/coode_keydetaily/data/102715.json"},{"restype":"jsondata","rescode":"OPRT_extdata","resmd5":"9af04adcedafa0856c85f3ced6363949","restitle":"操作","resurl":"http://hellowocao.com/localxres/datax/coode_keydetaily/data/102716.json"}]}