{"status":"1","rtype":"tabx","rcode":"coode_pubkeydetailx","rtitle":"公共表字段X","ver":"f4c5bcb43bd095be8a58474efc1d58ac","crtsql":"CREATE TABLE coode_pubkeydetailx (SNO int(11) NOT NULL AUTO_INCREMENT,TABLE_CATALOG varchar(512) NOT NULL,TABLE_SCHEMA varchar(64) NOT NULL,TABLE_NAME varchar(64) NOT NULL,COLUMN_NAME varchar(64) NOT NULL,ORDINAL_POSITION bigint(20) NOT NULL,COLUMN_DEFAULT longtext NOT NULL,IS_NULLABLE varchar(3) NOT NULL,DATA_TYPE varchar(64) NOT NULL,CHARACTER_MAXIMUM_LENGTH bigint(20) NOT NULL,CHARACTER_OCTET_LENGTH bigint(20) NOT NULL,NUMERIC_PRECISION bigint(20) NOT NULL,NUMERIC_SCALE bigint(20) NOT NULL,DATETIME_PRECISION bigint(20) NOT NULL,CHARACTER_SET_NAME varchar(32) NOT NULL,COLLATION_NAME varchar(32) NOT NULL,COLUMN_TYPE longtext NOT NULL,COLUMN_KEY varchar(3) NOT NULL,EXTRA varchar(30) NOT NULL,PRIVILEGES varchar(80) NOT NULL,COLUMN_COMMENT varchar(1024) NOT NULL,PRIME int(11) NOT NULL,shortid varchar(50) NOT NULL,CRTM datetime NOT NULL,OLMK varchar(30) NOT NULL,PTOF varchar(30) NOT NULL,classp bigint(20) NOT NULL,clstxt text NOT NULL,tdomain varchar(255) NOT NULL,tgroup varchar(50) NOT NULL,tabnick varchar(50) NOT NULL,parallelto varchar(255) NOT NULL,keytitle varchar(30) NOT NULL,valuezero varchar(1024) NOT NULL,keyexplain varchar(30) NOT NULL,acthtml text NOT NULL,atnhtml text NOT NULL,jsshowfun text NOT NULL,sysshowfun text NOT NULL,jspostfun text NOT NULL,syspostfun text NOT NULL,changeable tinyint(4) NOT NULL,displayed tinyint(4) NOT NULL,dxtype varchar(1024) NOT NULL,UPTM datetime NOT NULL,bfist text NOT NULL,aftist text NOT NULL,bfupd text NOT NULL,aftupd text NOT NULL,bfdel text NOT NULL,aftdel text NOT NULL,sysid varchar(20) NOT NULL,appid varchar(20) NOT NULL,isfixed tinyint(4) NOT NULL,thcode varchar(1024) NOT NULL,tdcode varchar(1024) NOT NULL,VRT varchar(1024) NOT NULL,SQX decimal(10,2) NOT NULL,VQX decimal(10,2) NOT NULL,CRTOR varchar(255) NOT NULL,STATUS tinyint(4) NOT NULL,STCODE varchar(1024) NOT NULL,RIP varchar(255) NOT NULL,OPRT varchar(1024) NOT NULL,PRIMARY KEY (SNO),UNIQUE KEY tcol (TABLE_SCHEMA,TABLE_NAME,COLUMN_NAME) USING BTREE) ENGINE=MyISAM AUTO_INCREMENT=1 DEFAULT CHARSET=utf8;","vls":[{"restype":"jsondata","rescode":"coode_pubkeydetailx_basedata","resmd5":"34cf1f9c347d3d3138390bb26671ccb3","restitle":"公共表字段X","resurl":"http://hellowocao.com/localxres/datax/coode_tablist/data/1340.json"},{"restype":"jsondata","rescode":"SNO_extdata","resmd5":"fc0581b4c0cb35995497ac561007c91a","restitle":"编号","resurl":"http://hellowocao.com/localxres/datax/coode_keydetailx/data/26316.json"},{"restype":"jsondata","rescode":"TABLE_CATALOG_extdata","resmd5":"7e63a6d407a6eae910105db3150b187c","restitle":"catalog_table","resurl":"http://hellowocao.com/localxres/datax/coode_keydetailx/data/26317.json"},{"restype":"jsondata","rescode":"TABLE_SCHEMA_extdata","resmd5":"9d0c919cfa2e2412969fb57ab1ca1203","restitle":"数据库","resurl":"http://hellowocao.com/localxres/datax/coode_keydetailx/data/26318.json"},{"restype":"jsondata","rescode":"TABLE_NAME_extdata","resmd5":"9ac9acddefe4b68341501216ee6a5cb5","restitle":"表名","resurl":"http://hellowocao.com/localxres/datax/coode_keydetailx/data/26319.json"},{"restype":"jsondata","rescode":"COLUMN_NAME_extdata","resmd5":"af74ff8438877e026bd9111003d3c086","restitle":"字段名","resurl":"http://hellowocao.com/localxres/datax/coode_keydetailx/data/26320.json"},{"restype":"jsondata","rescode":"ORDINAL_POSITION_extdata","resmd5":"2b18b1a390d1b57f7e67042198ac6aa2","restitle":"ordinalpositiontable","resurl":"http://hellowocao.com/localxres/datax/coode_keydetailx/data/26321.json"},{"restype":"jsondata","rescode":"COLUMN_DEFAULT_extdata","resmd5":"79b63d8eb42dd337bd4aa9e68c0c093f","restitle":"默认值","resurl":"http://hellowocao.com/localxres/datax/coode_keydetailx/data/26322.json"},{"restype":"jsondata","rescode":"IS_NULLABLE_extdata","resmd5":"8039fdf2f688ebd81e96fbdf530bae15","restitle":"可为空","resurl":"http://hellowocao.com/localxres/datax/coode_keydetailx/data/26323.json"},{"restype":"jsondata","rescode":"DATA_TYPE_extdata","resmd5":"80ccc4a445d263206dd1e98d0f7b8c1f","restitle":"数据类型","resurl":"http://hellowocao.com/localxres/datax/coode_keydetailx/data/26324.json"},{"restype":"jsondata","rescode":"CHARACTER_MAXIMUM_LENGTH_extdata","resmd5":"7834e13b4e7e19c3f3380aa74facf7ae","restitle":"字段长度","resurl":"http://hellowocao.com/localxres/datax/coode_keydetailx/data/26325.json"},{"restype":"jsondata","rescode":"CHARACTER_OCTET_LENGTH_extdata","resmd5":"67274388ca7d4c66535e084996a86840","restitle":"character_octet_length_table","resurl":"http://hellowocao.com/localxres/datax/coode_keydetailx/data/26326.json"},{"restype":"jsondata","rescode":"NUMERIC_PRECISION_extdata","resmd5":"7b224c219de09ea9fa364965ee68c9b6","restitle":"numeric_precision_table","resurl":"http://hellowocao.com/localxres/datax/coode_keydetailx/data/26327.json"},{"restype":"jsondata","rescode":"NUMERIC_SCALE_extdata","resmd5":"c47824dc77fb3206094aa26bf51950e4","restitle":"numeric_scale_table","resurl":"http://hellowocao.com/localxres/datax/coode_keydetailx/data/26328.json"},{"restype":"jsondata","rescode":"DATETIME_PRECISION_extdata","resmd5":"2789d6c894757a42feecd4bebbc7ead4","restitle":"datetime_precision_table","resurl":"http://hellowocao.com/localxres/datax/coode_keydetailx/data/26329.json"},{"restype":"jsondata","rescode":"CHARACTER_SET_NAME_extdata","resmd5":"1f4283b14c1fef22e486747e54c930cb","restitle":"char_sets","resurl":"http://hellowocao.com/localxres/datax/coode_keydetailx/data/26330.json"},{"restype":"jsondata","rescode":"COLLATION_NAME_extdata","resmd5":"0e5ded75305a0ff731061ad046f19ac1","restitle":"collation_name_table","resurl":"http://hellowocao.com/localxres/datax/coode_keydetailx/data/26331.json"},{"restype":"jsondata","rescode":"COLUMN_TYPE_extdata","resmd5":"3e5583ac6f7c965cd1ce8256e899a002","restitle":"字段类别","resurl":"http://hellowocao.com/localxres/datax/coode_keydetailx/data/26332.json"},{"restype":"jsondata","rescode":"COLUMN_KEY_extdata","resmd5":"027dbd0243d305ada8088460749d57d0","restitle":"table_key","resurl":"http://hellowocao.com/localxres/datax/coode_keydetailx/data/26333.json"},{"restype":"jsondata","rescode":"EXTRA_extdata","resmd5":"6da7d512a26e86a6eefacfb6091ebf45","restitle":" extra","resurl":"http://hellowocao.com/localxres/datax/coode_keydetailx/data/26334.json"},{"restype":"jsondata","rescode":"PRIVILEGES_extdata","resmd5":"c47fc472225647029d65681da8095a4b","restitle":"","resurl":"http://hellowocao.com/localxres/datax/coode_keydetailx/data/26335.json"},{"restype":"jsondata","rescode":"COLUMN_COMMENT_extdata","resmd5":"5daa80df7f9ce39cc4c09c5e99639e13","restitle":"","resurl":"http://hellowocao.com/localxres/datax/coode_keydetailx/data/26336.json"},{"restype":"jsondata","rescode":"PRIME_extdata","resmd5":"c9352914d39f2970f0fed808ed805705","restitle":"素数定类","resurl":"http://hellowocao.com/localxres/datax/coode_keydetailx/data/26337.json"},{"restype":"jsondata","rescode":"shortid_extdata","resmd5":"3b950d969d81ad9a37f917d4fa8a958c","restitle":"短码","resurl":"http://hellowocao.com/localxres/datax/coode_keydetailx/data/26338.json"},{"restype":"jsondata","rescode":"CRTM_extdata","resmd5":"99f27c68284bf3384163c9100e7b7e86","restitle":"创建时刻","resurl":"http://hellowocao.com/localxres/datax/coode_keydetailx/data/26339.json"},{"restype":"jsondata","rescode":"OLMK_extdata","resmd5":"21904daaeead4560d1128327a7ea3d32","restitle":"唯一标记","resurl":"http://hellowocao.com/localxres/datax/coode_keydetailx/data/26340.json"},{"restype":"jsondata","rescode":"PTOF_extdata","resmd5":"5c0153a95a17d54bec8eebb0d0df2d74","restitle":"归属","resurl":"http://hellowocao.com/localxres/datax/coode_keydetailx/data/26341.json"},{"restype":"jsondata","rescode":"classp_extdata","resmd5":"f0c1902786e09f0be2a8658ec4028e0e","restitle":"质数定类","resurl":"http://hellowocao.com/localxres/datax/coode_keydetailx/data/26342.json"},{"restype":"jsondata","rescode":"clstxt_extdata","resmd5":"14d7582b8afcd786ee94e70f7039a7c0","restitle":"分类选项","resurl":"http://hellowocao.com/localxres/datax/coode_keydetailx/data/26343.json"},{"restype":"jsondata","rescode":"tdomain_extdata","resmd5":"39a85324af7b2a78483e09f4a9bcc0aa","restitle":"t_domain","resurl":"http://hellowocao.com/localxres/datax/coode_keydetailx/data/26344.json"},{"restype":"jsondata","rescode":"tgroup_extdata","resmd5":"5883170f0998a11203df1184b47a7a03","restitle":"t_group","resurl":"http://hellowocao.com/localxres/datax/coode_keydetailx/data/26345.json"},{"restype":"jsondata","rescode":"tabnick_extdata","resmd5":"10a0c8010d1c66a11673384d2dea96bf","restitle":"表格昵名","resurl":"http://hellowocao.com/localxres/datax/coode_keydetailx/data/26346.json"},{"restype":"jsondata","rescode":"parallelto_extdata","resmd5":"c997b6a748f0ca53bd39449784e49f4f","restitle":"平行分裂","resurl":"http://hellowocao.com/localxres/datax/coode_keydetailx/data/26347.json"},{"restype":"jsondata","rescode":"keytitle_extdata","resmd5":"7c4fc4ae1c2dc0f55ef14c7a1294110d","restitle":"字段别名","resurl":"http://hellowocao.com/localxres/datax/coode_keydetailx/data/26348.json"},{"restype":"jsondata","rescode":"valuezero_extdata","resmd5":"7449dad5be832b7ff94e5ef8b5d76716","restitle":"默认值","resurl":"http://hellowocao.com/localxres/datax/coode_keydetailx/data/26349.json"},{"restype":"jsondata","rescode":"keyexplain_extdata","resmd5":"b02ec0024a18f6e2e5014c143e06dc68","restitle":"字段注释","resurl":"http://hellowocao.com/localxres/datax/coode_keydetailx/data/26350.json"},{"restype":"jsondata","rescode":"acthtml_extdata","resmd5":"71d64363fe5e1084cfcacf54596f7bde","restitle":"选择器执行","resurl":"http://hellowocao.com/localxres/datax/coode_keydetailx/data/26351.json"},{"restype":"jsondata","rescode":"atnhtml_extdata","resmd5":"a74058c233d3fd98f3a039f26f1c4e8e","restitle":"头字段TR脚本","resurl":"http://hellowocao.com/localxres/datax/coode_keydetailx/data/26352.json"},{"restype":"jsondata","rescode":"jsshowfun_extdata","resmd5":"5ecee955954d9354feac7c7a0e1db2c8","restitle":"前端展示","resurl":"http://hellowocao.com/localxres/datax/coode_keydetailx/data/26353.json"},{"restype":"jsondata","rescode":"sysshowfun_extdata","resmd5":"6e2230f31ac4f1fa270dfef9936fc588","restitle":"样式脚本","resurl":"http://hellowocao.com/localxres/datax/coode_keydetailx/data/26354.json"},{"restype":"jsondata","rescode":"jspostfun_extdata","resmd5":"c1703256b21bddd5336f3586d5da8447","restitle":"前提交验证","resurl":"http://hellowocao.com/localxres/datax/coode_keydetailx/data/26355.json"},{"restype":"jsondata","rescode":"syspostfun_extdata","resmd5":"e8da0eab14512aae48c7425c1798dea5","restitle":"后端提交验证","resurl":"http://hellowocao.com/localxres/datax/coode_keydetailx/data/26356.json"},{"restype":"jsondata","rescode":"changeable_extdata","resmd5":"146a9144228775fb869d594b764e9e68","restitle":"可否更改","resurl":"http://hellowocao.com/localxres/datax/coode_keydetailx/data/26357.json"},{"restype":"jsondata","rescode":"displayed_extdata","resmd5":"a42392e61ecc3f9be8ab163d6cef427f","restitle":"显示","resurl":"http://hellowocao.com/localxres/datax/coode_keydetailx/data/26358.json"},{"restype":"jsondata","rescode":"dxtype_extdata","resmd5":"df789d42614d8ed288248b731cbe7a9b","restitle":"显示类型","resurl":"http://hellowocao.com/localxres/datax/coode_keydetailx/data/26359.json"},{"restype":"jsondata","rescode":"UPTM_extdata","resmd5":"e0c8e546c70bffa91b52df75fc8b0b56","restitle":"更改时刻","resurl":"http://hellowocao.com/localxres/datax/coode_keydetailx/data/26360.json"},{"restype":"jsondata","rescode":"bfist_extdata","resmd5":"f0bfacb01d76c53290b3f79216431be0","restitle":"新增前","resurl":"http://hellowocao.com/localxres/datax/coode_keydetailx/data/26361.json"},{"restype":"jsondata","rescode":"aftist_extdata","resmd5":"c1ea87a8b9921f3f98cbd38b109c2555","restitle":"新增后","resurl":"http://hellowocao.com/localxres/datax/coode_keydetailx/data/26362.json"},{"restype":"jsondata","rescode":"bfupd_extdata","resmd5":"511673e08d9b0d21c7f16d7f197d80df","restitle":"更改前","resurl":"http://hellowocao.com/localxres/datax/coode_keydetailx/data/26363.json"},{"restype":"jsondata","rescode":"aftupd_extdata","resmd5":"a60a3cdcdc924c9d6ce4fd365eaa6e23","restitle":"更改后","resurl":"http://hellowocao.com/localxres/datax/coode_keydetailx/data/26364.json"},{"restype":"jsondata","rescode":"bfdel_extdata","resmd5":"37b03d1a78094dca6b9a9ebde9a11e30","restitle":"删除前","resurl":"http://hellowocao.com/localxres/datax/coode_keydetailx/data/26365.json"},{"restype":"jsondata","rescode":"aftdel_extdata","resmd5":"db78c804dd86041bbd90875607476d36","restitle":"删除后","resurl":"http://hellowocao.com/localxres/datax/coode_keydetailx/data/26366.json"},{"restype":"jsondata","rescode":"sysid_extdata","resmd5":"f043a3b51fc07d63578878860ad041eb","restitle":"系统ID","resurl":"http://hellowocao.com/localxres/datax/coode_keydetailx/data/26367.json"},{"restype":"jsondata","rescode":"appid_extdata","resmd5":"cd47149c2c97099ee75e294cfc0f96f7","restitle":"应用id","resurl":"http://hellowocao.com/localxres/datax/coode_keydetailx/data/26368.json"},{"restype":"jsondata","rescode":"isfixed_extdata","resmd5":"379de7110291f39c671ceff6128a3f3c","restitle":"是否固定","resurl":"http://hellowocao.com/localxres/datax/coode_keydetailx/data/26369.json"},{"restype":"jsondata","rescode":"thcode_extdata","resmd5":"230f9ee0a6afff43de033417616575f1","restitle":"表头外围","resurl":"http://hellowocao.com/localxres/datax/coode_keydetailx/data/26370.json"},{"restype":"jsondata","rescode":"tdcode_extdata","resmd5":"c795f18458b6fd6473bcd275bafa21ce","restitle":"单元格外围","resurl":"http://hellowocao.com/localxres/datax/coode_keydetailx/data/26371.json"},{"restype":"jsondata","rescode":"VRT_extdata","resmd5":"d8de51490480de7eec62b8ee35d966c6","restitle":"流程编码","resurl":"http://hellowocao.com/localxres/datax/coode_keydetailx/data/26372.json"},{"restype":"jsondata","rescode":"SQX_extdata","resmd5":"55ab09a23d345a43268fa3440d5f9c70","restitle":"顺序","resurl":"http://hellowocao.com/localxres/datax/coode_keydetailx/data/26373.json"},{"restype":"jsondata","rescode":"VQX_extdata","resmd5":"0a5a0f249e8c071bf42c40271b50233f","restitle":"展示字段顺序","resurl":"http://hellowocao.com/localxres/datax/coode_keydetailx/data/26374.json"},{"restype":"jsondata","rescode":"CRTOR_extdata","resmd5":"c5d6a64f750c369c0c7f2486922845cd","restitle":"创建者","resurl":"http://hellowocao.com/localxres/datax/coode_keydetailx/data/26375.json"},{"restype":"jsondata","rescode":"STATUS_extdata","resmd5":"2ae4e7634ae3eb7a5d789dcba241a557","restitle":"流程状态","resurl":"http://hellowocao.com/localxres/datax/coode_keydetailx/data/26376.json"},{"restype":"jsondata","rescode":"STCODE_extdata","resmd5":"5dcd0a03520346609b59b2529e919026","restitle":"流程脚本","resurl":"http://hellowocao.com/localxres/datax/coode_keydetailx/data/26377.json"},{"restype":"jsondata","rescode":"RIP_extdata","resmd5":"9b5be32df574e6274c859fddea0c7fc5","restitle":"远程IP","resurl":"http://hellowocao.com/localxres/datax/coode_keydetailx/data/26378.json"},{"restype":"jsondata","rescode":"OPRT_extdata","resmd5":"6a31b8c1fec3ba45313dc85f8aaf6ad4","restitle":"操作","resurl":"http://hellowocao.com/localxres/datax/coode_keydetailx/data/26379.json"}]}