{"status":"1","rtype":"formx","rcode":"0beKlN","rtitle":"系统资源同步管理","ver":"d32f1da7947e2b8398a2e48f780fe4f2","vls":[{"restype":"jsondata","rescode":"0beKlN_basedata","resmd5":"78f609bc1a3e2bc4484ab6957aa58ebd","restitle":"系统资源同步管理","resurl":"http://hellowocao.com/localxres/datax/coode_shortdata/data/1363.json"},{"restype":"jsondata","rescode":"0beKlN_cssdata","resmd5":"8a66ed3388bacd667204cfa289bb648d","restitle":"系统资源同步管理","resurl":"http://hellowocao.com/localxres/datax/coode_shortcss/data/.json"},{"restype":"jsondata","rescode":"SNO_extdata","resmd5":"c100567e23afe80b3946c224484a0e33","restitle":"编号","resurl":"http://hellowocao.com/localxres/datax/coode_keydetaily/data/28865.json"},{"restype":"jsondata","rescode":"clonemark_extdata","resmd5":"19e9c3a17d00a8e69ebb120102a9c81d","restitle":"编号","resurl":"http://hellowocao.com/localxres/datax/coode_keydetaily/data/28866.json"},{"restype":"jsondata","rescode":"fromsrcmark_extdata","resmd5":"972d3af761b7a67bfc0ca95ab91875a0","restitle":"编号","resurl":"http://hellowocao.com/localxres/datax/coode_keydetaily/data/28867.json"},{"restype":"jsondata","rescode":"fromsrctype_extdata","resmd5":"2015ac0f1c3f538d321184dbfdbf19bf","restitle":"编号","resurl":"http://hellowocao.com/localxres/datax/coode_keydetaily/data/28868.json"},{"restype":"jsondata","rescode":"fromsrctitle_extdata","resmd5":"439e6838f02588738797464965d4ab53","restitle":"编号","resurl":"http://hellowocao.com/localxres/datax/coode_keydetaily/data/28869.json"},{"restype":"jsondata","rescode":"tosrcmark_extdata","resmd5":"f8f8cf8c0c5d08b2f9c484e6a0cc33d9","restitle":"编号","resurl":"http://hellowocao.com/localxres/datax/coode_keydetaily/data/28870.json"},{"restype":"jsondata","rescode":"tosrctype_extdata","resmd5":"602ab9fa91fd490f4a2ff5f83660cb22","restitle":"编号","resurl":"http://hellowocao.com/localxres/datax/coode_keydetaily/data/28871.json"},{"restype":"jsondata","rescode":"tosrctitle_extdata","resmd5":"519bfb65b1accdc10b83a05bb5bdba28","restitle":"编号","resurl":"http://hellowocao.com/localxres/datax/coode_keydetaily/data/28872.json"}]}