{"status":"1","rtype":"formx","rcode":"IK8fe4","rtitle":"系统开发申请上传图片","ver":"172899c8b498996e565f9d185354e7db","vls":[{"restype":"jsondata","rescode":"IK8fe4_basedata","resmd5":"b0a30f46b7f2f1a499fbf2f500a838ad","restitle":"系统开发申请上传图片","resurl":"http://hellowocao.com/localxres/datax/coode_shortdata/data/2531.json"},{"restype":"jsondata","rescode":"IK8fe4_cssdata","resmd5":"022b7fe883d665de8a160a01c99e9dab","restitle":"系统开发申请上传图片","resurl":"http://hellowocao.com/localxres/datax/coode_shortcss/data/.json"},{"restype":"jsondata","rescode":"SNO_extdata","resmd5":"feb2b63ae55d83f3a78771fcf64592bb","restitle":"编号","resurl":"http://hellowocao.com/localxres/datax/coode_keydetaily/data/97292.json"},{"restype":"jsondata","rescode":"taskcode_extdata","resmd5":"df70ea1ebade234c80e5c41960684a12","restitle":"案件编码","resurl":"http://hellowocao.com/localxres/datax/coode_keydetaily/data/97293.json"},{"restype":"jsondata","rescode":"pictitle_extdata","resmd5":"bd1f03861bfefd3cb2455b25e0016bf2","restitle":"图片标题","resurl":"http://hellowocao.com/localxres/datax/coode_keydetaily/data/97294.json"},{"restype":"jsondata","rescode":"picurl_extdata","resmd5":"4e6597b03cb5ae448679fffd288bad6a","restitle":"图片地址","resurl":"http://hellowocao.com/localxres/datax/coode_keydetaily/data/97295.json"},{"restype":"jsondata","rescode":"pictype_extdata","resmd5":"efcda7e401904e0d52cdf3b38b4ada09","restitle":"图片类型","resurl":"http://hellowocao.com/localxres/datax/coode_keydetaily/data/97296.json"},{"restype":"jsondata","rescode":"OLMK_extdata","resmd5":"e3bb5aa1fc8e91ca16b027f52de43188","restitle":"唯一标记","resurl":"http://hellowocao.com/localxres/datax/coode_keydetaily/data/97297.json"},{"restype":"jsondata","rescode":"UPTM_extdata","resmd5":"0767ea03d4917680394c5bd0e35916c2","restitle":"更改时刻","resurl":"http://hellowocao.com/localxres/datax/coode_keydetaily/data/97298.json"}]}