{"status":"1","rtype":"formx","rcode":"TZ9Rv1","rtitle":"生成单元","ver":"517978bb28160da9283593096622dd11","vls":[{"restype":"jsondata","rescode":"TZ9Rv1_basedata","resmd5":"dd31480e3cdad350fe96b5c8cf7ff42e","restitle":"生成单元","resurl":"http://hellowocao.com/localxres/datax/coode_shortdata/data/69.json"},{"restype":"jsondata","rescode":"TZ9Rv1_cssdata","resmd5":"3bb98bcc683fb8ea1d295444c73db888","restitle":"生成单元","resurl":"http://hellowocao.com/localxres/datax/coode_shortcss/data/76.json"},{"restype":"jsondata","rescode":"unitclass_extdata","resmd5":"f80c091cc1b30f74e24f9309a54531b5","restitle":"编号","resurl":"http://hellowocao.com/localxres/datax/coode_keydetaily/data/12833.json"},{"restype":"jsondata","rescode":"unittitle_extdata","resmd5":"1779ae0057502a64c6bfa1cab3c023df","restitle":"编号","resurl":"http://hellowocao.com/localxres/datax/coode_keydetaily/data/12657.json"},{"restype":"jsondata","rescode":"STATUS_extdata","resmd5":"50c3b6da5a23220bd4b32399efbb2a50","restitle":"数据状态","resurl":"http://hellowocao.com/localxres/datax/coode_keydetaily/data/12656.json"},{"restype":"jsondata","rescode":"demoeval_extdata","resmd5":"ee0c7726b98cae4cbca49ce7909be6be","restitle":"样例可执行","resurl":"http://hellowocao.com/localxres/datax/coode_keydetaily/data/12655.json"},{"restype":"jsondata","rescode":"demourl_extdata","resmd5":"9759ebc80a04bc1529ada1179ea1c70d","restitle":"样例URL","resurl":"http://hellowocao.com/localxres/datax/coode_keydetaily/data/12654.json"},{"restype":"jsondata","rescode":"SNO_extdata","resmd5":"3e55b36d5f793f04a78cea82a1ef3041","restitle":"编号","resurl":"http://hellowocao.com/localxres/datax/coode_keydetaily/data/12653.json"},{"restype":"jsondata","rescode":"unitmark_extdata","resmd5":"dd0b11d3fd783d00674648339828ae97","restitle":"样式标记","resurl":"http://hellowocao.com/localxres/datax/coode_keydetaily/data/12652.json"},{"restype":"jsondata","rescode":"UPTM_extdata","resmd5":"601c9edfc9031dd136da3c3bbf380e0c","restitle":"更新时刻","resurl":"http://hellowocao.com/localxres/datax/coode_keydetaily/data/12651.json"},{"restype":"jsondata","rescode":"CRTM_extdata","resmd5":"2e4ac41a5671b5e6b2937caf99c21e4b","restitle":"创建时刻","resurl":"http://hellowocao.com/localxres/datax/coode_keydetaily/data/12650.json"},{"restype":"jsondata","rescode":"STCODE_extdata","resmd5":"acf5fb3b06552a4082d57638dc8672f0","restitle":"流程脚本","resurl":"http://hellowocao.com/localxres/datax/coode_keydetaily/data/13074.json"},{"restype":"jsondata","rescode":"VRT_extdata","resmd5":"f2098c372360f85dcdf5f15476ec5bdd","restitle":"流程编码","resurl":"http://hellowocao.com/localxres/datax/coode_keydetaily/data/13746.json"},{"restype":"jsondata","rescode":"sysid_extdata","resmd5":"4c5b1c04c5a06cbc5186abe12ab2d694","restitle":"系统ID","resurl":"http://hellowocao.com/localxres/datax/coode_keydetaily/data/16926.json"},{"restype":"jsondata","rescode":"appid_extdata","resmd5":"b7bbbd075325ddb36ce6d26d3fb3bcbf","restitle":"应用id","resurl":"http://hellowocao.com/localxres/datax/coode_keydetaily/data/16925.json"},{"restype":"jsondata","rescode":"domainmark_extdata","resmd5":"091a207727a37e9122ee8490fbf7eeff","restitle":"区块标记","resurl":"http://hellowocao.com/localxres/datax/coode_keydetaily/data/17741.json"},{"restype":"jsondata","rescode":"unittype_extdata","resmd5":"0763d95ae636ea0fb54e4f7807b08888","restitle":"单元类型","resurl":"http://hellowocao.com/localxres/datax/coode_keydetaily/data/17764.json"}]}