{"status":"1","rtype":"formx","rcode":"ccwood","rtitle":"我的资源构成分支表","ver":"8181db4f3e0c8a4a1bb83232650592fe","vls":[{"restype":"jsondata","rescode":"ccwood_basedata","resmd5":"3e86f4295391e4d6a9546f5f7d912a5f","restitle":"我的资源构成分支表","resurl":"http://hellowocao.com/localxres/datax/coode_shortdata/data/2755.json"},{"restype":"jsondata","rescode":"ccwood_cssdata","resmd5":"8f8ed36cbf08b68dd025d5f02dee7ef1","restitle":"我的资源构成分支表","resurl":"http://hellowocao.com/localxres/datax/coode_shortcss/data/.json"},{"restype":"jsondata","rescode":"bgrpkmd5_extdata","resmd5":"2c904d952587c5d81725b9b9b42fe6a2","restitle":"字段结构类型版本","resurl":"http://hellowocao.com/localxres/datax/coode_keydetaily/data/102423.json"},{"restype":"jsondata","rescode":"SNO_extdata","resmd5":"b8c8f1525a8eadc5fc78d9612ff280a1","restitle":"编号","resurl":"http://hellowocao.com/localxres/datax/coode_keydetaily/data/102424.json"},{"restype":"jsondata","rescode":"OPRT_extdata","resmd5":"8ac384e0471ca5f559a5ff221218ced8","restitle":"操作","resurl":"http://hellowocao.com/localxres/datax/coode_keydetaily/data/102425.json"},{"restype":"jsondata","rescode":"STATUS_extdata","resmd5":"c2c1c2383fec5507afed5b3880ff1607","restitle":"流程状态","resurl":"http://hellowocao.com/localxres/datax/coode_keydetaily/data/102426.json"},{"restype":"jsondata","rescode":"worldmarks_extdata","resmd5":"6a4c83aec7bc66e2408ff48e3e8867b4","restitle":"世界标记","resurl":"http://hellowocao.com/localxres/datax/coode_keydetaily/data/102427.json"},{"restype":"jsondata","rescode":"relyrestp_extdata","resmd5":"7559442a1880282f934f927c2fef3af5","restitle":"依赖资源类型","resurl":"http://hellowocao.com/localxres/datax/coode_keydetaily/data/102419.json"},{"restype":"jsondata","rescode":"typecodex_extdata","resmd5":"898f230c78b90434960e3a2293c8a71e","restitle":"类型代码","resurl":"http://hellowocao.com/localxres/datax/coode_keydetaily/data/102420.json"},{"restype":"jsondata","rescode":"bgrpmark_extdata","resmd5":"b333b7199d0af421d1eab2eaa10637eb","restitle":"表标记","resurl":"http://hellowocao.com/localxres/datax/coode_keydetaily/data/102421.json"},{"restype":"jsondata","rescode":"bgrptitle_extdata","resmd5":"03ff72de191a57f84a02e68bc1cc6a99","restitle":"表标题","resurl":"http://hellowocao.com/localxres/datax/coode_keydetaily/data/102422.json"},{"restype":"jsondata","rescode":"bgtabtype_extdata","resmd5":"b766bfeeae5687226c68d77f284e82d7","restitle":"分支集表类型","resurl":"http://hellowocao.com/localxres/datax/coode_keydetaily/data/102418.json"}]}