{"status":"1","tabnm":"coode_sysconstant","tabtitle":"系统常量","tabsno":"62","crtsql":"CREATE TABLE coode_sysconstant (SNO int(11) NOT NULL AUTO_INCREMENT,sysid varchar(30) NOT NULL,comid varchar(30) NOT NULL,constantid varchar(50) NOT NULL,vermd5 varchar(32) NOT NULL,constanttitle varchar(255) NOT NULL,constanttype varchar(50) NOT NULL,constantvalue longtext NOT NULL,constint int(11) NOT NULL,constdate date NOT NULL,constdatetime datetime NOT NULL,constvar varchar(1024) NOT NULL,constdecimal decimal(10,2) NOT NULL,consttext longtext NOT NULL,CRTM datetime NOT NULL,rescode varchar(100) NOT NULL,CRTOR varchar(255) NOT NULL,OLMK varchar(255) NOT NULL,PRIME int(11) NOT NULL,PTOF varchar(255) NOT NULL,RIP varchar(255) NOT NULL,STATUS tinyint(4) NOT NULL,STCODE varchar(1024) NOT NULL,UPTM datetime NOT NULL,VRT varchar(255) NOT NULL,OPRT varchar(100) NOT NULL,PRIMARY KEY (SNO)) ENGINE=MyISAM AUTO_INCREMENT=1 DEFAULT CHARSET=utf8;","allkeys":"公司ID,常量标记,常量标题,常量类型,常量值,常量日期,常量日期时间,常量保留两位,常量数值,常量文本,常量可变字,创建时刻,创建者,唯一标记,操作,资源升级,归属,资源代码,远程IP,编号,流程状态,流程脚本,系统ID,更改时刻,版本号,流程编码|comid,constantid,constanttitle,constanttype,constantvalue,constdate,constdatetime,constdecimal,constint,consttext,constvar,CRTM,CRTOR,OLMK,OPRT,PRIME,PTOF,rescode,RIP,SNO,STATUS,STCODE,sysid,UPTM,vermd5,VRT","parreskey":"","mainsqx":"SNO","srckey":"constantid","srcttk":"constanttitle","rtype":"constx","parcode":"","rcode":"rberpboxclientmain","rtitle":"鸿蓝ERP盒子主页面地址","ver":"20260129115502","vls":[{"keymark":"vermd5","dxtype":"varchar","keytitle":"版本号","kvalue":"90d9bb2e62becba02bc4877c464994b7"},{"keymark":"sysid","dxtype":"select","keytitle":"系统ID","kvalue":"2"},{"keymark":"comid","dxtype":"varchar","keytitle":"公司ID","kvalue":""},{"keymark":"constdate","dxtype":"date","keytitle":"常量日期","kvalue":"2021-04-21"},{"keymark":"constdatetime","dxtype":"dttm","keytitle":"常量日期时间","kvalue":"2021-04-21 00:00:00"},{"keymark":"constantid","dxtype":"varchar","keytitle":"常量标记","kvalue":"rberpboxclientmain"},{"keymark":"constanttitle","dxtype":"varchar","keytitle":"常量标题","kvalue":"鸿蓝ERP盒子主页面地址"},{"keymark":"constanttype","dxtype":"select","keytitle":"常量类型","kvalue":"varchar"},{"keymark":"constantvalue","dxtype":"tarea","keytitle":"常量值","kvalue":"dTYPE_HEX:2f444e412f4558462f616e796c61792e7068703f6c617969643d576a644c3535"},{"keymark":"constint","dxtype":"int","keytitle":"常量数值","kvalue":"0"},{"keymark":"constvar","dxtype":"varchar","keytitle":"常量可变字","kvalue":"dTYPE_HEX:2f444e412f4558462f616e796c61792e7068703f6c617969643d576a644c3535"},{"keymark":"constdecimal","dxtype":"decimal","keytitle":"常量保留两位","kvalue":"0.00"},{"keymark":"consttext","dxtype":"tarea","keytitle":"常量文本","kvalue":""},{"keymark":"CRTM","dxtype":"dttm","keytitle":"创建时刻","kvalue":"2021-04-21 22:50:25"},{"keymark":"CRTOR","dxtype":"varchar","keytitle":"创建者","kvalue":"hellowocao"},{"keymark":"OLMK","dxtype":"varchar","keytitle":"唯一标记","kvalue":"bf84e691382b40a4f1cbc0f3df7ed8e0"},{"keymark":"PRIME","dxtype":"int","keytitle":"资源升级","kvalue":"0"},{"keymark":"PTOF","dxtype":"varchar","keytitle":"归属","kvalue":""},{"keymark":"RIP","dxtype":"varchar","keytitle":"远程IP","kvalue":"223.100.203.162"},{"keymark":"STATUS","dxtype":"varchar","keytitle":"流程状态","kvalue":"0"},{"keymark":"STCODE","dxtype":"varchar","keytitle":"流程脚本","kvalue":""},{"keymark":"UPTM","dxtype":"datetime","keytitle":"更改时刻","kvalue":"2023-03-22 16:21:18"},{"keymark":"VRT","dxtype":"varchar","keytitle":"流程编码","kvalue":"3fedc11d0711d5a2d02f024cfa6b4144"},{"keymark":"OPRT","dxtype":"chtml","keytitle":"操作","kvalue":""},{"keymark":"rescode","dxtype":"varchar","keytitle":"资源代码","kvalue":""}]}