{"status":"1","rtype":"tempx","rcode":"kmcmateqm.index","rtitle":"千机连设备PC匹配","ver":"689977db3fcf0adb1c35c7d6511b11d0","vls":[{"restype":"csspagex","rescode":"eqmmatch","resmd5":"","restitle":"千机连设备PC匹配的eqmmatch","resurl":"http://hellowocao.com/systemres/1/csspagex/eqmmatch/eqmmatch_csspagex.zip"},{"restype":"tempx","rescode":"kmcmateqm.index","resmd5":"","restitle":"千机连设备PC匹配","resurl":"http://hellowocao.com/localxres/tempx/kmcmateqm/kmcmateqm_tempx.zip"}]}