{"status":"1","rtype":"formx","rcode":"ePNigU","rtitle":"短地址列表","ver":"b96e904c6c387d5b75450265b313e2ba","vls":[{"restype":"jsondata","rescode":"ePNigU_basedata","resmd5":"6f20de557dac132aa6dbfcbdabcac5a7","restitle":"短地址列表","resurl":"http://hellowocao.com/localxres/datax/coode_shortdata/data/1458.json"},{"restype":"jsondata","rescode":"ePNigU_cssdata","resmd5":"b73a48bffdab8fd251a4da4a79a95f00","restitle":"短地址列表","resurl":"http://hellowocao.com/localxres/datax/coode_shortcss/data/.json"},{"restype":"jsondata","rescode":"ismbl_extdata","resmd5":"5e50aedc4851912427926593974fdd5c","restitle":"移动端","resurl":"http://hellowocao.com/localxres/datax/coode_keydetaily/data/30429.json"},{"restype":"jsondata","rescode":"OPRT_extdata","resmd5":"f0f0cee684f4d7912122897bf08fb9f8","restitle":"操作","resurl":"http://hellowocao.com/localxres/datax/coode_keydetaily/data/30430.json"},{"restype":"jsondata","rescode":"SNO_extdata","resmd5":"fb379e6fd1739669115264d5334b93e4","restitle":"编号","resurl":"http://hellowocao.com/localxres/datax/coode_keydetaily/data/30431.json"},{"restype":"jsondata","rescode":"CRTOR_extdata","resmd5":"7fb13591c9fb70433f32a564b4ce7aae","restitle":"创建人","resurl":"http://hellowocao.com/localxres/datax/coode_keydetaily/data/30432.json"},{"restype":"jsondata","rescode":"PTOF_extdata","resmd5":"045cb5c2508dc2d7f40a3da4647fcea6","restitle":"类属","resurl":"http://hellowocao.com/localxres/datax/coode_keydetaily/data/30433.json"},{"restype":"jsondata","rescode":"longexp_extdata","resmd5":"4cc9f05ed7ff41cc66cb93d1d5ae910d","restitle":"访问地址","resurl":"http://hellowocao.com/localxres/datax/coode_keydetaily/data/30434.json"},{"restype":"jsondata","rescode":"tinymark_extdata","resmd5":"d5ea9699ebda8ad75a2e4c35d5428a78","restitle":"短地址标记","resurl":"http://hellowocao.com/localxres/datax/coode_keydetaily/data/30435.json"},{"restype":"jsondata","rescode":"shortid_extdata","resmd5":"8eaf4e0a69c88e8c1fd186af574dfae5","restitle":"短码","resurl":"http://hellowocao.com/localxres/datax/coode_keydetaily/data/30436.json"},{"restype":"jsondata","rescode":"PRIME_extdata","resmd5":"221e05ce96ec6abfd90ab87ea2cbbcdd","restitle":"主显","resurl":"http://hellowocao.com/localxres/datax/coode_keydetaily/data/30438.json"},{"restype":"jsondata","rescode":"tinytitle_extdata","resmd5":"764f5e6e227dbe7b25bed59a278e5847","restitle":"短地址标题","resurl":"http://hellowocao.com/localxres/datax/coode_keydetaily/data/30439.json"},{"restype":"jsondata","rescode":"pagecls_extdata","resmd5":"cb89527399432df1eaded0e37d7bb231","restitle":"布局类别","resurl":"http://hellowocao.com/localxres/datax/coode_keydetaily/data/30440.json"},{"restype":"jsondata","rescode":"imghead_extdata","resmd5":"a34964c2bbd195b94e484030985ab043","restitle":"图像","resurl":"http://hellowocao.com/localxres/datax/coode_keydetaily/data/30441.json"},{"restype":"jsondata","rescode":"laypath_extdata","resmd5":"127ac53e071f80f112784c1f280a5719","restitle":"输出地址","resurl":"http://hellowocao.com/localxres/datax/coode_keydetaily/data/30446.json"},{"restype":"jsondata","rescode":"tabname_extdata","resmd5":"2adb07297f9470e6be5643157fa49ec2","restitle":"表格名称","resurl":"http://hellowocao.com/localxres/datax/coode_keydetaily/data/30447.json"}]}