{"status":"1","rtype":"formx","rcode":"gMo8hq","rtitle":"gMo8hq","ver":"b0007948b9085c75dc3d40bc7816788e","vls":[{"restype":"jsondata","rescode":"gMo8hq_basedata","resmd5":"6d2405c1e67061f7ad8f2d29f8e31e82","restitle":"gMo8hq","resurl":"http://hellowocao.com/localxres/datax/coode_shortdata/data/106.json"},{"restype":"jsondata","rescode":"gMo8hq_cssdata","resmd5":"c7ef51cb7e61e9fa2b81976062d1f441","restitle":"gMo8hq","resurl":"http://hellowocao.com/localxres/datax/coode_shortcss/data/.json"},{"restype":"jsondata","rescode":"SNO_extdata","resmd5":"db8c9b4f718481aa3dde657415da48fb","restitle":"编号","resurl":"http://hellowocao.com/localxres/datax/coode_keydetaily/data/32080.json"}]}