{"status":"1","rtype":"tabx","rcode":"coode_sqlimpact","rtitle":"数据执行影响","ver":"465ad67f3885c8a7faf1392b82018894","crtsql":"CREATE TABLE coode_sqlimpact (SNO int(11) NOT NULL AUTO_INCREMENT,sqltime datetime NOT NULL,sqlcls varchar(100) NOT NULL,tablename varchar(255) NOT NULL,tww varchar(1024) NOT NULL,affectkeys varchar(1024) NOT NULL,affectsno text NOT NULL,execsql longtext NOT NULL,exectime datetime NOT NULL,askimpact varchar(1024) NOT NULL,impactstt tinyint(4) NOT NULL,appid varchar(100) NOT NULL,cid varchar(100) NOT NULL,gid varchar(1024) NOT NULL,uid varchar(1024) NOT NULL,OLMK varchar(255) NOT NULL,CRTOR varchar(255) NOT NULL,PRIME int(11) NOT NULL,STCODE varchar(1024) NOT NULL,STATUS tinyint(4) NOT NULL,VRT varchar(255) NOT NULL,RIP varchar(255) NOT NULL,UPTM datetime NOT NULL,CRTM datetime NOT NULL,PTOF varchar(255) NOT NULL,OPRT varchar(1024) NOT NULL,PRIMARY KEY (SNO)) ENGINE=MyISAM AUTO_INCREMENT=1 DEFAULT CHARSET=utf8;","vls":[{"restype":"jsondata","rescode":"coode_sqlimpact_basedata","resmd5":"a6aae1c386b55f9c2b0a2a1457405ce6","restitle":"数据执行影响","resurl":"http://hellowocao.com/localxres/datax/coode_tablist/data/2306.json"},{"restype":"jsondata","rescode":"execsql_extdata","resmd5":"31677f2b06f43221976f184d8cbf43db","restitle":"执行脚本","resurl":"http://hellowocao.com/localxres/datax/coode_keydetailx/data/387.json"},{"restype":"jsondata","rescode":"tww_extdata","resmd5":"caa23a12dc6b7bcd3dbbec5e3b82c537","restitle":"执行条件","resurl":"http://hellowocao.com/localxres/datax/coode_keydetailx/data/575.json"},{"restype":"jsondata","rescode":"uid_extdata","resmd5":"39199f7cbfb067e0ba76928e288053ed","restitle":"用户id","resurl":"http://hellowocao.com/localxres/datax/coode_keydetailx/data/576.json"},{"restype":"jsondata","rescode":"gid_extdata","resmd5":"c07345cb3893d3bb2c0c8afd68af9e1d","restitle":"群组小ID","resurl":"http://hellowocao.com/localxres/datax/coode_keydetailx/data/1501.json"},{"restype":"jsondata","rescode":"SNO_extdata","resmd5":"5aa62d48ee86707f921b90cc9a0c8691","restitle":"编号","resurl":"http://hellowocao.com/localxres/datax/coode_keydetailx/data/1981.json"},{"restype":"jsondata","rescode":"affectkeys_extdata","resmd5":"fcd00434eb37c3237c5ac3899535373d","restitle":"影响字段","resurl":"http://hellowocao.com/localxres/datax/coode_keydetailx/data/2331.json"},{"restype":"jsondata","rescode":"affectsno_extdata","resmd5":"f1503363f78e83a0d86ef7830834dcd8","restitle":"影响数据","resurl":"http://hellowocao.com/localxres/datax/coode_keydetailx/data/2332.json"},{"restype":"jsondata","rescode":"sqltime_extdata","resmd5":"c28ac68f6473150f03641bd9ee4da5d6","restitle":"发起时间","resurl":"http://hellowocao.com/localxres/datax/coode_keydetailx/data/2386.json"},{"restype":"jsondata","rescode":"sqlcls_extdata","resmd5":"f285a301318286ec7328785994673ec6","restitle":"执行类别","resurl":"http://hellowocao.com/localxres/datax/coode_keydetailx/data/2387.json"},{"restype":"jsondata","rescode":"cid_extdata","resmd5":"e6435904280e204ee4a441126763827d","restitle":"机构id","resurl":"http://hellowocao.com/localxres/datax/coode_keydetailx/data/2606.json"},{"restype":"jsondata","rescode":"OLMK_extdata","resmd5":"f4c31a6076a6c29e7a7ea85e2b02d8f4","restitle":"唯一标记","resurl":"http://hellowocao.com/localxres/datax/coode_keydetailx/data/2693.json"},{"restype":"jsondata","rescode":"appid_extdata","resmd5":"09fb0b6b45476c6a3c5dafda9508c343","restitle":"应用id","resurl":"http://hellowocao.com/localxres/datax/coode_keydetailx/data/2694.json"},{"restype":"jsondata","rescode":"impactstt_extdata","resmd5":"3e6726b79117eeea49372af45cb978a7","restitle":"影响状态","resurl":"http://hellowocao.com/localxres/datax/coode_keydetailx/data/2695.json"},{"restype":"jsondata","rescode":"askimpact_extdata","resmd5":"8ca18dce175fb9babda90228e0e1ae41","restitle":"过问域","resurl":"http://hellowocao.com/localxres/datax/coode_keydetailx/data/2696.json"},{"restype":"jsondata","rescode":"exectime_extdata","resmd5":"ece9340078c544a2cc239c1a1001066c","restitle":"执行时刻","resurl":"http://hellowocao.com/localxres/datax/coode_keydetailx/data/2697.json"},{"restype":"jsondata","rescode":"CRTOR_extdata","resmd5":"5b3f09da6df3078ce1af71b7d390b818","restitle":"创建者","resurl":"http://hellowocao.com/localxres/datax/coode_keydetailx/data/2714.json"},{"restype":"jsondata","rescode":"PRIME_extdata","resmd5":"8fdcddd34f393162c6d179db4ff59c0c","restitle":"素数定类","resurl":"http://hellowocao.com/localxres/datax/coode_keydetailx/data/2715.json"},{"restype":"jsondata","rescode":"STCODE_extdata","resmd5":"ac9aa826f1e9a201fe8514bdc58d6d5d","restitle":"流程脚本","resurl":"http://hellowocao.com/localxres/datax/coode_keydetailx/data/2716.json"},{"restype":"jsondata","rescode":"STATUS_extdata","resmd5":"b13ab77f72bb4175a7e11e85ddc052b1","restitle":"流程状态","resurl":"http://hellowocao.com/localxres/datax/coode_keydetailx/data/2717.json"},{"restype":"jsondata","rescode":"VRT_extdata","resmd5":"da75693022e938c46ba58d4fdc6d8fab","restitle":"流程编码","resurl":"http://hellowocao.com/localxres/datax/coode_keydetailx/data/2718.json"},{"restype":"jsondata","rescode":"RIP_extdata","resmd5":"c7afab517073e9b2576eaf426f3173c9","restitle":"远程IP","resurl":"http://hellowocao.com/localxres/datax/coode_keydetailx/data/2719.json"},{"restype":"jsondata","rescode":"UPTM_extdata","resmd5":"76d682f825aa9e1e7f09550bf6563173","restitle":"更改时刻","resurl":"http://hellowocao.com/localxres/datax/coode_keydetailx/data/2720.json"},{"restype":"jsondata","rescode":"CRTM_extdata","resmd5":"8f75eb7e35e727ed89c1a79428d555ba","restitle":"创建时刻","resurl":"http://hellowocao.com/localxres/datax/coode_keydetailx/data/2721.json"},{"restype":"jsondata","rescode":"PTOF_extdata","resmd5":"211b3722e420ed2184e8ced5ff513d11","restitle":"归属","resurl":"http://hellowocao.com/localxres/datax/coode_keydetailx/data/2722.json"},{"restype":"jsondata","rescode":"OPRT_extdata","resmd5":"3ee31a3ecc7e62745cb9cb314142ab8b","restitle":"操作","resurl":"http://hellowocao.com/localxres/datax/coode_keydetailx/data/2723.json"},{"restype":"jsondata","rescode":"tablename_extdata","resmd5":"7c356ce0699fb7385c4be14e184ce9be","restitle":"表名","resurl":"http://hellowocao.com/localxres/datax/coode_keydetailx/data/2724.json"}]}