{"status":"1","rtype":"formx","rcode":"8Us3Py","rtitle":"云酷德主要功能","ver":"034263c6dddeef09864d1b541c1f7eae","vls":[{"restype":"jsondata","rescode":"8Us3Py_basedata","resmd5":"dcb8f4831db90e5bcd3a713ef4d9f0d3","restitle":"云酷德主要功能","resurl":"http://hellowocao.com/localxres/datax/coode_shortdata/data/2652.json"},{"restype":"jsondata","rescode":"8Us3Py_cssdata","resmd5":"e7c6c32e3d2d6c86ec7a1d579cf31248","restitle":"云酷德主要功能","resurl":"http://hellowocao.com/localxres/datax/coode_shortcss/data/.json"},{"restype":"jsondata","rescode":"imghead_extdata","resmd5":"b835df20960aa6370ca914db508c3b70","restitle":"图像","resurl":"http://hellowocao.com/localxres/datax/coode_keydetaily/data/99992.json"},{"restype":"jsondata","rescode":"keyid_extdata","resmd5":"0219df443c923251a3ee0facbe7d0bc5","restitle":"类键","resurl":"http://hellowocao.com/localxres/datax/coode_keydetaily/data/99993.json"},{"restype":"jsondata","rescode":"keyval_extdata","resmd5":"ce71977509f33e12e7868605ec427519","restitle":"键值","resurl":"http://hellowocao.com/localxres/datax/coode_keydetaily/data/99994.json"}]}