{"status":"1","rtype":"tabx","rcode":"coode_shortcss","rtitle":"短数据表格样式","ver":"2df899b47151af2c89102d1b015d852f","crtsql":"CREATE TABLE coode_shortcss (SNO int(11) NOT NULL AUTO_INCREMENT,catalog varchar(100) NOT NULL,shortid varchar(100) NOT NULL,describ varchar(1024) NOT NULL,tablename varchar(50) NOT NULL,units varchar(255) NOT NULL,jsfiles varchar(1024) NOT NULL,cssfiles varchar(1024) NOT NULL,scriptx text NOT NULL,stylex text NOT NULL,scriptext longtext NOT NULL,styleext longtext NOT NULL,heightx varchar(50) NOT NULL,widthx varchar(50) NOT NULL,fixed tinyint(4) NOT NULL,casecode text NOT NULL,diybutton text NOT NULL,diytop text NOT NULL,bottombutton text NOT NULL,diybottom text NOT NULL,diyshow text NOT NULL,expunit text NOT NULL,sbtn tinyint(4) NOT NULL,rbtn tinyint(4) NOT NULL,dtshow tinyint(4) NOT NULL,isexp tinyint(4) NOT NULL,vermd5 varchar(50) NOT NULL,CRTM datetime NOT NULL,UPTM datetime NOT NULL,STATUS tinyint(4) NOT NULL,CRTOR varchar(100) NOT NULL,PTOF varchar(100) NOT NULL,OLMK varchar(100) NOT NULL,VRT varchar(255) NOT NULL,STCODE varchar(1024) NOT NULL,PRIME int(11) NOT NULL,RIP varchar(255) NOT NULL,OPRT varchar(1024) NOT NULL,PRIMARY KEY (SNO),UNIQUE KEY ostid (shortid) USING BTREE) ENGINE=MyISAM AUTO_INCREMENT=1 DEFAULT CHARSET=utf8;","vls":[{"restype":"jsondata","rescode":"coode_shortcss_basedata","resmd5":"3f4526194a12d06e30e477ac685cee2c","restitle":"短数据表格样式","resurl":"http://hellowocao.com/localxres/datax/coode_tablist/data/421.json"},{"restype":"jsondata","rescode":"scriptext_extdata","resmd5":"2cd61acce13255f207a0c586e80c2d73","restitle":"扩展前端执行","resurl":"http://hellowocao.com/localxres/datax/coode_keydetailx/data/151.json"},{"restype":"jsondata","rescode":"styleext_extdata","resmd5":"896d0674aa5497713b0c58d09cd08f47","restitle":"扩展前端样式","resurl":"http://hellowocao.com/localxres/datax/coode_keydetailx/data/152.json"},{"restype":"jsondata","rescode":"SNO_extdata","resmd5":"f2ffd203c3592d909e81e63d7daddc6f","restitle":"编号","resurl":"http://hellowocao.com/localxres/datax/coode_keydetailx/data/750.json"},{"restype":"jsondata","rescode":"shortid_extdata","resmd5":"21b6a02a30af92cd3d87731d02428fe3","restitle":"短id","resurl":"http://hellowocao.com/localxres/datax/coode_keydetailx/data/752.json"},{"restype":"jsondata","rescode":"describ_extdata","resmd5":"98586e8a1829993359951a4d1b07ef6b","restitle":"描述","resurl":"http://hellowocao.com/localxres/datax/coode_keydetailx/data/753.json"},{"restype":"jsondata","rescode":"jsfiles_extdata","resmd5":"e110c81389e17e4af8146a0bc5df2cfb","restitle":"js文件","resurl":"http://hellowocao.com/localxres/datax/coode_keydetailx/data/754.json"},{"restype":"jsondata","rescode":"cssfiles_extdata","resmd5":"294e94673432f935e909682425cedd25","restitle":"css文件","resurl":"http://hellowocao.com/localxres/datax/coode_keydetailx/data/755.json"},{"restype":"jsondata","rescode":"scriptx_extdata","resmd5":"d626c12a8428f25876e6ca7651bc523b","restitle":"前端执行脚本","resurl":"http://hellowocao.com/localxres/datax/coode_keydetailx/data/756.json"},{"restype":"jsondata","rescode":"stylex_extdata","resmd5":"3e9278647ed64a6dfb90c08e333ccb72","restitle":"前端页面样式","resurl":"http://hellowocao.com/localxres/datax/coode_keydetailx/data/757.json"},{"restype":"jsondata","rescode":"CRTM_extdata","resmd5":"404abb7a8bfbd55445aebdba0eda26ea","restitle":"创建时刻","resurl":"http://hellowocao.com/localxres/datax/coode_keydetailx/data/758.json"},{"restype":"jsondata","rescode":"UPTM_extdata","resmd5":"1619a071650d37c59faf3a5b0f3b4daf","restitle":"更改时刻","resurl":"http://hellowocao.com/localxres/datax/coode_keydetailx/data/759.json"},{"restype":"jsondata","rescode":"STATUS_extdata","resmd5":"6098c724dab19978ad612668a56b4871","restitle":"状态","resurl":"http://hellowocao.com/localxres/datax/coode_keydetailx/data/760.json"},{"restype":"jsondata","rescode":"CRTOR_extdata","resmd5":"63303ae9313f415df1f66fa212be6d10","restitle":"创建人","resurl":"http://hellowocao.com/localxres/datax/coode_keydetailx/data/761.json"},{"restype":"jsondata","rescode":"PTOF_extdata","resmd5":"20ee0e1aa9855e8c098b22e944f49daf","restitle":"类属","resurl":"http://hellowocao.com/localxres/datax/coode_keydetailx/data/762.json"},{"restype":"jsondata","rescode":"OLMK_extdata","resmd5":"4b3b211aa716bdba5fa25228fd0849fe","restitle":"唯一标记","resurl":"http://hellowocao.com/localxres/datax/coode_keydetailx/data/763.json"},{"restype":"jsondata","rescode":"units_extdata","resmd5":"0c97cadb36398c6a13ade4e6b678ca90","restitle":"包括单元","resurl":"http://hellowocao.com/localxres/datax/coode_keydetailx/data/1481.json"},{"restype":"jsondata","rescode":"catalog_extdata","resmd5":"e0fafcd96f8cf247c0788d7f400a2e32","restitle":"数据库标记","resurl":"http://hellowocao.com/localxres/datax/coode_keydetailx/data/27071.json"},{"restype":"jsondata","rescode":"VRT_extdata","resmd5":"7c18d666ffb34b386dfb3e6ecc7fd369","restitle":"流程编码","resurl":"http://hellowocao.com/localxres/datax/coode_keydetailx/data/1569.json"},{"restype":"jsondata","rescode":"STCODE_extdata","resmd5":"fb7b50960837f48ce5893ce691a45d32","restitle":"流程脚本","resurl":"http://hellowocao.com/localxres/datax/coode_keydetailx/data/1570.json"},{"restype":"jsondata","rescode":"PRIME_extdata","resmd5":"3d815e1ff6e163a6164ac2ddc98fb83e","restitle":"素数定类","resurl":"http://hellowocao.com/localxres/datax/coode_keydetailx/data/1571.json"},{"restype":"jsondata","rescode":"RIP_extdata","resmd5":"46d76ac6e18e3e4705976cceb6ac2fd4","restitle":"远程IP","resurl":"http://hellowocao.com/localxres/datax/coode_keydetailx/data/1572.json"},{"restype":"jsondata","rescode":"diybutton_extdata","resmd5":"2c3e436e7c2498af6b7c8a8b6d7b3d04","restitle":"自定义按钮","resurl":"http://hellowocao.com/localxres/datax/coode_keydetailx/data/1962.json"},{"restype":"jsondata","rescode":"diytop_extdata","resmd5":"439a46eca9156d81fa923f3fcd2f68df","restitle":"自定义顶部","resurl":"http://hellowocao.com/localxres/datax/coode_keydetailx/data/1963.json"},{"restype":"jsondata","rescode":"diybottom_extdata","resmd5":"e058f2e586dd73d73d036ed2630f395a","restitle":"自定义底部","resurl":"http://hellowocao.com/localxres/datax/coode_keydetailx/data/1964.json"},{"restype":"jsondata","rescode":"isexp_extdata","resmd5":"7d0ac7e87e3b30e0ddd05a0c0b588502","restitle":"解释列显示","resurl":"http://hellowocao.com/localxres/datax/coode_keydetailx/data/1965.json"},{"restype":"jsondata","rescode":"diyshow_extdata","resmd5":"abab69b24a18338f8410e945edae5cf1","restitle":"定义字段显示","resurl":"http://hellowocao.com/localxres/datax/coode_keydetailx/data/1966.json"},{"restype":"jsondata","rescode":"sbtn_extdata","resmd5":"1dea3f9b0da836cc6e9fa00dc5513b54","restitle":"保存按钮","resurl":"http://hellowocao.com/localxres/datax/coode_keydetailx/data/2222.json"},{"restype":"jsondata","rescode":"rbtn_extdata","resmd5":"83c9014f7ce9e22212f03c89a4288e81","restitle":"重置按钮","resurl":"http://hellowocao.com/localxres/datax/coode_keydetailx/data/2223.json"},{"restype":"jsondata","rescode":"dtshow_extdata","resmd5":"e95340e485592050fb0dd3cec51e4334","restitle":"数据区","resurl":"http://hellowocao.com/localxres/datax/coode_keydetailx/data/2224.json"},{"restype":"jsondata","rescode":"expunit_extdata","resmd5":"3109cec73878755b78d1504384353b70","restitle":"解释区","resurl":"http://hellowocao.com/localxres/datax/coode_keydetailx/data/2226.json"},{"restype":"jsondata","rescode":"bottombutton_extdata","resmd5":"5860afafe9d14a79b52a0083cb2eb777","restitle":"底部按钮","resurl":"http://hellowocao.com/localxres/datax/coode_keydetailx/data/2229.json"},{"restype":"jsondata","rescode":"heightx_extdata","resmd5":"04a46fc9d48d97198ec292675503377a","restitle":"高度","resurl":"http://hellowocao.com/localxres/datax/coode_keydetailx/data/2230.json"},{"restype":"jsondata","rescode":"widthx_extdata","resmd5":"8ce170a5ba581ccfd1811b44a10cabe3","restitle":"宽度","resurl":"http://hellowocao.com/localxres/datax/coode_keydetailx/data/2231.json"},{"restype":"jsondata","rescode":"fixed_extdata","resmd5":"d31c5a1d89212012710ef2bc4ec8bda8","restitle":"是否固定","resurl":"http://hellowocao.com/localxres/datax/coode_keydetailx/data/2232.json"},{"restype":"jsondata","rescode":"OPRT_extdata","resmd5":"5d598e15f710f1db8ad7a6f448a6abd6","restitle":"操作","resurl":"http://hellowocao.com/localxres/datax/coode_keydetailx/data/6088.json"},{"restype":"jsondata","rescode":"tablename_extdata","resmd5":"917f9824ed40b1a697666c3266af3d91","restitle":"表名","resurl":"http://hellowocao.com/localxres/datax/coode_keydetailx/data/6730.json"},{"restype":"jsondata","rescode":"casecode_extdata","resmd5":"90bd6eea4ea98e1c40a5ea39d53e7862","restitle":"执行脚本","resurl":"http://hellowocao.com/localxres/datax/coode_keydetailx/data/9035.json"},{"restype":"jsondata","rescode":"vermd5_extdata","resmd5":"5d50f86dfed4f531889db91f0f1799aa","restitle":"版本号","resurl":"http://hellowocao.com/localxres/datax/coode_keydetailx/data/30132.json"}]}