{"status":"1","tabnm":"coode_keydetaily","tabtitle":"字段参数子表","tabsno":"1980","crtsql":"CREATE TABLE coode_keydetaily (SNO int(11) NOT NULL AUTO_INCREMENT,TABLE_CATALOG varchar(512) NOT NULL,TABLE_SCHEMA varchar(64) NOT NULL,TABLE_NAME varchar(64) NOT NULL,COLUMN_NAME varchar(64) NOT NULL,ORDINAL_POSITION bigint(20) NOT NULL,COLUMN_DEFAULT longtext NOT NULL,IS_NULLABLE varchar(3) NOT NULL,DATA_TYPE varchar(64) NOT NULL,CHARACTER_MAXIMUM_LENGTH bigint(20) NOT NULL,CHARACTER_OCTET_LENGTH bigint(20) NOT NULL,NUMERIC_PRECISION bigint(20) NOT NULL,NUMERIC_SCALE bigint(20) NOT NULL,DATETIME_PRECISION bigint(20) NOT NULL,CHARACTER_SET_NAME varchar(32) NOT NULL,COLLATION_NAME varchar(32) NOT NULL,COLUMN_TYPE longtext NOT NULL,COLUMN_KEY varchar(3) NOT NULL,EXTRA varchar(30) NOT NULL,PRIVILEGES varchar(80) NOT NULL,COLUMN_COMMENT varchar(1024) NOT NULL,PRIME int(11) NOT NULL,tdomain varchar(255) NOT NULL,tgroup varchar(50) NOT NULL,tabnick varchar(50) NOT NULL,shortid varchar(50) NOT NULL,rescode varchar(100) NOT NULL,CRTM datetime NOT NULL,OLMK varchar(30) NOT NULL,PTOF varchar(30) NOT NULL,classp varchar(50) NOT NULL,clstxt text NOT NULL,keytitle varchar(30) NOT NULL,keyexplain varchar(30) NOT NULL,acthtml text NOT NULL,atnhtml text NOT NULL,jsshowfun text NOT NULL,sysshowfun text NOT NULL,valuezero varchar(1024) NOT NULL,jspostfun varchar(1024) NOT NULL,syspostfun varchar(1024) NOT NULL,changeable tinyint(4) NOT NULL,parallelto varchar(50) NOT NULL,displayed tinyint(4) NOT NULL,dxtype varchar(1024) NOT NULL,vermd5 varchar(32) NOT NULL,UPTM datetime NOT NULL,bfist text NOT NULL,aftist text NOT NULL,bfupd text NOT NULL,aftupd text NOT NULL,bfdel text NOT NULL,aftdel text NOT NULL,sysid varchar(20) NOT NULL,appid varchar(20) NOT NULL,isfixed tinyint(4) NOT NULL,thcode varchar(1024) NOT NULL,tdcode varchar(1024) NOT NULL,VRT varchar(1024) NOT NULL,SQX decimal(10,2) NOT NULL,VQX decimal(10,2) NOT NULL,CRTOR varchar(255) NOT NULL,STATUS tinyint(4) NOT NULL,STCODE varchar(1024) NOT NULL,RIP varchar(255) NOT NULL,OPRT varchar(1024) NOT NULL,PRIMARY KEY (SNO),UNIQUE KEY tbol (TABLE_SCHEMA,TABLE_NAME,COLUMN_NAME,shortid) USING BTREE) ENGINE=MyISAM AUTO_INCREMENT=1 DEFAULT CHARSET=utf8;","allkeys":"默认代码,删除后执行,新增后执行,更改后执行,应用id,任意代码,删除前执行,新增前执行,更改前执行,可改,字段长度,character_octet_length_table,char_sets,选项卡分组,选择设置,collation_name_table,COLUMN_COMMENT,默认值,table_key,列名,字段类型,创建时刻,创建人,数据类型,datetime_precision_table,展示,数据类别, extra,是否固定,可为空,前端验证,样式执行,字段注释,字段标题,numeric_precision_table,numeric_scale_table,唯一标记,操作,ordinalpositiontable,平行分裂,素数定类,PRIVILEGES,类属,本身资源值,远程IP,短ID,编号,新增字段顺序,流程状态,流程脚本,系统ID,后端验证,样式脚本,catalog_table,表名,数据库名,表格昵名,单元格外围,t_domain,t_group,表头外围,更新时刻,默认值,版本号,显示长度,流程标题|acthtml,aftdel,aftist,aftupd,appid,atnhtml,bfdel,bfist,bfupd,changeable,CHARACTER_MAXIMUM_LENGTH,CHARACTER_OCTET_LENGTH,CHARACTER_SET_NAME,classp,clstxt,COLLATION_NAME,COLUMN_COMMENT,COLUMN_DEFAULT,COLUMN_KEY,COLUMN_NAME,COLUMN_TYPE,CRTM,CRTOR,DATA_TYPE,DATETIME_PRECISION,displayed,dxtype,EXTRA,isfixed,IS_NULLABLE,jspostfun,jsshowfun,keyexplain,keytitle,NUMERIC_PRECISION,NUMERIC_SCALE,OLMK,OPRT,ORDINAL_POSITION,parallelto,PRIME,PRIVILEGES,PTOF,rescode,RIP,shortid,SNO,SQX,STATUS,STCODE,sysid,syspostfun,sysshowfun,TABLE_CATALOG,TABLE_NAME,TABLE_SCHEMA,tabnick,tdcode,tdomain,tgroup,thcode,UPTM,valuezero,vermd5,VQX,VRT","parreskey":"shortid","mainsqx":"SNO","srckey":"COLUMN_NAME","srcttk":"keytitle","rtype":"formx","parcode":"","rcode":"tables","rtitle":"包含表","ver":"20260129114502","vls":[{"keymark":"TABLE_CATALOG","dxtype":"varchar","keytitle":"catalog_table","kvalue":"def"},{"keymark":"TABLE_SCHEMA","dxtype":"varchar","keytitle":"数据库名","kvalue":"io_halo123_cn"},{"keymark":"TABLE_NAME","dxtype":"varchar","keytitle":"表名","kvalue":"coode_appmarket"},{"keymark":"COLUMN_NAME","dxtype":"varchar","keytitle":"列名","kvalue":"tables"},{"keymark":"ORDINAL_POSITION","dxtype":"bigint","keytitle":"ordinalpositiontable","kvalue":"000000000000000000019"},{"keymark":"COLUMN_DEFAULT","dxtype":"[]","keytitle":"默认值","kvalue":""},{"keymark":"IS_NULLABLE","dxtype":"varchar","keytitle":"可为空","kvalue":"NO"},{"keymark":"DATA_TYPE","dxtype":"varchar","keytitle":"数据类型","kvalue":"varchar"},{"keymark":"CHARACTER_MAXIMUM_LENGTH","dxtype":"bigint","keytitle":"字段长度","kvalue":"1024"},{"keymark":"CHARACTER_OCTET_LENGTH","dxtype":"bigint","keytitle":"character_octet_length_table","kvalue":"3072"},{"keymark":"NUMERIC_PRECISION","dxtype":"bigint","keytitle":"numeric_precision_table","kvalue":"0"},{"keymark":"NUMERIC_SCALE","dxtype":"bigint","keytitle":"numeric_scale_table","kvalue":"0"},{"keymark":"DATETIME_PRECISION","dxtype":"bigint","keytitle":"datetime_precision_table","kvalue":"0"},{"keymark":"CHARACTER_SET_NAME","dxtype":"varchar","keytitle":"char_sets","kvalue":"utf8"},{"keymark":"COLLATION_NAME","dxtype":"varchar","keytitle":"collation_name_table","kvalue":"utf8_general_ci"},{"keymark":"COLUMN_TYPE","dxtype":"[]","keytitle":"字段类型","kvalue":"varchar(1024)"},{"keymark":"COLUMN_KEY","dxtype":"varchar","keytitle":"table_key","kvalue":""},{"keymark":"EXTRA","dxtype":"varchar","keytitle":" extra","kvalue":""},{"keymark":"PRIVILEGES","dxtype":"varchar","keytitle":"","kvalue":"select,insert,update,references"},{"keymark":"COLUMN_COMMENT","dxtype":"varchar","keytitle":"","kvalue":""},{"keymark":"shortid","dxtype":"varchar","keytitle":"短ID","kvalue":"Og7007"},{"keymark":"CRTM","dxtype":"[]","keytitle":"创建时刻","kvalue":"2019-08-19 00:21:19"},{"keymark":"OLMK","dxtype":"varchar","keytitle":"唯一标记","kvalue":"fa4bce8023ccd586feb9027b402472"},{"keymark":"PTOF","dxtype":"select","keytitle":"类属","kvalue":"blueprints"},{"keymark":"classp","dxtype":"select","keytitle":"选项卡分组","kvalue":"0"},{"keymark":"clstxt","dxtype":"text","keytitle":"选择设置","kvalue":""},{"keymark":"keytitle","dxtype":"varchar","keytitle":"字段标题","kvalue":"包含表"},{"keymark":"keyexplain","dxtype":"varchar","keytitle":"字段注释","kvalue":""},{"keymark":"acthtml","dxtype":"text","keytitle":"默认代码","kvalue":""},{"keymark":"atnhtml","dxtype":"text","keytitle":"任意代码","kvalue":""},{"keymark":"jsshowfun","dxtype":"text","keytitle":"样式执行","kvalue":""},{"keymark":"sysshowfun","dxtype":"text","keytitle":"样式脚本","kvalue":""},{"keymark":"jspostfun","dxtype":"text","keytitle":"前端验证","kvalue":""},{"keymark":"syspostfun","dxtype":"text","keytitle":"后端验证","kvalue":""},{"keymark":"changeable","dxtype":"varchar","keytitle":"可改","kvalue":"1"},{"keymark":"displayed","dxtype":"varchar","keytitle":"展示","kvalue":"1"},{"keymark":"dxtype","dxtype":"select","keytitle":"数据类别","kvalue":"varchar"},{"keymark":"UPTM","dxtype":"dttm","keytitle":"更新时刻","kvalue":"2021-08-13 10:29:01"},{"keymark":"bfist","dxtype":"text","keytitle":"新增前执行","kvalue":""},{"keymark":"aftist","dxtype":"text","keytitle":"新增后执行","kvalue":""},{"keymark":"bfupd","dxtype":"text","keytitle":"更改前执行","kvalue":""},{"keymark":"aftupd","dxtype":"text","keytitle":"更改后执行","kvalue":""},{"keymark":"bfdel","dxtype":"text","keytitle":"删除前执行","kvalue":""},{"keymark":"aftdel","dxtype":"text","keytitle":"删除后执行","kvalue":""},{"keymark":"VRT","dxtype":"varchar","keytitle":"流程标题","kvalue":"e97f24318ca5e76f24a0cb49dc11c849"},{"keymark":"SQX","dxtype":"decimal2","keytitle":"新增字段顺序","kvalue":"17.00"},{"keymark":"PRIME","dxtype":"int","keytitle":"素数定类","kvalue":"0"},{"keymark":"VQX","dxtype":"decimal3","keytitle":"显示长度","kvalue":"100.000"},{"keymark":"CRTOR","dxtype":"varchar","keytitle":"创建人","kvalue":"hellowocao"},{"keymark":"STATUS","dxtype":"int","keytitle":"流程状态","kvalue":"0"},{"keymark":"STCODE","dxtype":"varchar","keytitle":"流程脚本","kvalue":""},{"keymark":"RIP","dxtype":"varchar","keytitle":"远程IP","kvalue":""},{"keymark":"OPRT","dxtype":"chtml","keytitle":"操作","kvalue":""},{"keymark":"tdomain","dxtype":"varchar","keytitle":"t_domain","kvalue":""},{"keymark":"tgroup","dxtype":"varchar","keytitle":"t_group","kvalue":""},{"keymark":"tabnick","dxtype":"varchar","keytitle":"表格昵名","kvalue":""},{"keymark":"sysid","dxtype":"varchar","keytitle":"系统ID","kvalue":"0"},{"keymark":"appid","dxtype":"varchar","keytitle":"应用id","kvalue":""},{"keymark":"valuezero","dxtype":"varchar","keytitle":"默认值","kvalue":""},{"keymark":"parallelto","dxtype":"varchar","keytitle":"平行分裂","kvalue":""},{"keymark":"isfixed","dxtype":"tinyint","keytitle":"是否固定","kvalue":"0"},{"keymark":"thcode","dxtype":"varchar","keytitle":"表头外围","kvalue":""},{"keymark":"tdcode","dxtype":"varchar","keytitle":"单元格外围","kvalue":""},{"keymark":"vermd5","dxtype":"varchar","keytitle":"版本号","kvalue":"b6ba8e2cfb50832762c1a8964837ea6c"},{"keymark":"rescode","dxtype":"varchar","keytitle":"本身资源值","kvalue":"halokitty/Og7007.tables"}]}