{"status":"1","rtype":"tabx","rcode":"coode_ibillbranch","rtitle":"订单分支详情","ver":"0993bfea8dc54039c972b254ff04a2b3","crtsql":"CREATE TABLE coode_ibillbranch (SNO int(11) NOT NULL AUTO_INCREMENT,imgmark varchar(50) NOT NULL,billID varchar(50) NOT NULL,imgtitle varchar(255) NOT NULL,srctype varchar(50) NOT NULL,srcid varchar(50) NOT NULL,imgcls varchar(50) NOT NULL,imgdescrib text NOT NULL,setmark varchar(50) NOT NULL,stockplace varchar(50) NOT NULL,tablename varchar(50) NOT NULL,tablekey varchar(50) NOT NULL,tablesno int(11) NOT NULL,colora varchar(50) NOT NULL,colorb varchar(50) NOT NULL,industry varchar(50) NOT NULL,imgtype varchar(50) NOT NULL,imglabel varchar(1024) NOT NULL,imgfromurl varchar(1024) NOT NULL,imglcurl varchar(1024) NOT NULL,imgrmturl varchar(1024) NOT NULL,imghsturl varchar(1024) NOT NULL,imgcode longtext NOT NULL,vermd5 varchar(32) NOT NULL,outlcurl varchar(1024) NOT NULL,outhsturl varchar(1024) NOT NULL,CRTM datetime NOT NULL,CRTOR varchar(255) NOT NULL,OLMK varchar(255) NOT NULL,OPRT varchar(1024) NOT NULL,PRIME int(11) NOT NULL,PTOF varchar(255) NOT NULL,RIP varchar(255) NOT NULL,STATUS tinyint(4) NOT NULL,STCODE varchar(1024) NOT NULL,UPTM datetime NOT NULL,VRT varchar(255) NOT NULL,PRIMARY KEY (SNO)) ENGINE=MyISAM AUTO_INCREMENT=1 DEFAULT CHARSET=utf8;","vls":[{"restype":"jsondata","rescode":"coode_ibillbranch_basedata","resmd5":"f54301615f8f68aaebf30fac79c49132","restitle":"订单分支详情","resurl":"http://hellowocao.com/localxres/datax/coode_tablist/data/1779.json"},{"restype":"jsondata","rescode":"outhsturl_extdata","resmd5":"78876f0aeff5aea116c64a017e96cfef","restitle":"输出远程地址","resurl":"http://hellowocao.com/localxres/datax/coode_keydetailx/data/17609.json"},{"restype":"jsondata","rescode":"outlcurl_extdata","resmd5":"9ff15cbf84829c7e8c3edc49acff1436","restitle":"输出本地地址","resurl":"http://hellowocao.com/localxres/datax/coode_keydetailx/data/17633.json"},{"restype":"jsondata","rescode":"SNO_extdata","resmd5":"c39e69eb044bb72c92096b3781942d8e","restitle":"编号","resurl":"http://hellowocao.com/localxres/datax/coode_keydetailx/data/17634.json"},{"restype":"jsondata","rescode":"imgmark_extdata","resmd5":"d271cc4013de6f9ac7c2a63f0e245b71","restitle":"图片标记","resurl":"http://hellowocao.com/localxres/datax/coode_keydetailx/data/17635.json"},{"restype":"jsondata","rescode":"billID_extdata","resmd5":"33623489cf70b603d59ab2509c2ce22d","restitle":"票据号","resurl":"http://hellowocao.com/localxres/datax/coode_keydetailx/data/17636.json"},{"restype":"jsondata","rescode":"imgtitle_extdata","resmd5":"8f4b337678ecc77ad7f3d0175f5b49db","restitle":"图片标题","resurl":"http://hellowocao.com/localxres/datax/coode_keydetailx/data/17637.json"},{"restype":"jsondata","rescode":"imgcls_extdata","resmd5":"4428dbbb666a8a54a69cd75150fae60f","restitle":"图片分类","resurl":"http://hellowocao.com/localxres/datax/coode_keydetailx/data/17638.json"},{"restype":"jsondata","rescode":"imgdescrib_extdata","resmd5":"5e23dc17de68d62eb0c0929a6048bb3d","restitle":"图片描述","resurl":"http://hellowocao.com/localxres/datax/coode_keydetailx/data/17639.json"},{"restype":"jsondata","rescode":"setmark_extdata","resmd5":"ea6da2aac96ec4c31ee538cf5abb6dc5","restitle":"集合标记","resurl":"http://hellowocao.com/localxres/datax/coode_keydetailx/data/17640.json"},{"restype":"jsondata","rescode":"stockplace_extdata","resmd5":"ed2f04f01ac68a287f0f7ef11d7e4807","restitle":"保存位置","resurl":"http://hellowocao.com/localxres/datax/coode_keydetailx/data/17641.json"},{"restype":"jsondata","rescode":"tablename_extdata","resmd5":"7d0b9155aeb8e00f938a27e67dfa19a8","restitle":"表名","resurl":"http://hellowocao.com/localxres/datax/coode_keydetailx/data/17642.json"},{"restype":"jsondata","rescode":"tablekey_extdata","resmd5":"769b0c0b505b6ae457fcbffc6a566159","restitle":"表字段","resurl":"http://hellowocao.com/localxres/datax/coode_keydetailx/data/17643.json"},{"restype":"jsondata","rescode":"tablesno_extdata","resmd5":"b0847fb07059842b3cba0cfeb5846109","restitle":"关联数据号","resurl":"http://hellowocao.com/localxres/datax/coode_keydetailx/data/17644.json"},{"restype":"jsondata","rescode":"colora_extdata","resmd5":"fe7eaf64bcd117e287264f9a1059bcf5","restitle":"色系","resurl":"http://hellowocao.com/localxres/datax/coode_keydetailx/data/17645.json"},{"restype":"jsondata","rescode":"colorb_extdata","resmd5":"f69a8f93cf8a110f66265bb9fd4e05c8","restitle":"辅色","resurl":"http://hellowocao.com/localxres/datax/coode_keydetailx/data/17646.json"},{"restype":"jsondata","rescode":"industry_extdata","resmd5":"ef80dd4aa687ded617cba0a7099b5e91","restitle":"产业","resurl":"http://hellowocao.com/localxres/datax/coode_keydetailx/data/17647.json"},{"restype":"jsondata","rescode":"imgtype_extdata","resmd5":"24a1d0ba00320a5c2bc082d838c16f9e","restitle":"图片类型","resurl":"http://hellowocao.com/localxres/datax/coode_keydetailx/data/17648.json"},{"restype":"jsondata","rescode":"imglabel_extdata","resmd5":"ce629e1605fbb49d2e03627b5f61a33e","restitle":"图片标签","resurl":"http://hellowocao.com/localxres/datax/coode_keydetailx/data/17649.json"},{"restype":"jsondata","rescode":"imgfromurl_extdata","resmd5":"4e1f9383bc0d1266c41cf8d2f893cd88","restitle":"图片来源","resurl":"http://hellowocao.com/localxres/datax/coode_keydetailx/data/17650.json"},{"restype":"jsondata","rescode":"imglcurl_extdata","resmd5":"f1de5aa91e89b52dba2d6d1725130ebd","restitle":"本机存储","resurl":"http://hellowocao.com/localxres/datax/coode_keydetailx/data/17651.json"},{"restype":"jsondata","rescode":"imgrmturl_extdata","resmd5":"413403920582bf574ba222a940905ddb","restitle":"云存储地址","resurl":"http://hellowocao.com/localxres/datax/coode_keydetailx/data/17652.json"},{"restype":"jsondata","rescode":"imghsturl_extdata","resmd5":"a7530c12425bc93f18aa1b0859f856d4","restitle":"本机远程","resurl":"http://hellowocao.com/localxres/datax/coode_keydetailx/data/17653.json"},{"restype":"jsondata","rescode":"imgcode_extdata","resmd5":"a768e0556b71ce6e4cd1ecafac223c2f","restitle":"图片代码","resurl":"http://hellowocao.com/localxres/datax/coode_keydetailx/data/17654.json"},{"restype":"jsondata","rescode":"vermd5_extdata","resmd5":"4b753fc15f1b0915cb06b9fc33cb9570","restitle":"版本号","resurl":"http://hellowocao.com/localxres/datax/coode_keydetailx/data/17655.json"},{"restype":"jsondata","rescode":"CRTM_extdata","resmd5":"bb53ab7845f1152a9069648f7a0c039f","restitle":"创建时刻","resurl":"http://hellowocao.com/localxres/datax/coode_keydetailx/data/17656.json"},{"restype":"jsondata","rescode":"CRTOR_extdata","resmd5":"843a56e085517395c58df077be6fe2a0","restitle":"创建者","resurl":"http://hellowocao.com/localxres/datax/coode_keydetailx/data/17657.json"},{"restype":"jsondata","rescode":"OLMK_extdata","resmd5":"32b8c589fd2af697a53e675588757e82","restitle":"唯一标记","resurl":"http://hellowocao.com/localxres/datax/coode_keydetailx/data/17658.json"},{"restype":"jsondata","rescode":"OPRT_extdata","resmd5":"bf0ab09531243adb269082a997afe35d","restitle":"操作","resurl":"http://hellowocao.com/localxres/datax/coode_keydetailx/data/17659.json"},{"restype":"jsondata","rescode":"PRIME_extdata","resmd5":"61ddd1300e2a5e0cd0e0b64c66a2df2f","restitle":"素数定类","resurl":"http://hellowocao.com/localxres/datax/coode_keydetailx/data/17660.json"},{"restype":"jsondata","rescode":"PTOF_extdata","resmd5":"cbf0c3a398496b811aae08f3ee232e75","restitle":"公司归属","resurl":"http://hellowocao.com/localxres/datax/coode_keydetailx/data/17661.json"},{"restype":"jsondata","rescode":"RIP_extdata","resmd5":"eeeb26aaad7b89efba180c08d1de270b","restitle":"远程IP","resurl":"http://hellowocao.com/localxres/datax/coode_keydetailx/data/17662.json"},{"restype":"jsondata","rescode":"STATUS_extdata","resmd5":"2f699224d8c7c94b7a75fe09b70c215a","restitle":"流程状态","resurl":"http://hellowocao.com/localxres/datax/coode_keydetailx/data/17663.json"},{"restype":"jsondata","rescode":"STCODE_extdata","resmd5":"c0c62614e1ea89e25276f24d5c317f27","restitle":"流程脚本","resurl":"http://hellowocao.com/localxres/datax/coode_keydetailx/data/17664.json"},{"restype":"jsondata","rescode":"UPTM_extdata","resmd5":"bc956c0e472b47f6f6cc4b31a3980ea2","restitle":"更改时刻","resurl":"http://hellowocao.com/localxres/datax/coode_keydetailx/data/17665.json"},{"restype":"jsondata","rescode":"VRT_extdata","resmd5":"ab923619406b9c2f4379d54d5feb05e4","restitle":"职位","resurl":"http://hellowocao.com/localxres/datax/coode_keydetailx/data/17666.json"},{"restype":"jsondata","rescode":"srctype_extdata","resmd5":"a6f74cf06014943345c8210940a708ea","restitle":"资源类型","resurl":"http://hellowocao.com/localxres/datax/coode_keydetailx/data/17705.json"},{"restype":"jsondata","rescode":"srcid_extdata","resmd5":"171ff32ceef54b8937ac5e2447eca0cc","restitle":"资源id","resurl":"http://hellowocao.com/localxres/datax/coode_keydetailx/data/17706.json"}]}