{"status":"1","rtype":"groupx","rcode":"VSSdod","rtitle":"157","ver":"ae50b82ccbb95c013f0731566af58789","vls":[{"restype":"jsondata","rescode":"VSSdod_basedata","resmd5":"3d3529a4daeb508032426e40880a112c","restitle":"","resurl":"http://hellowocao.com/localxres/datax/coode_grouplist/data/637.json"},{"restype":"jsondata","rescode":"iGMITn_extdata","resmd5":"4bf4f5cd80401c61aea4d87ae0c58599","restitle":"系统","resurl":"http://hellowocao.com/localxres/datax/coode_grpclass/data/19648.json"},{"restype":"jsondata","rescode":"GDNKRV_extdata","resmd5":"8da64f996dbb845b4043fdc913140bc4","restitle":"应用","resurl":"http://hellowocao.com/localxres/datax/coode_grpclass/data/19649.json"},{"restype":"jsondata","rescode":"FClONl_extdata","resmd5":"5316497a2d52b7d73cb85fac347bce7d","restitle":"输出面","resurl":"http://hellowocao.com/localxres/datax/coode_grpclass/data/19650.json"},{"restype":"jsondata","rescode":"e7EAeE_extdata","resmd5":"caae0ae79152c14a7f81d69b7cd64739","restitle":"小地址","resurl":"http://hellowocao.com/localxres/datax/coode_grpclass/data/19651.json"},{"restype":"jsondata","rescode":"blea4J_extdata","resmd5":"de2d9db7283b9fcd7508e4a6889bda9e","restitle":"公司","resurl":"http://hellowocao.com/localxres/datax/coode_grpclass/data/19652.json"},{"restype":"jsondata","rescode":"wxgzrS_extdata","resmd5":"10ca4eab63a693e4d7f7e083dd364e44","restitle":"部门","resurl":"http://hellowocao.com/localxres/datax/coode_grpclass/data/19653.json"},{"restype":"jsondata","rescode":"AqRhQM_extdata","resmd5":"6daa923925881d02d6b56cc6ef71cbca","restitle":"个人","resurl":"http://hellowocao.com/localxres/datax/coode_grpclass/data/19654.json"},{"restype":"jsondata","rescode":"hg2KAX_extdata","resmd5":"8bf0201428ae8cc1b23e4b413c7f51bb","restitle":"职务","resurl":"http://hellowocao.com/localxres/datax/coode_grpclass/data/19655.json"},{"restype":"jsondata","rescode":"6Ecdkm_extdata","resmd5":"084630a00ed1d773c56fa71aeaff7d3d","restitle":"角色","resurl":"http://hellowocao.com/localxres/datax/coode_grpclass/data/19656.json"},{"restype":"jsondata","rescode":"v5qrpz_extdata","resmd5":"65f83dc637e3d0d554e884e211c6879c","restitle":"核心表格","resurl":"http://hellowocao.com/localxres/datax/coode_grpclass/data/19657.json"},{"restype":"jsondata","rescode":"6NqIfg_extdata","resmd5":"45b3dbe58ad5161cfcbf969eae90ed14","restitle":"核心函数","resurl":"http://hellowocao.com/localxres/datax/coode_grpclass/data/19658.json"},{"restype":"jsondata","rescode":"Jyv9Vf_extdata","resmd5":"fd249417912a7e3f1838ddb53ce8d3de","restitle":"系外表格","resurl":"http://hellowocao.com/localxres/datax/coode_grpclass/data/19659.json"},{"restype":"jsondata","rescode":"MtNdAG_extdata","resmd5":"962745650ad1c2bbd9abecf0c6214bb3","restitle":"类模块","resurl":"http://hellowocao.com/localxres/datax/coode_grpclass/data/19660.json"},{"restype":"jsondata","rescode":"PNBEq8_extdata","resmd5":"d662e68f4e16c251364bc6761f7c89d9","restitle":"模板","resurl":"http://hellowocao.com/localxres/datax/coode_grpclass/data/19661.json"}]}