{
"rows":[{"id":"123","name":"张三","sex":"0","birthday":326044800000,"grade":"一年级四班","address":"湖北省武汉市 430017江岸区沿江大道159号"},
	{"id":"124","name":"张三","sex":"0","birthday":326044800000,"grade":"一年级四班","address":"湖北省武汉市 430017江岸区沿江大道159号"},
	{"id":"125","name":"张三","sex":"0","birthday":326044800000,"grade":"一年级四班","address":"湖北省武汉市 430017江岸区沿江大道159号"},
	{"id":"126","name":"张三","sex":"0","birthday":326044800000,"grade":"一年级四班","address":"湖北省武汉市 430017江岸区沿江大道159号"},
	{"id":"127","name":"张三","sex":"0","birthday":326044800000,"grade":"一年级四班","address":"湖北省武汉市 430017江岸区沿江大道159号"},
	{"id":"128","name":"张三","sex":"0","birthday":326044800000,"grade":"一年级四班","address":"湖北省武汉市 430017江岸区沿江大道159号"},
	{"id":"129","name":"张三","sex":"0","birthday":326044800000,"grade":"一年级四班","address":"湖北省武汉市 430017江岸区沿江大道159号"},
	{"id":"1210","name":"张三","sex":"0","birthday":326044800000,"grade":"一年级四班","address":"湖北省武汉市 430017江岸区沿江大道159号"},
	{"id":"1211","name":"张三","sex":"0","birthday":326044800000,"grade":"一年级四班","address":"湖北省武汉市 430017江岸区沿江大道159号"},
	{"id":"1212","name":"张三","sex":"0","birthday":326044800000,"grade":"一年级四班","address":"湖北省武汉市 430017江岸区沿江大道159号"},
	{"id":"1213","name":"张三","sex":"0","birthday":326044800000,"grade":"一年级四班","address":"湖北省武汉市 430017江岸区沿江大道159号"},
	{"id":"1214","name":"张三","sex":"0","birthday":326044800000,"grade":"一年级四班","address":"湖北省武汉市 430017江岸区沿江大道159号"},
	{"id":"1215","name":"张三","sex":"0","birthday":326044800000,"grade":"一年级四班","address":"湖北省武汉市 430017江岸区沿江大道159号"},
	{"id":"1216","name":"张三","sex":"0","birthday":326044800000,"grade":"一年级四班","address":"湖北省武汉市 430017江岸区沿江大道159号"},
	{"id":"1217","name":"张三","sex":"0","birthday":326044800000,"grade":"一年级四班","address":"湖北省武汉市 430017江岸区沿江大道159号"}],
"results": 40
}