{"status":"1","tabnm":"coode_tablist","tabtitle":"表格列表","tabsno":"","crtsql":"","allkeys":"人智标题,人智值,全部,领域字段,浏览前执行,内容字段,版权标记,创建代码,创建时刻,创建人,表分组,表单,信息创建者,图像,设置权限,安装数据,信息映射资源隶属世界,json内容,json类型,字段长度,全字段,字段类型,主序字段,数据版本字段,唯一标记,唯一标记字段,操作,父资源KEY,安装制作,子母级联,资源中文单词,本身资源值,资源英文单词,资源类型代码,远程IP,数据库名,长度类型,编号,资源字段,资源标题,流程状态,流程脚本,辅序字段,系统ID,更新频率,表名,简介字段,表标题,表格类型,更新时刻,版本号,母子级联,世界标记|aitkey,aivkey,allkeys,areakey,beforeview,contentkeys,copyrightmark,createsql,CRTM,CRTOR,grpmark,hasshort,ickey,imghead,ispmiss,issys,iwkey,jsonconts,jsontpnms,keylens,keynames,keytpnms,mainsqx,md5key,OLMK,olmkkey,OPRT,parreskey,PRIME,PTOF,reschiword,rescode,resenword,restpcode,RIP,schm,sizetype,SNO,srckey,srcttk,STATUS,STCODE,subsqx,sysid,tabcls,TABLE_NAME,tabnick,tabtitle,tabtype,UPTM,vermd5,VRT,worldmarks","parreskey":"","mainsqx":"SNO","srckey":"TABLE_NAME","srcttk":"tabtitle","rtype":"tabx","parcode":"","rcode":"","rtitle":"","ver":"20260129115341","vls":[]}