{"status":"1","tabnm":"coode_tablist","tabtitle":"表格列表","tabsno":"1415","crtsql":"","allkeys":"人智标题,人智值,全部,领域字段,浏览前执行,内容字段,版权标记,创建代码,创建时刻,创建人,表分组,表单,信息创建者,图像,设置权限,安装数据,信息映射资源隶属世界,json内容,json类型,字段长度,全字段,字段类型,主序字段,数据版本字段,唯一标记,唯一标记字段,操作,父资源KEY,安装制作,子母级联,资源中文单词,本身资源值,资源英文单词,资源类型代码,远程IP,数据库名,长度类型,编号,资源字段,资源标题,流程状态,流程脚本,辅序字段,系统ID,更新频率,表名,简介字段,表标题,表格类型,更新时刻,版本号,母子级联,世界标记|aitkey,aivkey,allkeys,areakey,beforeview,contentkeys,copyrightmark,createsql,CRTM,CRTOR,grpmark,hasshort,ickey,imghead,ispmiss,issys,iwkey,jsonconts,jsontpnms,keylens,keynames,keytpnms,mainsqx,md5key,OLMK,olmkkey,OPRT,parreskey,PRIME,PTOF,reschiword,rescode,resenword,restpcode,RIP,schm,sizetype,SNO,srckey,srcttk,STATUS,STCODE,subsqx,sysid,tabcls,TABLE_NAME,tabnick,tabtitle,tabtype,UPTM,vermd5,VRT,worldmarks","parreskey":"","mainsqx":"SNO","srckey":"TABLE_NAME","srcttk":"tabtitle","rtype":"tabx","parcode":"","rcode":"coode_mydbkeydx","rtitle":"表格结构","ver":"20260129114023","vls":[{"keymark":"OLMK","dxtype":"varchar","keytitle":"唯一标记","kvalue":"be4bb9be6b4c2cc650547487b22fa5"},{"keymark":"UPTM","dxtype":"datetime","keytitle":"更新时刻","kvalue":"2023-01-09 09:38:30"},{"keymark":"CRTM","dxtype":"datetime","keytitle":"创建时刻","kvalue":"2021-07-06 16:10:49"},{"keymark":"PTOF","dxtype":"select","keytitle":"子母级联","kvalue":""},{"keymark":"TABLE_NAME","dxtype":"varchar","keytitle":"表名","kvalue":"coode_mydbkeydx"},{"keymark":"tabtitle","dxtype":"varchar","keytitle":"表标题","kvalue":"表格结构"},{"keymark":"VRT","dxtype":"multiselect","keytitle":"母子级联","kvalue":"f6baf524585a72bd7547e3eb39bd8969"},{"keymark":"CRTOR","dxtype":"varchar","keytitle":"创建人","kvalue":"hellowocao"},{"keymark":"ickey","dxtype":"varchar","keytitle":"信息创建者","kvalue":"CRTOR"},{"keymark":"iwkey","dxtype":"varchar","keytitle":"信息映射资源隶属世界","kvalue":"localxres"},{"keymark":"ispmiss","dxtype":"varchar","keytitle":"设置权限","kvalue":"0"},{"keymark":"sizetype","dxtype":"select","keytitle":"长度类型","kvalue":""},{"keymark":"hasshort","dxtype":"varchar","keytitle":"表单","kvalue":"0"},{"keymark":"STATUS","dxtype":"varchar","keytitle":"流程状态","kvalue":"0"},{"keymark":"STCODE","dxtype":"varchar","keytitle":"流程脚本","kvalue":""},{"keymark":"PRIME","dxtype":"int","keytitle":"安装制作","kvalue":"0"},{"keymark":"RIP","dxtype":"varchar","keytitle":"远程IP","kvalue":""},{"keymark":"OPRT","dxtype":"chtml","keytitle":"操作","kvalue":""},{"keymark":"mainsqx","dxtype":"select","keytitle":"主序字段","kvalue":"SNO"},{"keymark":"tabcls","dxtype":"select","keytitle":"更新频率","kvalue":""},{"keymark":"sysid","dxtype":"select","keytitle":"系统ID","kvalue":"0"},{"keymark":"schm","dxtype":"varchar","keytitle":"数据库名","kvalue":"io_halo123_cn"},{"keymark":"createsql","dxtype":"code","keytitle":"创建代码","kvalue":"CREATE TABLE coode_mydbkeydx (SNO int(11) NOT NULL AUTO_INCREMENT,TABLE_CATALOG varchar(512) NOT NULL,TABLE_SCHEMA varchar(64) NOT NULL,TABLE_NAME varchar(64) NOT NULL,COLUMN_NAME varchar(64) NOT NULL,ORDINAL_POSITION bigint(20) NOT NULL,COLUMN_DEFAULT longtext NOT NULL,IS_NULLABLE varchar(3) NOT NULL,DATA_TYPE varchar(64) NOT NULL,CHARACTER_MAXIMUM_LENGTH bigint(20) NOT NULL,CHARACTER_OCTET_LENGTH bigint(20) NOT NULL,NUMERIC_PRECISION bigint(20) NOT NULL,NUMERIC_SCALE bigint(20) NOT NULL,DATETIME_PRECISION bigint(20) NOT NULL,CHARACTER_SET_NAME varchar(32) NOT NULL,COLLATION_NAME varchar(32) NOT NULL,COLUMN_TYPE longtext NOT NULL,COLUMN_KEY varchar(3) NOT NULL,EXTRA varchar(30) NOT NULL,PRIVILEGES varchar(80) NOT NULL,COLUMN_COMMENT varchar(1024) NOT NULL,PRIME int(11) NOT NULL,shortid varchar(50) NOT NULL,CRTM datetime NOT NULL,OLMK varchar(30) NOT NULL,PTOF varchar(30) NOT NULL,classp bigint(20) NOT NULL,clstxt text NOT NULL,tdomain varchar(255) NOT NULL,tgroup varchar(50) NOT NULL,tabnick varchar(50) NOT NULL,parallelto varchar(255) NOT NULL,keytitle varchar(30) NOT NULL,valuezero varchar(1024) NOT NULL,keyexplain varchar(30) NOT NULL,acthtml text NOT NULL,atnhtml text NOT NULL,jsshowfun text NOT NULL,sysshowfun text NOT NULL,jspostfun text NOT NULL,syspostfun text NOT NULL,changeable tinyint(4) NOT NULL,displayed tinyint(4) NOT NULL,dxtype varchar(1024) NOT NULL,UPTM datetime NOT NULL,bfist text NOT NULL,aftist text NOT NULL,bfupd text NOT NULL,aftupd text NOT NULL,bfdel text NOT NULL,aftdel text NOT NULL,sysid varchar(20) NOT NULL,appid varchar(20) NOT NULL,isfixed tinyint(4) NOT NULL,thcode varchar(1024) NOT NULL,tdcode varchar(1024) NOT NULL,VRT varchar(1024) NOT NULL,SQX decimal(10,2) NOT NULL,VQX decimal(10,2) NOT NULL,CRTOR varchar(255) NOT NULL,STATUS tinyint(4) NOT NULL,STCODE varchar(1024) NOT NULL,RIP varchar(255) NOT NULL,OPRT varchar(1024) NOT NULL,PRIMARY KEY (SNO),UNIQUE KEY tcol (TABLE_SCHEMA,TABLE_NAME,COLUMN_NAME) USING BTREE) ENGINE=MyISAM AUTO_INCREMENT=1 DEFAULT CHARSET=utf8;"},{"keymark":"issys","dxtype":"varchar","keytitle":"安装数据","kvalue":"0"},{"keymark":"keynames","dxtype":"varchar","keytitle":"全字段","kvalue":"TABLE_CATALOG,TABLE_SCHEMA,TABLE_NAME,COLUMN_NAME,ORDINAL_POSITION,COLUMN_DEFAULT,IS_NULLABLE,DATA_TYPE,CHARACTER_MAXIMUM_LENGTH,CHARACTER_OCTET_LENGTH,NUMERIC_PRECISION,NUMERIC_SCALE,DATETIME_PRECISION,CHARACTER_SET_NAME,COLLATION_NAME,COLUMN_TYPE,COLUMN_KEY,EXTRA,PRIVILEGES,COLUMN_COMMENT,PRIME,shortid,CRTM,OLMK,PTOF,classp,clstxt,tdomain,tgroup,tabnick,parallelto,keytitle,valuezero,keyexplain,acthtml,atnhtml,jsshowfun,sysshowfun,jspostfun,syspostfun,changeable,displayed,dxtype,UPTM,bfist,aftist,bfupd,aftupd,bfdel,aftdel,sysid,appid,isfixed,thcode,tdcode,VRT,SQX,VQX,CRTOR,STATUS,STCODE,RIP,OPRT"},{"keymark":"keytpnms","dxtype":"varchar","keytitle":"字段类型","kvalue":"concat(↓↑↓,TABLE_CATALOG,↓↑,↑↓,TABLE_SCHEMA,↓↑,↑↓,TABLE_NAME,↓↑,↑↓,COLUMN_NAME,↓↑,↑↓,ORDINAL_POSITION,↓↑,↑↓,COLUMN_DEFAULT,↓↑,↑↓,IS_NULLABLE,↓↑,↑↓,DATA_TYPE,↓↑,↑↓,CHARACTER_MAXIMUM_LENGTH,↓↑,↑↓,CHARACTER_OCTET_LENGTH,↓↑,↑↓,NUMERIC_PRECISION,↓↑,↑↓,NUMERIC_SCALE,↓↑,↑↓,DATETIME_PRECISION,↓↑,↑↓,CHARACTER_SET_NAME,↓↑,↑↓,COLLATION_NAME,↓↑,↑↓,COLUMN_TYPE,↓↑,↑↓,COLUMN_KEY,↓↑,↑↓,EXTRA,↓↑,↑↓,PRIVILEGES,↓↑,↑↓,COLUMN_COMMENT,↓↑,↑↓,PRIME,↓↑,↑↓,shortid,↓↑,↑↓,CRTM,↓↑,↑↓,OLMK,↓↑,↑↓,PTOF,↓↑,↑↓,classp,↓↑,↑↓,clstxt,↓↑,↑↓,tdomain,↓↑,↑↓,tgroup,↓↑,↑↓,tabnick,↓↑,↑↓,parallelto,↓↑,↑↓,keytitle,↓↑,↑↓,valuezero,↓↑,↑↓,keyexplain,↓↑,↑↓,acthtml,↓↑,↑↓,atnhtml,↓↑,↑↓,jsshowfun,↓↑,↑↓,sysshowfun,↓↑,↑↓,jspostfun,↓↑,↑↓,syspostfun,↓↑,↑↓,changeable,↓↑,↑↓,displayed,↓↑,↑↓,dxtype,↓↑,↑↓,UPTM,↓↑,↑↓,bfist,↓↑,↑↓,aftist,↓↑,↑↓,bfupd,↓↑,↑↓,aftupd,↓↑,↑↓,bfdel,↓↑,↑↓,aftdel,↓↑,↑↓,sysid,↓↑,↑↓,appid,↓↑,↑↓,isfixed,↓↑,↑↓,thcode,↓↑,↑↓,tdcode,↓↑,↑↓,VRT,↓↑,↑↓,SQX,↓↑,↑↓,VQX,↓↑,↑↓,CRTOR,↓↑,↑↓,STATUS,↓↑,↑↓,STCODE,↓↑,↑↓,RIP,↓↑,↑↓,OPRT,↓↑↓)"},{"keymark":"jsontpnms","dxtype":"varchar","keytitle":"json类型","kvalue":"concat(↓\"TABLE_CATALOG∵↓,TABLE_CATALOG,↓\",↓,↓\"TABLE_SCHEMA∵↓,TABLE_SCHEMA,↓\",↓,↓\"TABLE_NAME∵↓,TABLE_NAME,↓\",↓,↓\"COLUMN_NAME∵↓,COLUMN_NAME,↓\",↓,↓\"ORDINAL_POSITION∵↓,ORDINAL_POSITION,↓\",↓,↓\"COLUMN_DEFAULT∵↓,COLUMN_DEFAULT,↓\",↓,↓\"IS_NULLABLE∵↓,IS_NULLABLE,↓\",↓,↓\"DATA_TYPE∵↓,DATA_TYPE,↓\",↓,↓\"CHARACTER_MAXIMUM_LENGTH∵↓,CHARACTER_MAXIMUM_LENGTH,↓\",↓,↓\"CHARACTER_OCTET_LENGTH∵↓,CHARACTER_OCTET_LENGTH,↓\",↓,↓\"NUMERIC_PRECISION∵↓,NUMERIC_PRECISION,↓\",↓,↓\"NUMERIC_SCALE∵↓,NUMERIC_SCALE,↓\",↓,↓\"DATETIME_PRECISION∵↓,DATETIME_PRECISION,↓\",↓,↓\"CHARACTER_SET_NAME∵↓,CHARACTER_SET_NAME,↓\",↓,↓\"COLLATION_NAME∵↓,COLLATION_NAME,↓\",↓,↓\"COLUMN_TYPE∵↓,COLUMN_TYPE,↓\",↓,↓\"COLUMN_KEY∵↓,COLUMN_KEY,↓\",↓,↓\"EXTRA∵↓,EXTRA,↓\",↓,↓\"PRIVILEGES∵↓,PRIVILEGES,↓\",↓,↓\"COLUMN_COMMENT∵↓,COLUMN_COMMENT,↓\",↓,↓\"PRIME∵↓,PRIME,↓\",↓,↓\"shortid∵↓,shortid,↓\",↓,↓\"CRTM∵↓,CRTM,↓\",↓,↓\"OLMK∵↓,OLMK,↓\",↓,↓\"PTOF∵↓,PTOF,↓\",↓,↓\"classp∵↓,classp,↓\",↓,↓\"clstxt∵↓,clstxt,↓\",↓,↓\"tdomain∵↓,tdomain,↓\",↓,↓\"tgroup∵↓,tgroup,↓\",↓,↓\"tabnick∵↓,tabnick,↓\",↓,↓\"parallelto∵↓,parallelto,↓\",↓,↓\"keytitle∵↓,keytitle,↓\",↓,↓\"valuezero∵↓,valuezero,↓\",↓,↓\"keyexplain∵↓,keyexplain,↓\",↓,↓\"acthtml∵↓,acthtml,↓\",↓,↓\"atnhtml∵↓,atnhtml,↓\",↓,↓\"jsshowfun∵↓,jsshowfun,↓\",↓,↓\"sysshowfun∵↓,sysshowfun,↓\",↓,↓\"jspostfun∵↓,jspostfun,↓\",↓,↓\"syspostfun∵↓,syspostfun,↓\",↓,↓\"changeable∵↓,changeable,↓\",↓,↓\"displayed∵↓,displayed,↓\",↓,↓\"dxtype∵↓,dxtype,↓\",↓,↓\"UPTM∵↓,UPTM,↓\",↓,↓\"bfist∵↓,bfist,↓\",↓,↓\"aftist∵↓,aftist,↓\",↓,↓\"bfupd∵↓,bfupd,↓\",↓,↓\"aftupd∵↓,aftupd,↓\",↓,↓\"bfdel∵↓,bfdel,↓\",↓,↓\"aftdel∵↓,aftdel,↓\",↓,↓\"sysid∵↓,sysid,↓\",↓,↓\"appid∵↓,appid,↓\",↓,↓\"isfixed∵↓,isfixed,↓\",↓,↓\"thcode∵↓,thcode,↓\",↓,↓\"tdcode∵↓,tdcode,↓\",↓,↓\"VRT∵↓,VRT,↓\",↓,↓\"SQX∵↓,SQX,↓\",↓,↓\"VQX∵↓,VQX,↓\",↓,↓\"CRTOR∵↓,CRTOR,↓\",↓,↓\"STATUS∵↓,STATUS,↓\",↓,↓\"STCODE∵↓,STCODE,↓\",↓,↓\"RIP∵↓,RIP,↓\",↓,↓\"OPRT∵↓,OPRT,↓\"↓)"},{"keymark":"srckey","dxtype":"select","keytitle":"资源字段","kvalue":""},{"keymark":"srcttk","dxtype":"select","keytitle":"资源标题","kvalue":""},{"keymark":"allkeys","dxtype":"varchar","keytitle":"全部","kvalue":"选择器执行,删除后,新增后,更改后,应用ID,atnhtml,删除前,新增前,更改前,可否更改,字段长度,CHARACTER_OCTET_LENGTH,CHARACTER_SET_NAME,质数定类,分类选项,COLLATION_NAME,COLUMN_COMMENT,默认值,COLUMN_KEY,字段名,字段类别,创建时刻,创建者,数据类型,DATETIME_PRECISION,显示,显示类型,EXTRA,是否固定,可为空,前提交验证,前端展示,字段注释,字段别名,NUMERIC_PRECISION,NUMERIC_SCALE,唯一标记,操作,ORDINAL_POSITION,平行分裂,素数定类,PRIVILEGES,公司归属,远程IP,短码,编号,顺序,流程状态,流程脚本,系统ID,后端提交验证,样式脚本,TABLE_CATALOG,表名,数据库,tabnick,单元格外围,tdomain,tgroup,thcode,更改时刻,默认值,展示字段顺序,职位|acthtml,aftdel,aftist,aftupd,appid,atnhtml,bfdel,bfist,bfupd,changeable,CHARACTER_MAXIMUM_LENGTH,CHARACTER_OCTET_LENGTH,CHARACTER_SET_NAME,classp,clstxt,COLLATION_NAME,COLUMN_COMMENT,COLUMN_DEFAULT,COLUMN_KEY,COLUMN_NAME,COLUMN_TYPE,CRTM,CRTOR,DATA_TYPE,DATETIME_PRECISION,displayed,dxtype,EXTRA,isfixed,IS_NULLABLE,jspostfun,jsshowfun,keyexplain,keytitle,NUMERIC_PRECISION,NUMERIC_SCALE,OLMK,OPRT,ORDINAL_POSITION,parallelto,PRIME,PRIVILEGES,PTOF,RIP,shortid,SNO,SQX,STATUS,STCODE,sysid,syspostfun,sysshowfun,TABLE_CATALOG,TABLE_NAME,TABLE_SCHEMA,tabnick,tdcode,tdomain,tgroup,thcode,UPT"},{"keymark":"contentkeys","dxtype":"varchar","keytitle":"内容字段","kvalue":"TABLE_CATALOG,TABLE_SCHEMA,TABLE_NAME,COLUMN_NAME,ORDINAL_POSITION,COLUMN_DEFAULT,IS_NULLABLE,DATA_TYPE,CHARACTER_MAXIMUM_LENGTH,CHARACTER_OCTET_LENGTH,NUMERIC_PRECISION,NUMERIC_SCALE,DATETIME_PRECISION,CHARACTER_SET_NAME,COLLATION_NAME,COLUMN_TYPE,COLUMN_KEY,EXTRA,PRIVILEGES,COLUMN_COMMENT,shortid,classp,clstxt,tdomain,tgroup,tabnick,parallelto,keytitle,valuezero,keyexplain,acthtml,atnhtml,jsshowfun,sysshowfun,jspostfun,syspostfun,changeable,displayed,dxtype,bfist,aftist,bfupd,aftupd,bfdel,aftdel,sysid,appid,isfixed,thcode,tdcode,SQX,VQX"},{"keymark":"jsonconts","dxtype":"varchar","keytitle":"json内容","kvalue":"↓\"TABLE_CATALOG∵↓,TABLE_CATALOG,↓\",↓,↓\"TABLE_SCHEMA∵↓,TABLE_SCHEMA,↓\",↓,↓\"TABLE_NAME∵↓,TABLE_NAME,↓\",↓,↓\"COLUMN_NAME∵↓,COLUMN_NAME,↓\",↓,↓\"ORDINAL_POSITION∵↓,ORDINAL_POSITION,↓\",↓,↓\"COLUMN_DEFAULT∵↓,COLUMN_DEFAULT,↓\",↓,↓\"IS_NULLABLE∵↓,IS_NULLABLE,↓\",↓,↓\"DATA_TYPE∵↓,DATA_TYPE,↓\",↓,↓\"CHARACTER_MAXIMUM_LENGTH∵↓,CHARACTER_MAXIMUM_LENGTH,↓\",↓,↓\"CHARACTER_OCTET_LENGTH∵↓,CHARACTER_OCTET_LENGTH,↓\",↓,↓\"NUMERIC_PRECISION∵↓,NUMERIC_PRECISION,↓\",↓,↓\"NUMERIC_SCALE∵↓,NUMERIC_SCALE,↓\",↓,↓\"DATETIME_PRECISION∵↓,DATETIME_PRECISION,↓\",↓,↓\"CHARACTER_SET_NAME∵↓,CHARACTER_SET_NAME,↓\",↓,↓\"COLLATION_NAME∵↓,COLLATION_NAME,↓\",↓,↓\"COLUMN_TYPE∵↓,COLUMN_TYPE,↓\",↓,↓\"COLUMN_KEY∵↓,COLUMN_KEY,↓\",↓,↓\"EXTRA∵↓,EXTRA,↓\",↓,↓\"PRIVILEGES∵↓,PRIVILEGES,↓\",↓,↓\"COLUMN_COMMENT∵↓,COLUMN_COMMENT,↓\",↓,↓\"shortid∵↓,shortid,↓\",↓,↓\"classp∵↓,classp,↓\",↓,↓\"clstxt∵↓,clstxt,↓\",↓,↓\"tdomain∵↓,tdomain,↓\",↓,↓\"tgroup∵↓,tgroup,↓\",↓,↓\"tabnick∵↓,tabnick,↓\",↓,↓\"parallelto∵↓,parallelto,↓\",↓,↓\"keytitle∵↓,keytitle,↓\",↓,↓\"valuezero∵↓,valuezero,↓\",↓,↓\"keyexplain∵↓,keyexplain,↓\",↓,↓\"acthtml∵↓,acthtml,↓\",↓,↓\"atnhtml∵↓,atnhtml,↓\",↓,↓\"jsshowfun∵↓,jsshowfun,↓\",↓,↓\"sysshowfun∵↓,sysshowfun,↓\",↓,↓\"jspostfun∵↓,jspostfun,↓\",↓,↓\"syspostfun∵↓,syspostfun,↓\",↓,↓\"changeable∵↓,changeable,↓\",↓,↓\"displayed∵↓,displayed,↓\",↓,↓\"dxtype∵↓,dxtype,↓\",↓,↓\"bfist∵↓,bfist,↓\",↓,↓\"aftist∵↓,aftist,↓\",↓,↓\"bfupd∵↓,bfupd,↓\",↓,↓\"aftupd∵↓,aftupd,↓\",↓,↓\"bfdel∵↓,bfdel,↓\",↓,↓\"aftdel∵↓,aftdel,↓\",↓,↓\"sysid∵↓,sysid,↓\",↓,↓\"appid∵↓,appid,↓\",↓,↓\"isfixed∵↓,isfixed,↓\",↓,↓\"thcode∵↓,thcode,↓\",↓,↓\"tdcode∵↓,tdcode,↓\",↓,↓\"SQX∵↓,SQX,↓\",↓,↓\"VQX∵↓,VQX,↓\",↓,↓\"tablename∵coode_mydbkeydx\"↓"},{"keymark":"imghead","dxtype":"select","keytitle":"图像","kvalue":""},{"keymark":"beforeview","dxtype":"longtext","keytitle":"浏览前执行","kvalue":""},{"keymark":"tabtype","dxtype":"select","keytitle":"表格类型","kvalue":""},{"keymark":"vermd5","dxtype":"varchar","keytitle":"版本号","kvalue":"f27abd2db388a55d6b4770651e38c0d9"},{"keymark":"tabnick","dxtype":"select","keytitle":"简介字段","kvalue":""},{"keymark":"copyrightmark","dxtype":"varchar","keytitle":"版权标记","kvalue":""},{"keymark":"grpmark","dxtype":"select","keytitle":"表分组","kvalue":""},{"keymark":"subsqx","dxtype":"select","keytitle":"辅序字段","kvalue":""},{"keymark":"olmkkey","dxtype":"select","keytitle":"唯一标记字段","kvalue":"OLMK"},{"keymark":"keylens","dxtype":"int","keytitle":"字段长度","kvalue":"62"},{"keymark":"areakey","dxtype":"select","keytitle":"领域字段","kvalue":""},{"keymark":"md5key","dxtype":"select","keytitle":"数据版本字段","kvalue":""},{"keymark":"rescode","dxtype":"varchar","keytitle":"本身资源值","kvalue":""},{"keymark":"worldmarks","dxtype":"varchar255","keytitle":"世界标记","kvalue":""},{"keymark":"restpcode","dxtype":"select","keytitle":"资源类型代码","kvalue":""},{"keymark":"resenword","dxtype":"varchar","keytitle":"资源英文单词","kvalue":""},{"keymark":"reschiword","dxtype":"varchar","keytitle":"资源中文单词","kvalue":""},{"keymark":"parreskey","dxtype":"select","keytitle":"父资源KEY","kvalue":""},{"keymark":"aitkey","dxtype":"select","keytitle":"人智标题","kvalue":""},{"keymark":"aivkey","dxtype":"select","keytitle":"人智值","kvalue":""}]}