{"status":"1","rtype":"tempx","rcode":"twpubux.index","rtitle":"好看的图文瀑布","ver":"de8148d41bacc4f1d5dd38b03e09105b","vls":[{"restype":"csspagex","rescode":"tuwenpubu","resmd5":"","restitle":"好看的图文瀑布的tuwenpubu","resurl":"http://hellowocao.com/systemres/1/csspagex/tuwenpubu/tuwenpubu_csspagex.zip"},{"restype":"csspagex","rescode":"outwindow","resmd5":"","restitle":"好看的图文瀑布的outwindow","resurl":"http://hellowocao.com/systemres/1/csspagex/outwindow/outwindow_csspagex.zip"},{"restype":"tempx","rescode":"twpubux.index","resmd5":"","restitle":"好看的图文瀑布","resurl":"http://hellowocao.com/localxres/tempx/twpubux/twpubux_tempx.zip"}]}