{"status":"1","rtype":"tempx","rcode":"kgEkRoU0qYytxu.index","rtitle":"数据空间数据","ver":"bd27341cce6fd4ae70b2726e67f045e6","vls":[{"restype":"csspagex","rescode":"U0qYytxu","resmd5":"","restitle":"数据空间数据的U0qYytxu","resurl":"http://hellowocao.com/systemres/0/csspagex/U0qYytxu/U0qYytxu_csspagex.zip"},{"restype":"csspagex","rescode":"BlhAe6E3","resmd5":"","restitle":"数据空间数据的BlhAe6E3","resurl":"http://hellowocao.com/systemres/0/csspagex/BlhAe6E3/BlhAe6E3_csspagex.zip"},{"restype":"tempx","rescode":"kgEkRoU0qYytxu.index","resmd5":"","restitle":"数据空间数据","resurl":"http://hellowocao.com/localxres/tempx/kgEkRoU0qYytxu/kgEkRoU0qYytxu_tempx.zip"}]}