{"status":"1","tabnm":"coode_tablist","tabtitle":"表格列表","tabsno":"1333","crtsql":"","allkeys":"人智标题,人智值,全部,领域字段,浏览前执行,内容字段,版权标记,创建代码,创建时刻,创建人,表分组,表单,信息创建者,图像,设置权限,安装数据,信息映射资源隶属世界,json内容,json类型,字段长度,全字段,字段类型,主序字段,数据版本字段,唯一标记,唯一标记字段,操作,父资源KEY,安装制作,子母级联,资源中文单词,本身资源值,资源英文单词,资源类型代码,远程IP,数据库名,长度类型,编号,资源字段,资源标题,流程状态,流程脚本,辅序字段,系统ID,更新频率,表名,简介字段,表标题,表格类型,更新时刻,版本号,母子级联,世界标记|aitkey,aivkey,allkeys,areakey,beforeview,contentkeys,copyrightmark,createsql,CRTM,CRTOR,grpmark,hasshort,ickey,imghead,ispmiss,issys,iwkey,jsonconts,jsontpnms,keylens,keynames,keytpnms,mainsqx,md5key,OLMK,olmkkey,OPRT,parreskey,PRIME,PTOF,reschiword,rescode,resenword,restpcode,RIP,schm,sizetype,SNO,srckey,srcttk,STATUS,STCODE,subsqx,sysid,tabcls,TABLE_NAME,tabnick,tabtitle,tabtype,UPTM,vermd5,VRT,worldmarks","parreskey":"","mainsqx":"SNO","srckey":"TABLE_NAME","srcttk":"tabtitle","rtype":"tabx","parcode":"","rcode":"coode_tempfiles","rtitle":"模板引用文件","ver":"20260129114218","vls":[{"keymark":"OLMK","dxtype":"varchar","keytitle":"唯一标记","kvalue":"deee8c18beeae266ceab005732004a"},{"keymark":"UPTM","dxtype":"datetime","keytitle":"更新时刻","kvalue":"2023-01-09 09:38:31"},{"keymark":"CRTM","dxtype":"datetime","keytitle":"创建时刻","kvalue":"2021-05-26 14:55:47"},{"keymark":"PTOF","dxtype":"select","keytitle":"子母级联","kvalue":"public_userlist"},{"keymark":"TABLE_NAME","dxtype":"varchar","keytitle":"表名","kvalue":"coode_tempfiles"},{"keymark":"tabtitle","dxtype":"varchar","keytitle":"表标题","kvalue":"模板引用文件"},{"keymark":"VRT","dxtype":"multiselect","keytitle":"母子级联","kvalue":"c0af169879c54246fff36df69e669921"},{"keymark":"CRTOR","dxtype":"varchar","keytitle":"创建人","kvalue":"hellowocao"},{"keymark":"ickey","dxtype":"varchar","keytitle":"信息创建者","kvalue":"CRTOR"},{"keymark":"iwkey","dxtype":"varchar","keytitle":"信息映射资源隶属世界","kvalue":"localxres"},{"keymark":"ispmiss","dxtype":"varchar","keytitle":"设置权限","kvalue":"0"},{"keymark":"sizetype","dxtype":"select","keytitle":"长度类型","kvalue":""},{"keymark":"hasshort","dxtype":"varchar","keytitle":"表单","kvalue":"0"},{"keymark":"STATUS","dxtype":"varchar","keytitle":"流程状态","kvalue":"0"},{"keymark":"STCODE","dxtype":"varchar","keytitle":"流程脚本","kvalue":""},{"keymark":"PRIME","dxtype":"int","keytitle":"安装制作","kvalue":"0"},{"keymark":"RIP","dxtype":"varchar","keytitle":"远程IP","kvalue":""},{"keymark":"OPRT","dxtype":"chtml","keytitle":"操作","kvalue":""},{"keymark":"mainsqx","dxtype":"select","keytitle":"主序字段","kvalue":"SNO"},{"keymark":"tabcls","dxtype":"select","keytitle":"更新频率","kvalue":""},{"keymark":"sysid","dxtype":"select","keytitle":"系统ID","kvalue":"0"},{"keymark":"schm","dxtype":"varchar","keytitle":"数据库名","kvalue":"io_halo123_cn"},{"keymark":"createsql","dxtype":"code","keytitle":"创建代码","kvalue":"CREATE TABLE coode_tempfiles (SNO int(11) NOT NULL AUTO_INCREMENT,dumark varchar(50) NOT NULL,layid varchar(50) NOT NULL,tinyid varchar(50) NOT NULL,fileurl varchar(1024) NOT NULL,fileplace varchar(100) NOT NULL,lcfilepath varchar(1024) NOT NULL,lcfileurl varchar(1024) NOT NULL,fromfileurl varchar(1024) NOT NULL,CRTM datetime NOT NULL,CRTOR varchar(255) NOT NULL,OLMK varchar(255) NOT NULL,OPRT varchar(1024) NOT NULL,PRIME int(11) NOT NULL,PTOF varchar(255) NOT NULL,RIP varchar(255) NOT NULL,STATUS tinyint(4) NOT NULL,STCODE varchar(1024) NOT NULL,UPTM datetime NOT NULL,VRT varchar(255) NOT NULL,PRIMARY KEY (SNO)) ENGINE=MyISAM AUTO_INCREMENT=1 DEFAULT CHARSET=utf8;"},{"keymark":"issys","dxtype":"varchar","keytitle":"安装数据","kvalue":"0"},{"keymark":"keynames","dxtype":"varchar","keytitle":"全字段","kvalue":"dumark,layid,tinyid,fileurl,fileplace,lcfilepath,lcfileurl,fromfileurl,CRTM,CRTOR,OLMK,OPRT,PRIME,PTOF,RIP,STATUS,STCODE,UPTM,VRT"},{"keymark":"keytpnms","dxtype":"varchar","keytitle":"字段类型","kvalue":"concat(↓↑↓,dumark,↓↑,↑↓,layid,↓↑,↑↓,tinyid,↓↑,↑↓,fileurl,↓↑,↑↓,fileplace,↓↑,↑↓,lcfilepath,↓↑,↑↓,lcfileurl,↓↑,↑↓,fromfileurl,↓↑,↑↓,CRTM,↓↑,↑↓,CRTOR,↓↑,↑↓,OLMK,↓↑,↑↓,OPRT,↓↑,↑↓,PRIME,↓↑,↑↓,PTOF,↓↑,↑↓,RIP,↓↑,↑↓,STATUS,↓↑,↑↓,STCODE,↓↑,↑↓,UPTM,↓↑,↑↓,VRT,↓↑↓)"},{"keymark":"jsontpnms","dxtype":"varchar","keytitle":"json类型","kvalue":"concat(↓\"dumark∵↓,dumark,↓\",↓,↓\"layid∵↓,layid,↓\",↓,↓\"tinyid∵↓,tinyid,↓\",↓,↓\"fileurl∵↓,fileurl,↓\",↓,↓\"fileplace∵↓,fileplace,↓\",↓,↓\"lcfilepath∵↓,lcfilepath,↓\",↓,↓\"lcfileurl∵↓,lcfileurl,↓\",↓,↓\"fromfileurl∵↓,fromfileurl,↓\",↓,↓\"CRTM∵↓,CRTM,↓\",↓,↓\"CRTOR∵↓,CRTOR,↓\",↓,↓\"OLMK∵↓,OLMK,↓\",↓,↓\"OPRT∵↓,OPRT,↓\",↓,↓\"PRIME∵↓,PRIME,↓\",↓,↓\"PTOF∵↓,PTOF,↓\",↓,↓\"RIP∵↓,RIP,↓\",↓,↓\"STATUS∵↓,STATUS,↓\",↓,↓\"STCODE∵↓,STCODE,↓\",↓,↓\"UPTM∵↓,UPTM,↓\",↓,↓\"VRT∵↓,VRT,↓\"↓)"},{"keymark":"srckey","dxtype":"select","keytitle":"资源字段","kvalue":""},{"keymark":"srcttk","dxtype":"select","keytitle":"资源标题","kvalue":""},{"keymark":"allkeys","dxtype":"varchar","keytitle":"全部","kvalue":"创建时刻,创建者,模板标记,文件区域,引用地址,来源地址,输出ID,本地路径,本地文件地址,唯一标记,操作,素数定类,公司归属,远程IP,编号,流程状态,流程脚本,短ID,更改时刻,职位|CRTM,CRTOR,dumark,fileplace,fileurl,fromfileurl,layid,lcfilepath,lcfileurl,OLMK,OPRT,PRIME,PTOF,RIP,SNO,STATUS,STCODE,tinyid,UPTM,VRT"},{"keymark":"contentkeys","dxtype":"varchar","keytitle":"内容字段","kvalue":"dumark,layid,tinyid,fileurl,fileplace,lcfilepath,lcfileurl,fromfileurl"},{"keymark":"jsonconts","dxtype":"varchar","keytitle":"json内容","kvalue":"↓\"dumark∵↓,dumark,↓\",↓,↓\"layid∵↓,layid,↓\",↓,↓\"tinyid∵↓,tinyid,↓\",↓,↓\"fileurl∵↓,fileurl,↓\",↓,↓\"fileplace∵↓,fileplace,↓\",↓,↓\"lcfilepath∵↓,lcfilepath,↓\",↓,↓\"lcfileurl∵↓,lcfileurl,↓\",↓,↓\"fromfileurl∵↓,fromfileurl,↓\",↓,↓\"tablename∵coode_tempfiles\"↓"},{"keymark":"imghead","dxtype":"select","keytitle":"图像","kvalue":""},{"keymark":"beforeview","dxtype":"longtext","keytitle":"浏览前执行","kvalue":""},{"keymark":"tabtype","dxtype":"select","keytitle":"表格类型","kvalue":""},{"keymark":"vermd5","dxtype":"varchar","keytitle":"版本号","kvalue":"b57df96f49a791d58fd7482bf0e02d4a"},{"keymark":"tabnick","dxtype":"select","keytitle":"简介字段","kvalue":""},{"keymark":"copyrightmark","dxtype":"varchar","keytitle":"版权标记","kvalue":""},{"keymark":"grpmark","dxtype":"select","keytitle":"表分组","kvalue":""},{"keymark":"subsqx","dxtype":"select","keytitle":"辅序字段","kvalue":""},{"keymark":"olmkkey","dxtype":"select","keytitle":"唯一标记字段","kvalue":"OLMK"},{"keymark":"keylens","dxtype":"int","keytitle":"字段长度","kvalue":"19"},{"keymark":"areakey","dxtype":"select","keytitle":"领域字段","kvalue":""},{"keymark":"md5key","dxtype":"select","keytitle":"数据版本字段","kvalue":"VRT"},{"keymark":"rescode","dxtype":"varchar","keytitle":"本身资源值","kvalue":""},{"keymark":"worldmarks","dxtype":"varchar255","keytitle":"世界标记","kvalue":""},{"keymark":"restpcode","dxtype":"select","keytitle":"资源类型代码","kvalue":""},{"keymark":"resenword","dxtype":"varchar","keytitle":"资源英文单词","kvalue":""},{"keymark":"reschiword","dxtype":"varchar","keytitle":"资源中文单词","kvalue":""},{"keymark":"parreskey","dxtype":"select","keytitle":"父资源KEY","kvalue":""},{"keymark":"aitkey","dxtype":"select","keytitle":"人智标题","kvalue":""},{"keymark":"aivkey","dxtype":"select","keytitle":"人智值","kvalue":""}]}