{"status":"1","rtype":"tabx","rcode":"coode_syscoreres","rtitle":"系统核心资源","ver":"993a825d7b3d882040f51b4337cee17c","crtsql":"CREATE TABLE coode_syscoreres (SNO int(11) NOT NULL AUTO_INCREMENT,sysid varchar(50) NOT NULL,restype varchar(50) NOT NULL,rescode varchar(100) NOT NULL,restitle varchar(1024) NOT NULL,reshead varchar(1024) NOT NULL,resimg varchar(1024) NOT NULL,resdescrib text NOT NULL,resmd5 varchar(32) NOT NULL,restext longtext NOT NULL,seedlay varchar(1024) NOT NULL,CRTM datetime NOT NULL,CRTOR varchar(255) NOT NULL,OLMK varchar(255) NOT NULL,OPRT varchar(1024) NOT NULL,PRIME int(11) NOT NULL,PTOF varchar(255) NOT NULL,RIP varchar(255) NOT NULL,STATUS tinyint(4) NOT NULL,STCODE varchar(1024) NOT NULL,UPTM datetime NOT NULL,VRT varchar(255) NOT NULL,PRIMARY KEY (SNO),UNIQUE KEY olres (sysid,restype,rescode) USING BTREE) ENGINE=MyISAM AUTO_INCREMENT=1 DEFAULT CHARSET=utf8;","vls":[{"restype":"jsondata","rescode":"coode_syscoreres_basedata","resmd5":"d9b3dadc2f08206be9e8b2977d4a4ead","restitle":"系统核心资源","resurl":"http://hellowocao.com/localxres/datax/coode_tablist/data/2208.json"},{"restype":"jsondata","rescode":"sysid_extdata","resmd5":"0bd3ef84768a668af796d29dc86dc1e7","restitle":"系统ID","resurl":"http://hellowocao.com/localxres/datax/coode_keydetailx/data/22973.json"},{"restype":"jsondata","rescode":"SNO_extdata","resmd5":"992caf25e66cf57698c9de618096154c","restitle":"编号","resurl":"http://hellowocao.com/localxres/datax/coode_keydetailx/data/22972.json"},{"restype":"jsondata","rescode":"restype_extdata","resmd5":"9b04e88d959a9581ab758de3462663cf","restitle":"资源类型","resurl":"http://hellowocao.com/localxres/datax/coode_keydetailx/data/22974.json"},{"restype":"jsondata","rescode":"rescode_extdata","resmd5":"19b9d62ef51eadb8093b053302497243","restitle":"资源代码","resurl":"http://hellowocao.com/localxres/datax/coode_keydetailx/data/22975.json"},{"restype":"jsondata","rescode":"restitle_extdata","resmd5":"fed2109177654e0a6e56378cc9d705d1","restitle":"资源标题","resurl":"http://hellowocao.com/localxres/datax/coode_keydetailx/data/22976.json"},{"restype":"jsondata","rescode":"reshead_extdata","resmd5":"1cd3af4c7445755233d1708612660df4","restitle":"资源头像","resurl":"http://hellowocao.com/localxres/datax/coode_keydetailx/data/22977.json"},{"restype":"jsondata","rescode":"resimg_extdata","resmd5":"ac1eff7078407fe399bb018940a96458","restitle":"资源图片","resurl":"http://hellowocao.com/localxres/datax/coode_keydetailx/data/22978.json"},{"restype":"jsondata","rescode":"resdescrib_extdata","resmd5":"d238329c9edf2cea0a499032a4ca7c03","restitle":"资源描述","resurl":"http://hellowocao.com/localxres/datax/coode_keydetailx/data/22979.json"},{"restype":"jsondata","rescode":"resmd5_extdata","resmd5":"93c14308b4ca945b94400c3a493320c3","restitle":"资源MD5","resurl":"http://hellowocao.com/localxres/datax/coode_keydetailx/data/22980.json"},{"restype":"jsondata","rescode":"restext_extdata","resmd5":"a2327c5275e9e0bee91d404d0dbd2d6c","restitle":"资源内容","resurl":"http://hellowocao.com/localxres/datax/coode_keydetailx/data/22981.json"},{"restype":"jsondata","rescode":"seedlay_extdata","resmd5":"3d580e6222fdfc0beae5d00af94535ca","restitle":"种子输出地址","resurl":"http://hellowocao.com/localxres/datax/coode_keydetailx/data/22982.json"},{"restype":"jsondata","rescode":"CRTM_extdata","resmd5":"360ede7ac2ac3eaca47a4c9e30f762ac","restitle":"创建时刻","resurl":"http://hellowocao.com/localxres/datax/coode_keydetailx/data/22983.json"},{"restype":"jsondata","rescode":"CRTOR_extdata","resmd5":"8201065dc4113d1591b601fc8034adff","restitle":"创建者","resurl":"http://hellowocao.com/localxres/datax/coode_keydetailx/data/22984.json"},{"restype":"jsondata","rescode":"OLMK_extdata","resmd5":"104e0dcebe5c544c0d0d57d1a908003d","restitle":"唯一标记","resurl":"http://hellowocao.com/localxres/datax/coode_keydetailx/data/22985.json"},{"restype":"jsondata","rescode":"OPRT_extdata","resmd5":"ae277a70f12a8f872c9843c788c5c2cf","restitle":"操作","resurl":"http://hellowocao.com/localxres/datax/coode_keydetailx/data/22986.json"},{"restype":"jsondata","rescode":"PRIME_extdata","resmd5":"6876a9a1bc8412d1f39f587088e6ec92","restitle":"素数定类","resurl":"http://hellowocao.com/localxres/datax/coode_keydetailx/data/22987.json"},{"restype":"jsondata","rescode":"PTOF_extdata","resmd5":"5f8932bd525a15cc5b912e18dc34d710","restitle":"归属","resurl":"http://hellowocao.com/localxres/datax/coode_keydetailx/data/22988.json"},{"restype":"jsondata","rescode":"RIP_extdata","resmd5":"44cc0ab0bcdb5f7d43f0fba01af415e1","restitle":"远程IP","resurl":"http://hellowocao.com/localxres/datax/coode_keydetailx/data/22989.json"},{"restype":"jsondata","rescode":"STATUS_extdata","resmd5":"a67d802bc584d886f2a07905f1f496a8","restitle":"流程状态","resurl":"http://hellowocao.com/localxres/datax/coode_keydetailx/data/22990.json"},{"restype":"jsondata","rescode":"STCODE_extdata","resmd5":"ecad508f87ada3fe68f71cb6c93e79c8","restitle":"流程脚本","resurl":"http://hellowocao.com/localxres/datax/coode_keydetailx/data/22991.json"},{"restype":"jsondata","rescode":"UPTM_extdata","resmd5":"c262e500ce71b1385eca51835125749d","restitle":"更改时刻","resurl":"http://hellowocao.com/localxres/datax/coode_keydetailx/data/22992.json"},{"restype":"jsondata","rescode":"VRT_extdata","resmd5":"5c30882f0573a0f162cd4bff144e1857","restitle":"流程编码","resurl":"http://hellowocao.com/localxres/datax/coode_keydetailx/data/22993.json"}]}