{"status":"1","rtype":"formx","rcode":"8yfpba","rtitle":"七牛云上传历史","ver":"095a99fa03e7b7d9d8985fbe182a07b5","vls":[{"restype":"jsondata","rescode":"8yfpba_basedata","resmd5":"b2f72e29ec6b1845a3ccd248d5585286","restitle":"七牛云上传历史","resurl":"http://hellowocao.com/localxres/datax/coode_shortdata/data/2580.json"},{"restype":"jsondata","rescode":"8yfpba_cssdata","resmd5":"8c00c44af447f48b8ec479f4bbc0cfc2","restitle":"七牛云上传历史","resurl":"http://hellowocao.com/localxres/datax/coode_shortcss/data/.json"},{"restype":"jsondata","rescode":"SNO_extdata","resmd5":"a84d45280cd1efcb602f11ef53454214","restitle":"编号","resurl":"http://hellowocao.com/localxres/datax/coode_keydetaily/data/98157.json"},{"restype":"jsondata","rescode":"qnapicode_extdata","resmd5":"6a761bee16e8795c59e180131da71ac5","restitle":"七牛云接口代码","resurl":"http://hellowocao.com/localxres/datax/coode_keydetaily/data/98158.json"},{"restype":"jsondata","rescode":"qndomain_extdata","resmd5":"fe7e28ec55aa7cbe4a7534b777350be4","restitle":"七牛云域名","resurl":"http://hellowocao.com/localxres/datax/coode_keydetaily/data/98159.json"},{"restype":"jsondata","rescode":"lcfile_extdata","resmd5":"85425569be696717399d392255fa63ef","restitle":"本地文件","resurl":"http://hellowocao.com/localxres/datax/coode_keydetaily/data/98160.json"},{"restype":"jsondata","rescode":"saveurl_extdata","resmd5":"0ab4f148aac2a689697ee72a79b7c8c8","restitle":"保存地址","resurl":"http://hellowocao.com/localxres/datax/coode_keydetaily/data/98161.json"},{"restype":"jsondata","rescode":"fullurl_extdata","resmd5":"5459bdc95061299beb9d29a2b417b39c","restitle":"完整地址","resurl":"http://hellowocao.com/localxres/datax/coode_keydetaily/data/98162.json"},{"restype":"jsondata","rescode":"OLMK_extdata","resmd5":"da6135cc44fa2430c926f98ac5e7d3d5","restitle":"唯一标记","resurl":"http://hellowocao.com/localxres/datax/coode_keydetaily/data/98163.json"},{"restype":"jsondata","rescode":"OPRT_extdata","resmd5":"50a73bf0b30894ca858778f20959956e","restitle":"操作","resurl":"http://hellowocao.com/localxres/datax/coode_keydetaily/data/98164.json"}]}