{"status":"1","rtype":"tempx","rcode":"toponeleftdetail.index","rtitle":"顶部一级左侧详情框架","ver":"eaa76c369fd2e65f93866374c8782a83","vls":[{"restype":"csspagex","rescode":"leftdetailtopm","resmd5":"","restitle":"顶部一级左侧详情框架的leftdetailtopm","resurl":"http://hellowocao.com/systemres/1/csspagex/leftdetailtopm/leftdetailtopm_csspagex.zip"},{"restype":"tempx","rescode":"toponeleftdetail.index","resmd5":"","restitle":"顶部一级左侧详情框架","resurl":"http://hellowocao.com/localxres/tempx/toponeleftdetail/toponeleftdetail_tempx.zip"}]}