{"status":"1","tabnm":"coode_tablist","tabtitle":"表格列表","tabsno":"2017","crtsql":"","allkeys":"人智标题,人智值,全部,领域字段,浏览前执行,内容字段,版权标记,创建代码,创建时刻,创建人,表分组,表单,信息创建者,图像,设置权限,安装数据,信息映射资源隶属世界,json内容,json类型,字段长度,全字段,字段类型,主序字段,数据版本字段,唯一标记,唯一标记字段,操作,父资源KEY,安装制作,子母级联,资源中文单词,本身资源值,资源英文单词,资源类型代码,远程IP,数据库名,长度类型,编号,资源字段,资源标题,流程状态,流程脚本,辅序字段,系统ID,更新频率,表名,简介字段,表标题,表格类型,更新时刻,版本号,母子级联,世界标记|aitkey,aivkey,allkeys,areakey,beforeview,contentkeys,copyrightmark,createsql,CRTM,CRTOR,grpmark,hasshort,ickey,imghead,ispmiss,issys,iwkey,jsonconts,jsontpnms,keylens,keynames,keytpnms,mainsqx,md5key,OLMK,olmkkey,OPRT,parreskey,PRIME,PTOF,reschiword,rescode,resenword,restpcode,RIP,schm,sizetype,SNO,srckey,srcttk,STATUS,STCODE,subsqx,sysid,tabcls,TABLE_NAME,tabnick,tabtitle,tabtype,UPTM,vermd5,VRT,worldmarks","parreskey":"","mainsqx":"SNO","srckey":"TABLE_NAME","srcttk":"tabtitle","rtype":"tabx","parcode":"","rcode":"coode_worldresdefine","rtitle":"世界资源定义","ver":"20260129115346","vls":[{"keymark":"OLMK","dxtype":"varchar","keytitle":"唯一标记","kvalue":"695C47D7-E636-3C03-CB93-ACCD64"},{"keymark":"UPTM","dxtype":"datetime","keytitle":"更新时刻","kvalue":"2023-10-17 11:02:19"},{"keymark":"CRTM","dxtype":"datetime","keytitle":"创建时刻","kvalue":"2023-04-09 14:44:32"},{"keymark":"PTOF","dxtype":"select","keytitle":"子母级联","kvalue":""},{"keymark":"TABLE_NAME","dxtype":"varchar","keytitle":"表名","kvalue":"coode_worldresdefine"},{"keymark":"tabtitle","dxtype":"varchar","keytitle":"表标题","kvalue":"世界资源定义"},{"keymark":"VRT","dxtype":"multiselect","keytitle":"母子级联","kvalue":"f7724a7a38e85b97285974d811cb2120"},{"keymark":"CRTOR","dxtype":"varchar","keytitle":"创建人","kvalue":"hellowocao"},{"keymark":"ickey","dxtype":"varchar","keytitle":"信息创建者","kvalue":"CRTOR"},{"keymark":"iwkey","dxtype":"varchar","keytitle":"信息映射资源隶属世界","kvalue":"PTOF"},{"keymark":"ispmiss","dxtype":"varchar","keytitle":"设置权限","kvalue":"0"},{"keymark":"sizetype","dxtype":"select","keytitle":"长度类型","kvalue":""},{"keymark":"hasshort","dxtype":"varchar","keytitle":"表单","kvalue":"1"},{"keymark":"STATUS","dxtype":"varchar","keytitle":"流程状态","kvalue":"0"},{"keymark":"STCODE","dxtype":"varchar","keytitle":"流程脚本","kvalue":""},{"keymark":"PRIME","dxtype":"int","keytitle":"安装制作","kvalue":"0"},{"keymark":"RIP","dxtype":"varchar","keytitle":"远程IP","kvalue":""},{"keymark":"OPRT","dxtype":"chtml","keytitle":"操作","kvalue":""},{"keymark":"mainsqx","dxtype":"select","keytitle":"主序字段","kvalue":"SNO"},{"keymark":"tabcls","dxtype":"select","keytitle":"更新频率","kvalue":""},{"keymark":"sysid","dxtype":"select","keytitle":"系统ID","kvalue":"2"},{"keymark":"schm","dxtype":"varchar","keytitle":"数据库名","kvalue":"io_halo123_cn"},{"keymark":"createsql","dxtype":"code","keytitle":"创建代码","kvalue":"CREATE TABLE coode_worldresdefine (SNO int(11) NOT NULL AUTO_INCREMENT,worldmarks varchar(255) NOT NULL,rescodex varchar(50) NOT NULL,restitlex varchar(255) NOT NULL,restypes varchar(255) NOT NULL,parrescdx varchar(50) NOT NULL,parresttx varchar(100) NOT NULL,myid int(11) NOT NULL,parid int(11) NOT NULL,relyrescd varchar(1024) NOT NULL,resdescrib text NOT NULL,brasetmark varchar(100) NOT NULL,bradatatab varchar(100) NOT NULL,birthdate date NOT NULL,birthaddress varchar(1024) NOT NULL,dfdbmk varchar(50) NOT NULL,dfdbtab varchar(100) NOT NULL,dfdbsno int(11) NOT NULL,dfdbolmk varchar(100) NOT NULL,CRTM datetime NOT NULL,CRTOR varchar(255) NOT NULL,OLMK varchar(255) NOT NULL,OPRT varchar(1024) NOT NULL,PRIME int(11) NOT NULL,PTOF varchar(255) NOT NULL,RIP varchar(255) NOT NULL,STATUS tinyint(4) NOT NULL,STCODE varchar(1024) NOT NULL,UPTM datetime NOT NULL,VRT varchar(255) NOT NULL,PRIMARY KEY (SNO),UNIQUE KEY olres (rescodex) USING BTREE,UNIQUE KEY qkbsm (brasetmark) USING BTREE) ENGINE=MyISAM AUTO_INCREMENT=1 DEFAULT CHARSET=utf8;"},{"keymark":"issys","dxtype":"varchar","keytitle":"安装数据","kvalue":"0"},{"keymark":"keynames","dxtype":"varchar","keytitle":"全字段","kvalue":"worldmarks,rescodex,restitlex,restypes,parrescdx,parresttx,myid,parid,relyrescd,resdescrib,brasetmark,bradatatab,birthdate,birthaddress,dfdbmk,dfdbtab,dfdbsno,dfdbolmk,CRTM,CRTOR,OLMK,OPRT,PRIME,PTOF,RIP,STATUS,STCODE,UPTM,VRT"},{"keymark":"keytpnms","dxtype":"varchar","keytitle":"字段类型","kvalue":"concat(↓↑↓,worldmarks,↓↑,↑↓,rescodex,↓↑,↑↓,restitlex,↓↑,↑↓,restypes,↓↑,↑↓,parrescdx,↓↑,↑↓,parresttx,↓↑,↑↓,myid,↓↑,↑↓,parid,↓↑,↑↓,relyrescd,↓↑,↑↓,resdescrib,↓↑,↑↓,brasetmark,↓↑,↑↓,bradatatab,↓↑,↑↓,birthdate,↓↑,↑↓,birthaddress,↓↑,↑↓,dfdbmk,↓↑,↑↓,dfdbtab,↓↑,↑↓,dfdbsno,↓↑,↑↓,dfdbolmk,↓↑,↑↓,CRTM,↓↑,↑↓,CRTOR,↓↑,↑↓,OLMK,↓↑,↑↓,OPRT,↓↑,↑↓,PRIME,↓↑,↑↓,PTOF,↓↑,↑↓,RIP,↓↑,↑↓,STATUS,↓↑,↑↓,STCODE,↓↑,↑↓,UPTM,↓↑,↑↓,VRT,↓↑↓)"},{"keymark":"jsontpnms","dxtype":"varchar","keytitle":"json类型","kvalue":"concat(↓\"worldmarks∵↓,worldmarks,↓\",↓,↓\"rescodex∵↓,rescodex,↓\",↓,↓\"restitlex∵↓,restitlex,↓\",↓,↓\"restypes∵↓,restypes,↓\",↓,↓\"parrescdx∵↓,parrescdx,↓\",↓,↓\"parresttx∵↓,parresttx,↓\",↓,↓\"myid∵↓,myid,↓\",↓,↓\"parid∵↓,parid,↓\",↓,↓\"relyrescd∵↓,relyrescd,↓\",↓,↓\"resdescrib∵↓,resdescrib,↓\",↓,↓\"brasetmark∵↓,brasetmark,↓\",↓,↓\"bradatatab∵↓,bradatatab,↓\",↓,↓\"birthdate∵↓,birthdate,↓\",↓,↓\"birthaddress∵↓,birthaddress,↓\",↓,↓\"dfdbmk∵↓,dfdbmk,↓\",↓,↓\"dfdbtab∵↓,dfdbtab,↓\",↓,↓\"dfdbsno∵↓,dfdbsno,↓\",↓,↓\"dfdbolmk∵↓,dfdbolmk,↓\",↓,↓\"CRTM∵↓,CRTM,↓\",↓,↓\"CRTOR∵↓,CRTOR,↓\",↓,↓\"OLMK∵↓,OLMK,↓\",↓,↓\"OPRT∵↓,OPRT,↓\",↓,↓\"PRIME∵↓,PRIME,↓\",↓,↓\"PTOF∵↓,PTOF,↓\",↓,↓\"RIP∵↓,RIP,↓\",↓,↓\"STATUS∵↓,STATUS,↓\",↓,↓\"STCODE∵↓,STCODE,↓\",↓,↓\"UPTM∵↓,UPTM,↓\",↓,↓\"VRT∵↓,VRT,↓\"↓)"},{"keymark":"srckey","dxtype":"select","keytitle":"资源字段","kvalue":"rescodex"},{"keymark":"srcttk","dxtype":"select","keytitle":"资源标题","kvalue":""},{"keymark":"allkeys","dxtype":"varchar","keytitle":"全部","kvalue":"诞生地点,诞生日,联动数据库表,分支集标记,创建时刻,创建人,数据源数据库,数据源数据唯标,数据源数据序号,数据源数据表,本ID,数据唯标,操作,父ID,父资源代码,父资源标题,主要标识,数据归属,构成依赖资源,资源代码,资源描述,资源标题,资源多类型-用检索多选,创建IP,数据编号,数据状态,流程进展,更改时刻,资源路径,多世界标记|birthaddress,birthdate,bradatatab,brasetmark,CRTM,CRTOR,dfdbmk,dfdbolmk,dfdbsno,dfdbtab,myid,OLMK,OPRT,parid,parrescdx,parresttx,PRIME,PTOF,relyrescd,rescodex,resdescrib,restitlex,restypes,RIP,SNO,STATUS,STCODE,UPTM,VRT,worldmarks"},{"keymark":"contentkeys","dxtype":"varchar","keytitle":"内容字段","kvalue":"worldmarks,rescodex,restitlex,restypes,parrescdx,parresttx,myid,parid,relyrescd,resdescrib,brasetmark,bradatatab,birthdate,birthaddress,dfdbmk,dfdbtab,dfdbsno,dfdbolmk"},{"keymark":"jsonconts","dxtype":"varchar","keytitle":"json内容","kvalue":"↓\"worldmarks∵↓,worldmarks,↓\",↓,↓\"rescodex∵↓,rescodex,↓\",↓,↓\"restitlex∵↓,restitlex,↓\",↓,↓\"restypes∵↓,restypes,↓\",↓,↓\"parrescdx∵↓,parrescdx,↓\",↓,↓\"parresttx∵↓,parresttx,↓\",↓,↓\"myid∵↓,myid,↓\",↓,↓\"parid∵↓,parid,↓\",↓,↓\"relyrescd∵↓,relyrescd,↓\",↓,↓\"resdescrib∵↓,resdescrib,↓\",↓,↓\"brasetmark∵↓,brasetmark,↓\",↓,↓\"bradatatab∵↓,bradatatab,↓\",↓,↓\"birthdate∵↓,birthdate,↓\",↓,↓\"birthaddress∵↓,birthaddress,↓\",↓,↓\"dfdbmk∵↓,dfdbmk,↓\",↓,↓\"dfdbtab∵↓,dfdbtab,↓\",↓,↓\"dfdbsno∵↓,dfdbsno,↓\",↓,↓\"dfdbolmk∵↓,dfdbolmk,↓\",↓,↓\"tablename∵coode_worldresdefine\"↓"},{"keymark":"imghead","dxtype":"select","keytitle":"图像","kvalue":""},{"keymark":"beforeview","dxtype":"longtext","keytitle":"浏览前执行","kvalue":"dTYPE_HEX:24746d703d22223b"},{"keymark":"tabtype","dxtype":"select","keytitle":"表格类型","kvalue":""},{"keymark":"vermd5","dxtype":"varchar","keytitle":"版本号","kvalue":"fd10ee44cbfe270c005af530543b6cdb"},{"keymark":"tabnick","dxtype":"select","keytitle":"简介字段","kvalue":""},{"keymark":"copyrightmark","dxtype":"varchar","keytitle":"版权标记","kvalue":""},{"keymark":"grpmark","dxtype":"select","keytitle":"表分组","kvalue":""},{"keymark":"subsqx","dxtype":"select","keytitle":"辅序字段","kvalue":""},{"keymark":"olmkkey","dxtype":"select","keytitle":"唯一标记字段","kvalue":"OLMK"},{"keymark":"keylens","dxtype":"int","keytitle":"字段长度","kvalue":"29"},{"keymark":"areakey","dxtype":"select","keytitle":"领域字段","kvalue":""},{"keymark":"md5key","dxtype":"select","keytitle":"数据版本字段","kvalue":"VRT"},{"keymark":"rescode","dxtype":"varchar","keytitle":"本身资源值","kvalue":"halokitty/coode_worldresdefine"},{"keymark":"worldmarks","dxtype":"varchar255","keytitle":"世界标记","kvalue":""},{"keymark":"restpcode","dxtype":"select","keytitle":"资源类型代码","kvalue":""},{"keymark":"resenword","dxtype":"varchar","keytitle":"资源英文单词","kvalue":""},{"keymark":"reschiword","dxtype":"varchar","keytitle":"资源中文单词","kvalue":""},{"keymark":"parreskey","dxtype":"select","keytitle":"父资源KEY","kvalue":""},{"keymark":"aitkey","dxtype":"select","keytitle":"人智标题","kvalue":""},{"keymark":"aivkey","dxtype":"select","keytitle":"人智值","kvalue":""}]}