{"status":"1","rtype":"tabx","rcode":"coode_worldresdefine","rtitle":"世界资源定义","ver":"fd10ee44cbfe270c005af530543b6cdb","crtsql":"CREATE TABLE coode_worldresdefine (SNO int(11) NOT NULL AUTO_INCREMENT,worldmarks varchar(255) NOT NULL,rescodex varchar(50) NOT NULL,restitlex varchar(255) NOT NULL,restypes varchar(255) NOT NULL,parrescdx varchar(50) NOT NULL,parresttx varchar(100) NOT NULL,myid int(11) NOT NULL,parid int(11) NOT NULL,relyrescd varchar(1024) NOT NULL,resdescrib text NOT NULL,brasetmark varchar(100) NOT NULL,bradatatab varchar(100) NOT NULL,birthdate date NOT NULL,birthaddress varchar(1024) NOT NULL,dfdbmk varchar(50) NOT NULL,dfdbtab varchar(100) NOT NULL,dfdbsno int(11) NOT NULL,dfdbolmk varchar(100) NOT NULL,CRTM datetime NOT NULL,CRTOR varchar(255) NOT NULL,OLMK varchar(255) NOT NULL,OPRT varchar(1024) NOT NULL,PRIME int(11) NOT NULL,PTOF varchar(255) NOT NULL,RIP varchar(255) NOT NULL,STATUS tinyint(4) NOT NULL,STCODE varchar(1024) NOT NULL,UPTM datetime NOT NULL,VRT varchar(255) NOT NULL,PRIMARY KEY (SNO),UNIQUE KEY olres (rescodex) USING BTREE,UNIQUE KEY qkbsm (brasetmark) USING BTREE) ENGINE=MyISAM AUTO_INCREMENT=1 DEFAULT CHARSET=utf8;","vls":[{"restype":"jsondata","rescode":"coode_worldresdefine_basedata","resmd5":"a775c20389dbad8c375661afdcc6c598","restitle":"世界资源定义","resurl":"http://hellowocao.com/localxres/datax/coode_tablist/data/2017.json"},{"restype":"jsondata","rescode":"dfdbmk_extdata","resmd5":"5434595a7260bcff4c651449697faebb","restitle":"数据源数据库","resurl":"http://hellowocao.com/localxres/datax/coode_keydetailx/data/20867.json"},{"restype":"jsondata","rescode":"dfdbtab_extdata","resmd5":"9a13c012cddf151b982084f7caec4b76","restitle":"数据源数据表","resurl":"http://hellowocao.com/localxres/datax/coode_keydetailx/data/20868.json"},{"restype":"jsondata","rescode":"dfdbsno_extdata","resmd5":"7435277c6677cf6a1250ed7683b7dd33","restitle":"数据源数据序号","resurl":"http://hellowocao.com/localxres/datax/coode_keydetailx/data/20869.json"},{"restype":"jsondata","rescode":"dfdbolmk_extdata","resmd5":"3d425f8d99389dbb09189868b378123d","restitle":"数据源数据唯标","resurl":"http://hellowocao.com/localxres/datax/coode_keydetailx/data/20870.json"},{"restype":"jsondata","rescode":"worldmarks_extdata","resmd5":"049a8e0679432178f2fb32b6d96a001e","restitle":"多世界标记","resurl":"http://hellowocao.com/localxres/datax/coode_keydetailx/data/8388.json"},{"restype":"jsondata","rescode":"rescodex_extdata","resmd5":"2fb013ea268890aa92a01e79f0bb94dc","restitle":"资源代码","resurl":"http://hellowocao.com/localxres/datax/coode_keydetailx/data/8389.json"},{"restype":"jsondata","rescode":"restitlex_extdata","resmd5":"054d1feedeac161eb4537d59b819296c","restitle":"资源标题","resurl":"http://hellowocao.com/localxres/datax/coode_keydetailx/data/8390.json"},{"restype":"jsondata","rescode":"restypes_extdata","resmd5":"571b6dbbc92f61c0641de1c87d804349","restitle":"资源多类型-用检索多选","resurl":"http://hellowocao.com/localxres/datax/coode_keydetailx/data/8391.json"},{"restype":"jsondata","rescode":"SNO_extdata","resmd5":"10f018aab6bbd8fa14e81cdd571b4521","restitle":"数据编号","resurl":"http://hellowocao.com/localxres/datax/coode_keydetailx/data/19693.json"},{"restype":"jsondata","rescode":"relyrescd_extdata","resmd5":"f4259ad043ea579f08dcde2d4599fb33","restitle":"构成依赖资源","resurl":"http://hellowocao.com/localxres/datax/coode_keydetailx/data/19697.json"},{"restype":"jsondata","rescode":"resdescrib_extdata","resmd5":"a737d9e554dcaaa7144e3355f305348e","restitle":"资源描述","resurl":"http://hellowocao.com/localxres/datax/coode_keydetailx/data/19698.json"},{"restype":"jsondata","rescode":"CRTM_extdata","resmd5":"f7e0ff767527bc15174190a876250e3b","restitle":"创建时刻","resurl":"http://hellowocao.com/localxres/datax/coode_keydetailx/data/19699.json"},{"restype":"jsondata","rescode":"CRTOR_extdata","resmd5":"bed952ad0ffb9ceb6effc238eb939bb7","restitle":"创建人","resurl":"http://hellowocao.com/localxres/datax/coode_keydetailx/data/19700.json"},{"restype":"jsondata","rescode":"OLMK_extdata","resmd5":"082049caf4878cfab94268d8aae6c21c","restitle":"数据唯标","resurl":"http://hellowocao.com/localxres/datax/coode_keydetailx/data/19701.json"},{"restype":"jsondata","rescode":"OPRT_extdata","resmd5":"e68f56ad1ce8d2ef53f4edd37194a64b","restitle":"操作","resurl":"http://hellowocao.com/localxres/datax/coode_keydetailx/data/19702.json"},{"restype":"jsondata","rescode":"PRIME_extdata","resmd5":"26886fbcfcc814bdd8e71e84c4ee79b1","restitle":"主要标识","resurl":"http://hellowocao.com/localxres/datax/coode_keydetailx/data/19703.json"},{"restype":"jsondata","rescode":"PTOF_extdata","resmd5":"0c46d5830f3974a52c80b82e6398d7af","restitle":"数据归属","resurl":"http://hellowocao.com/localxres/datax/coode_keydetailx/data/19704.json"},{"restype":"jsondata","rescode":"RIP_extdata","resmd5":"5955f3e622b4581288599ce98df20ff1","restitle":"创建IP","resurl":"http://hellowocao.com/localxres/datax/coode_keydetailx/data/19705.json"},{"restype":"jsondata","rescode":"STATUS_extdata","resmd5":"d01aa40627a51537f780e83170298677","restitle":"数据状态","resurl":"http://hellowocao.com/localxres/datax/coode_keydetailx/data/19706.json"},{"restype":"jsondata","rescode":"STCODE_extdata","resmd5":"000678e62344367fe49446164ecd8ae2","restitle":"流程进展","resurl":"http://hellowocao.com/localxres/datax/coode_keydetailx/data/19707.json"},{"restype":"jsondata","rescode":"UPTM_extdata","resmd5":"49b1e9f367a7580edfe5a27bd030ff4f","restitle":"更改时刻","resurl":"http://hellowocao.com/localxres/datax/coode_keydetailx/data/19708.json"},{"restype":"jsondata","rescode":"VRT_extdata","resmd5":"655f003c49eacaf763d9228b3938fcb8","restitle":"资源路径","resurl":"http://hellowocao.com/localxres/datax/coode_keydetailx/data/19709.json"},{"restype":"jsondata","rescode":"birthdate_extdata","resmd5":"6c95867b7e8d4a5d2964bb12600513c1","restitle":"诞生日","resurl":"http://hellowocao.com/localxres/datax/coode_keydetailx/data/19749.json"},{"restype":"jsondata","rescode":"birthaddress_extdata","resmd5":"8f8de555eb447c8314b26be258922da9","restitle":"诞生地点","resurl":"http://hellowocao.com/localxres/datax/coode_keydetailx/data/19750.json"},{"restype":"jsondata","rescode":"brasetmark_extdata","resmd5":"b6eae0292bb1013642f5fd6a8f95b0bb","restitle":"分支集标记","resurl":"http://hellowocao.com/localxres/datax/coode_keydetailx/data/19818.json"},{"restype":"jsondata","rescode":"bradatatab_extdata","resmd5":"3b25c094a2bf032ca99dd1a974d814f7","restitle":"联动数据库表","resurl":"http://hellowocao.com/localxres/datax/coode_keydetailx/data/19819.json"},{"restype":"jsondata","rescode":"myid_extdata","resmd5":"0530b5dc29bdf9c155b7242b39ed1eee","restitle":"本ID","resurl":"http://hellowocao.com/localxres/datax/coode_keydetailx/data/19820.json"},{"restype":"jsondata","rescode":"parid_extdata","resmd5":"4f2db82960a395af87818fa2ab78026c","restitle":"父ID","resurl":"http://hellowocao.com/localxres/datax/coode_keydetailx/data/19821.json"},{"restype":"jsondata","rescode":"parrescdx_extdata","resmd5":"04983f461fca9840c479f40bfe1c6324","restitle":"父资源代码","resurl":"http://hellowocao.com/localxres/datax/coode_keydetailx/data/20833.json"},{"restype":"jsondata","rescode":"parresttx_extdata","resmd5":"350bab016cd823447abff041b8c953c4","restitle":"父资源标题","resurl":"http://hellowocao.com/localxres/datax/coode_keydetailx/data/20999.json"}]}