{"status":"1","rtype":"tabx","rcode":"coode_mydivdatakey","rtitle":"我的块模板字段","ver":"9c9332a7d62fea04d43d8b41565ec834","crtsql":"CREATE TABLE coode_mydivdatakey (SNO int(11) NOT NULL AUTO_INCREMENT,datamark varchar(50) NOT NULL,datatitle varchar(1024) NOT NULL,islist tinyint(4) NOT NULL,keyname varchar(50) NOT NULL,keytitle varchar(50) NOT NULL,ktypev varchar(50) NOT NULL,keytype varchar(50) NOT NULL,keyverify varchar(50) NOT NULL,fromurl varchar(255) NOT NULL,rtneval varchar(1024) NOT NULL,OLMK varchar(255) NOT NULL,CRTOR varchar(255) NOT NULL,PRIME int(11) NOT NULL,STCODE varchar(1024) NOT NULL,STATUS tinyint(4) NOT NULL,VRT varchar(255) NOT NULL,RIP varchar(255) NOT NULL,UPTM datetime NOT NULL,CRTM datetime NOT NULL,PTOF varchar(255) NOT NULL,OPRT varchar(1024) NOT NULL,PRIMARY KEY (SNO),UNIQUE KEY dolmk (datamark,keyname) USING BTREE) ENGINE=MyISAM AUTO_INCREMENT=1 DEFAULT CHARSET=utf8;","vls":[{"restype":"jsondata","rescode":"coode_mydivdatakey_basedata","resmd5":"3cfaf1575227b6ad136be8fec12eff5e","restitle":"我的块模板字段","resurl":"http://hellowocao.com/localxres/datax/coode_tablist/data/1568.json"},{"restype":"jsondata","rescode":"SNO_extdata","resmd5":"6bc99ce007d3c9ba24bba8de92d5690a","restitle":"编号","resurl":"http://hellowocao.com/localxres/datax/coode_keydetailx/data/25127.json"},{"restype":"jsondata","rescode":"datamark_extdata","resmd5":"6bb2893a6ee7abb839d2f5ea33c83403","restitle":"数据标记","resurl":"http://hellowocao.com/localxres/datax/coode_keydetailx/data/25128.json"},{"restype":"jsondata","rescode":"datatitle_extdata","resmd5":"7a77b054d7d8440eb455b636af7f7904","restitle":"数据标题","resurl":"http://hellowocao.com/localxres/datax/coode_keydetailx/data/25129.json"},{"restype":"jsondata","rescode":"islist_extdata","resmd5":"87fba6a751c4363a8eb10e7c0372b8b2","restitle":"是否列表","resurl":"http://hellowocao.com/localxres/datax/coode_keydetailx/data/25130.json"},{"restype":"jsondata","rescode":"keyname_extdata","resmd5":"7cbb05c2c32428d136624c54ca5f5f70","restitle":"字段名","resurl":"http://hellowocao.com/localxres/datax/coode_keydetailx/data/25131.json"},{"restype":"jsondata","rescode":"keytitle_extdata","resmd5":"30578a5aa5d97b68d86f9cf1ab1caab3","restitle":"字段别名","resurl":"http://hellowocao.com/localxres/datax/coode_keydetailx/data/25132.json"},{"restype":"jsondata","rescode":"ktypev_extdata","resmd5":"a7b479161ce326b5f9ca5d175d75117a","restitle":"类型与校验","resurl":"http://hellowocao.com/localxres/datax/coode_keydetailx/data/25133.json"},{"restype":"jsondata","rescode":"keytype_extdata","resmd5":"db32e8ba1a52857095f7a874671a55c5","restitle":"校验","resurl":"http://hellowocao.com/localxres/datax/coode_keydetailx/data/25134.json"},{"restype":"jsondata","rescode":"keyverify_extdata","resmd5":"2a069aeb5588d462a1fe19a9b49b27ae","restitle":"类型","resurl":"http://hellowocao.com/localxres/datax/coode_keydetailx/data/25135.json"},{"restype":"jsondata","rescode":"fromurl_extdata","resmd5":"22a0d1328a8e6de22ec1144d2277a7f9","restitle":"请求地址","resurl":"http://hellowocao.com/localxres/datax/coode_keydetailx/data/25136.json"},{"restype":"jsondata","rescode":"rtneval_extdata","resmd5":"b93049d4e55f2d0546bfea6014ed8843","restitle":"返回执行","resurl":"http://hellowocao.com/localxres/datax/coode_keydetailx/data/25137.json"},{"restype":"jsondata","rescode":"OLMK_extdata","resmd5":"800ef3097df7798bb26843446609247e","restitle":"唯一标记","resurl":"http://hellowocao.com/localxres/datax/coode_keydetailx/data/25138.json"},{"restype":"jsondata","rescode":"CRTOR_extdata","resmd5":"78855109af1086db3eba70e731470026","restitle":"创建者","resurl":"http://hellowocao.com/localxres/datax/coode_keydetailx/data/25139.json"},{"restype":"jsondata","rescode":"PRIME_extdata","resmd5":"3e119c3a808de6d0dd5051b802c819a1","restitle":"素数定类","resurl":"http://hellowocao.com/localxres/datax/coode_keydetailx/data/25140.json"},{"restype":"jsondata","rescode":"STCODE_extdata","resmd5":"f431fda089c59c98803809e91ec3d59c","restitle":"流程脚本","resurl":"http://hellowocao.com/localxres/datax/coode_keydetailx/data/25141.json"},{"restype":"jsondata","rescode":"STATUS_extdata","resmd5":"7bc857be7f824a40ff190f106a7ce9c5","restitle":"流程状态","resurl":"http://hellowocao.com/localxres/datax/coode_keydetailx/data/25142.json"},{"restype":"jsondata","rescode":"VRT_extdata","resmd5":"8a44771fc69e124494a0969c033313d7","restitle":"流程编码","resurl":"http://hellowocao.com/localxres/datax/coode_keydetailx/data/25143.json"},{"restype":"jsondata","rescode":"RIP_extdata","resmd5":"edddbdf31b4607f787d34007f90bdd31","restitle":"远程IP","resurl":"http://hellowocao.com/localxres/datax/coode_keydetailx/data/25144.json"},{"restype":"jsondata","rescode":"UPTM_extdata","resmd5":"dcb69918b3ec6ccff31c472bb2edda93","restitle":"更改时刻","resurl":"http://hellowocao.com/localxres/datax/coode_keydetailx/data/25145.json"},{"restype":"jsondata","rescode":"CRTM_extdata","resmd5":"bb0220070d462a2254fbada3de5df063","restitle":"创建时刻","resurl":"http://hellowocao.com/localxres/datax/coode_keydetailx/data/25146.json"},{"restype":"jsondata","rescode":"PTOF_extdata","resmd5":"0b24678ed152888ed4b1704d28f7130e","restitle":"归属","resurl":"http://hellowocao.com/localxres/datax/coode_keydetailx/data/25147.json"},{"restype":"jsondata","rescode":"OPRT_extdata","resmd5":"0304f9b835d5b2fa0a4fce1dae699f2d","restitle":"","resurl":"http://hellowocao.com/localxres/datax/coode_keydetailx/data/25201.json"}]}