{"status":"1","tabnm":"coode_shortcss","tabtitle":"短数据表格样式","tabsno":"","crtsql":"CREATE TABLE coode_shortcss (SNO int(11) NOT NULL AUTO_INCREMENT,catalog varchar(100) NOT NULL,shortid varchar(100) NOT NULL,describ varchar(1024) NOT NULL,tablename varchar(50) NOT NULL,units varchar(255) NOT NULL,jsfiles varchar(1024) NOT NULL,cssfiles varchar(1024) NOT NULL,scriptx text NOT NULL,stylex text NOT NULL,scriptext longtext NOT NULL,styleext longtext NOT NULL,heightx varchar(50) NOT NULL,widthx varchar(50) NOT NULL,fixed tinyint(4) NOT NULL,casecode text NOT NULL,diybutton text NOT NULL,diytop text NOT NULL,bottombutton text NOT NULL,diybottom text NOT NULL,diyshow text NOT NULL,expunit text NOT NULL,sbtn tinyint(4) NOT NULL,rbtn tinyint(4) NOT NULL,dtshow tinyint(4) NOT NULL,isexp tinyint(4) NOT NULL,vermd5 varchar(50) NOT NULL,CRTM datetime NOT NULL,UPTM datetime NOT NULL,STATUS tinyint(4) NOT NULL,CRTOR varchar(100) NOT NULL,PTOF varchar(100) NOT NULL,OLMK varchar(100) NOT NULL,VRT varchar(255) NOT NULL,STCODE varchar(1024) NOT NULL,PRIME int(11) NOT NULL,RIP varchar(255) NOT NULL,OPRT varchar(1024) NOT NULL,PRIMARY KEY (SNO),UNIQUE KEY ostid (shortid) USING BTREE) ENGINE=MyISAM AUTO_INCREMENT=1 DEFAULT CHARSET=utf8;","allkeys":"底部按钮,执行脚本,数据库标记,创建时刻,创建人,css文件,描述,自定义底部,自定义按钮,定义字段显示,自定义顶部,数据区,解释区,是否固定,高度,解释列显示,js文件,唯一标记,操作,素数定类,类属,重置按钮,远程IP,保存按钮,扩展前端执行,前端执行脚本,短id,编号,状态,流程脚本,扩展前端样式,前端页面样式,表名,包括单元,更改时刻,版本号,流程编码,宽度|bottombutton,casecode,catalog,CRTM,CRTOR,cssfiles,describ,diybottom,diybutton,diyshow,diytop,dtshow,expunit,fixed,heightx,isexp,jsfiles,OLMK,OPRT,PRIME,PTOF,rbtn,RIP,sbtn,scriptext,scriptx,shortid,SNO,STATUS,STCODE,styleext,stylex,tablename,units,UPTM,vermd5,VRT,widthx","parreskey":"","mainsqx":"SNO","srckey":"","srcttk":"","rtype":"formx","parcode":"","rcode":"","rtitle":"","ver":"20260129120623","vls":[]}