{"status":"1","tabnm":"coode_tablist","tabtitle":"表格列表","tabsno":"2349","crtsql":"","allkeys":"人智标题,人智值,全部,领域字段,浏览前执行,内容字段,版权标记,创建代码,创建时刻,创建人,表分组,表单,信息创建者,图像,设置权限,安装数据,信息映射资源隶属世界,json内容,json类型,字段长度,全字段,字段类型,主序字段,数据版本字段,唯一标记,唯一标记字段,操作,父资源KEY,安装制作,子母级联,资源中文单词,本身资源值,资源英文单词,资源类型代码,远程IP,数据库名,长度类型,编号,资源字段,资源标题,流程状态,流程脚本,辅序字段,系统ID,更新频率,表名,简介字段,表标题,表格类型,更新时刻,版本号,母子级联,世界标记|aitkey,aivkey,allkeys,areakey,beforeview,contentkeys,copyrightmark,createsql,CRTM,CRTOR,grpmark,hasshort,ickey,imghead,ispmiss,issys,iwkey,jsonconts,jsontpnms,keylens,keynames,keytpnms,mainsqx,md5key,OLMK,olmkkey,OPRT,parreskey,PRIME,PTOF,reschiword,rescode,resenword,restpcode,RIP,schm,sizetype,SNO,srckey,srcttk,STATUS,STCODE,subsqx,sysid,tabcls,TABLE_NAME,tabnick,tabtitle,tabtype,UPTM,vermd5,VRT,worldmarks","parreskey":"","mainsqx":"SNO","srckey":"TABLE_NAME","srcttk":"tabtitle","rtype":"tabx","parcode":"","rcode":"coode_fbpagex","rtitle":"coode_fbpagex","ver":"20260129120231","vls":[{"keymark":"OLMK","dxtype":"varchar","keytitle":"唯一标记","kvalue":"25A7EE15-1437-061C-7834-17E18D"},{"keymark":"UPTM","dxtype":"datetime","keytitle":"更新时刻","kvalue":"2024-09-12 11:09:19"},{"keymark":"CRTM","dxtype":"datetime","keytitle":"创建时刻","kvalue":"2024-09-06 09:21:03"},{"keymark":"PTOF","dxtype":"select","keytitle":"子母级联","kvalue":""},{"keymark":"TABLE_NAME","dxtype":"varchar","keytitle":"表名","kvalue":"coode_fbpagex"},{"keymark":"tabtitle","dxtype":"varchar","keytitle":"表标题","kvalue":"coode_fbpagex"},{"keymark":"VRT","dxtype":"multiselect","keytitle":"母子级联","kvalue":""},{"keymark":"CRTOR","dxtype":"varchar","keytitle":"创建人","kvalue":"hellowocao"},{"keymark":"ickey","dxtype":"varchar","keytitle":"信息创建者","kvalue":"CRTOR"},{"keymark":"iwkey","dxtype":"varchar","keytitle":"信息映射资源隶属世界","kvalue":"PTOF"},{"keymark":"ispmiss","dxtype":"varchar","keytitle":"设置权限","kvalue":"0"},{"keymark":"sizetype","dxtype":"select","keytitle":"长度类型","kvalue":""},{"keymark":"hasshort","dxtype":"varchar","keytitle":"表单","kvalue":"0"},{"keymark":"STATUS","dxtype":"varchar","keytitle":"流程状态","kvalue":"0"},{"keymark":"STCODE","dxtype":"varchar","keytitle":"流程脚本","kvalue":""},{"keymark":"PRIME","dxtype":"int","keytitle":"安装制作","kvalue":"1"},{"keymark":"RIP","dxtype":"varchar","keytitle":"远程IP","kvalue":""},{"keymark":"OPRT","dxtype":"chtml","keytitle":"操作","kvalue":"3.14"},{"keymark":"mainsqx","dxtype":"select","keytitle":"主序字段","kvalue":"SNO"},{"keymark":"tabcls","dxtype":"select","keytitle":"更新频率","kvalue":""},{"keymark":"sysid","dxtype":"select","keytitle":"系统ID","kvalue":"1"},{"keymark":"schm","dxtype":"varchar","keytitle":"数据库名","kvalue":"io_halo123_cn"},{"keymark":"createsql","dxtype":"code","keytitle":"创建代码","kvalue":"CREATE TABLE coode_fbpagex (SNO int(11) NOT NULL AUTO_INCREMENT,catalog varchar(100) NOT NULL,schm varchar(100) NOT NULL,fbcode varchar(50) NOT NULL,shortid varchar(50) NOT NULL,tabname varchar(50) NOT NULL,tabnick varchar(50) NOT NULL,imghead varchar(1024) NOT NULL,tinytitle varchar(100) NOT NULL,tempid varchar(50) NOT NULL,longexp text NOT NULL,tinymark varchar(30) NOT NULL,vermd5 varchar(32) NOT NULL,auditmd5 varchar(32) NOT NULL,ispmiss tinyint(4) NOT NULL,laypath varchar(1024) NOT NULL,pagecls varchar(100) NOT NULL,sysid varchar(100) NOT NULL,appid varchar(100) NOT NULL,layid varchar(50) NOT NULL,ismbl tinyint(4) NOT NULL,colora varchar(100) NOT NULL,colorb varchar(100) NOT NULL,VRT varchar(255) NOT NULL,STATUS tinyint(4) NOT NULL,STCODE varchar(1024) NOT NULL,PTOF varchar(100) NOT NULL,CRTM datetime NOT NULL,CRTOR varchar(30) NOT NULL,OLMK varchar(50) NOT NULL,UPTM datetime NOT NULL,PRIME int(11) NOT NULL,RIP varchar(255) NOT NULL,OPRT varchar(1024) NOT NULL,PRIMARY KEY (SNO),UNIQUE KEY olfb (fbcode,tinymark) USING BTREE) ENGINE=MyISAM AUTO_INCREMENT=1 DEFAULT CHARSET=utf8;"},{"keymark":"issys","dxtype":"varchar","keytitle":"安装数据","kvalue":"0"},{"keymark":"keynames","dxtype":"varchar","keytitle":"全字段","kvalue":"catalog,schm,fbcode,shortid,tabname,tabnick,imghead,tinytitle,tempid,longexp,tinymark,vermd5,auditmd5,ispmiss,laypath,pagecls,sysid,appid,layid,ismbl,colora,colorb,VRT,STATUS,STCODE,PTOF,CRTM,CRTOR,OLMK,UPTM,PRIME,RIP,OPRT"},{"keymark":"keytpnms","dxtype":"varchar","keytitle":"字段类型","kvalue":"concat(↓↑↓,catalog,↓↑,↑↓,schm,↓↑,↑↓,fbcode,↓↑,↑↓,shortid,↓↑,↑↓,tabname,↓↑,↑↓,tabnick,↓↑,↑↓,imghead,↓↑,↑↓,tinytitle,↓↑,↑↓,tempid,↓↑,↑↓,longexp,↓↑,↑↓,tinymark,↓↑,↑↓,vermd5,↓↑,↑↓,auditmd5,↓↑,↑↓,ispmiss,↓↑,↑↓,laypath,↓↑,↑↓,pagecls,↓↑,↑↓,sysid,↓↑,↑↓,appid,↓↑,↑↓,layid,↓↑,↑↓,ismbl,↓↑,↑↓,colora,↓↑,↑↓,colorb,↓↑,↑↓,VRT,↓↑,↑↓,STATUS,↓↑,↑↓,STCODE,↓↑,↑↓,PTOF,↓↑,↑↓,CRTM,↓↑,↑↓,CRTOR,↓↑,↑↓,OLMK,↓↑,↑↓,UPTM,↓↑,↑↓,PRIME,↓↑,↑↓,RIP,↓↑,↑↓,OPRT,↓↑↓)"},{"keymark":"jsontpnms","dxtype":"varchar","keytitle":"json类型","kvalue":"concat(↓\"catalog∵↓,catalog,↓\",↓,↓\"schm∵↓,schm,↓\",↓,↓\"fbcode∵↓,fbcode,↓\",↓,↓\"shortid∵↓,shortid,↓\",↓,↓\"tabname∵↓,tabname,↓\",↓,↓\"tabnick∵↓,tabnick,↓\",↓,↓\"imghead∵↓,imghead,↓\",↓,↓\"tinytitle∵↓,tinytitle,↓\",↓,↓\"tempid∵↓,tempid,↓\",↓,↓\"longexp∵↓,longexp,↓\",↓,↓\"tinymark∵↓,tinymark,↓\",↓,↓\"vermd5∵↓,vermd5,↓\",↓,↓\"auditmd5∵↓,auditmd5,↓\",↓,↓\"ispmiss∵↓,ispmiss,↓\",↓,↓\"laypath∵↓,laypath,↓\",↓,↓\"pagecls∵↓,pagecls,↓\",↓,↓\"sysid∵↓,sysid,↓\",↓,↓\"appid∵↓,appid,↓\",↓,↓\"layid∵↓,layid,↓\",↓,↓\"ismbl∵↓,ismbl,↓\",↓,↓\"colora∵↓,colora,↓\",↓,↓\"colorb∵↓,colorb,↓\",↓,↓\"VRT∵↓,VRT,↓\",↓,↓\"STATUS∵↓,STATUS,↓\",↓,↓\"STCODE∵↓,STCODE,↓\",↓,↓\"PTOF∵↓,PTOF,↓\",↓,↓\"CRTM∵↓,CRTM,↓\",↓,↓\"CRTOR∵↓,CRTOR,↓\",↓,↓\"OLMK∵↓,OLMK,↓\",↓,↓\"UPTM∵↓,UPTM,↓\",↓,↓\"PRIME∵↓,PRIME,↓\",↓,↓\"RIP∵↓,RIP,↓\",↓,↓\"OPRT∵↓,OPRT,↓\"↓)"},{"keymark":"srckey","dxtype":"select","keytitle":"资源字段","kvalue":""},{"keymark":"srcttk","dxtype":"select","keytitle":"资源标题","kvalue":""},{"keymark":"allkeys","dxtype":"varchar","keytitle":"全部","kvalue":"应用ID,审计版本,数据库标记,色系,辅色,创建时刻,创建者,功能复合体代码,图像,移动端,设置权限,输出ID,输出地址,访问地址,唯一标记,操作,页面类别,素数定类,归属,远程IP,数据库名,短码,编号,流程状态,流程脚本,系统ID,表格名称,表格昵名,模板ID,标记符号,短地址标题,更改时刻,版本号,流程编码|appid,auditmd5,catalog,colora,colorb,CRTM,CRTOR,fbcode,imghead,ismbl,ispmiss,layid,laypath,longexp,OLMK,OPRT,pagecls,PRIME,PTOF,RIP,schm,shortid,SNO,STATUS,STCODE,sysid,tabname,tabnick,tempid,tinymark,tinytitle,UPTM,vermd5,VRT"},{"keymark":"contentkeys","dxtype":"varchar","keytitle":"内容字段","kvalue":"catalog,schm,fbcode,shortid,tabname,tabnick,imghead,tinytitle,tempid,longexp,tinymark,vermd5,auditmd5,ispmiss,laypath,pagecls,sysid,appid,layid,ismbl,colora,colorb"},{"keymark":"jsonconts","dxtype":"varchar","keytitle":"json内容","kvalue":"↓\"catalog∵↓,catalog,↓\",↓,↓\"schm∵↓,schm,↓\",↓,↓\"fbcode∵↓,fbcode,↓\",↓,↓\"shortid∵↓,shortid,↓\",↓,↓\"tabname∵↓,tabname,↓\",↓,↓\"tabnick∵↓,tabnick,↓\",↓,↓\"imghead∵↓,imghead,↓\",↓,↓\"tinytitle∵↓,tinytitle,↓\",↓,↓\"tempid∵↓,tempid,↓\",↓,↓\"longexp∵↓,longexp,↓\",↓,↓\"tinymark∵↓,tinymark,↓\",↓,↓\"vermd5∵↓,vermd5,↓\",↓,↓\"auditmd5∵↓,auditmd5,↓\",↓,↓\"ispmiss∵↓,ispmiss,↓\",↓,↓\"laypath∵↓,laypath,↓\",↓,↓\"pagecls∵↓,pagecls,↓\",↓,↓\"sysid∵↓,sysid,↓\",↓,↓\"appid∵↓,appid,↓\",↓,↓\"layid∵↓,layid,↓\",↓,↓\"ismbl∵↓,ismbl,↓\",↓,↓\"colora∵↓,colora,↓\",↓,↓\"colorb∵↓,colorb,↓\",↓,↓\"tablename∵coode_fbpagex\"↓"},{"keymark":"imghead","dxtype":"select","keytitle":"图像","kvalue":""},{"keymark":"beforeview","dxtype":"longtext","keytitle":"浏览前执行","kvalue":""},{"keymark":"tabtype","dxtype":"select","keytitle":"表格类型","kvalue":"1"},{"keymark":"vermd5","dxtype":"varchar","keytitle":"版本号","kvalue":"c0835a0d1363ace5c1407f02a459360e"},{"keymark":"tabnick","dxtype":"select","keytitle":"简介字段","kvalue":""},{"keymark":"copyrightmark","dxtype":"varchar","keytitle":"版权标记","kvalue":""},{"keymark":"grpmark","dxtype":"select","keytitle":"表分组","kvalue":""},{"keymark":"subsqx","dxtype":"select","keytitle":"辅序字段","kvalue":""},{"keymark":"olmkkey","dxtype":"select","keytitle":"唯一标记字段","kvalue":"OLMK"},{"keymark":"keylens","dxtype":"int","keytitle":"字段长度","kvalue":"33"},{"keymark":"areakey","dxtype":"select","keytitle":"领域字段","kvalue":""},{"keymark":"md5key","dxtype":"select","keytitle":"数据版本字段","kvalue":"VRT"},{"keymark":"rescode","dxtype":"varchar","keytitle":"本身资源值","kvalue":"io_halo123_cn/coode_fbpagex"},{"keymark":"worldmarks","dxtype":"varchar255","keytitle":"世界标记","kvalue":""},{"keymark":"restpcode","dxtype":"select","keytitle":"资源类型代码","kvalue":""},{"keymark":"resenword","dxtype":"varchar","keytitle":"资源英文单词","kvalue":""},{"keymark":"reschiword","dxtype":"varchar","keytitle":"资源中文单词","kvalue":""},{"keymark":"parreskey","dxtype":"select","keytitle":"父资源KEY","kvalue":""},{"keymark":"aitkey","dxtype":"select","keytitle":"人智标题","kvalue":""},{"keymark":"aivkey","dxtype":"select","keytitle":"人智值","kvalue":""}]}