{"status":"1","rtype":"tabx","rcode":"coode_mydbstcss","rtitle":"我的远程数据表单样式","ver":"d269e31272c426bee67a4d969f0171b8","crtsql":"CREATE TABLE coode_mydbstcss (SNO int(11) NOT NULL AUTO_INCREMENT,shortid varchar(100) NOT NULL,describ varchar(1024) NOT NULL,tablename varchar(50) NOT NULL,units varchar(255) NOT NULL,jsfiles varchar(1024) NOT NULL,cssfiles varchar(1024) NOT NULL,scriptx text NOT NULL,stylex text NOT NULL,heightx varchar(50) NOT NULL,widthx varchar(50) NOT NULL,fixed tinyint(4) NOT NULL,casecode text NOT NULL,diybutton text NOT NULL,diytop text NOT NULL,bottombutton text NOT NULL,diybottom text NOT NULL,diyshow text NOT NULL,expunit text NOT NULL,sbtn tinyint(4) NOT NULL,rbtn tinyint(4) NOT NULL,dtshow tinyint(4) NOT NULL,isexp tinyint(4) NOT NULL,CRTM datetime NOT NULL,UPTM datetime NOT NULL,STATUS tinyint(4) NOT NULL,CRTOR varchar(100) NOT NULL,PTOF varchar(100) NOT NULL,OLMK varchar(100) NOT NULL,VRT varchar(255) NOT NULL,STCODE varchar(1024) NOT NULL,PRIME int(11) NOT NULL,RIP varchar(255) NOT NULL,OPRT varchar(1024) NOT NULL,PRIMARY KEY (SNO)) ENGINE=MyISAM AUTO_INCREMENT=1 DEFAULT CHARSET=utf8;","vls":[{"restype":"jsondata","rescode":"coode_mydbstcss_basedata","resmd5":"518e84181f819df819b25a2e4a9e034e","restitle":"我的远程数据表单样式","resurl":"http://hellowocao.com/localxres/datax/coode_tablist/data/1419.json"},{"restype":"jsondata","rescode":"SNO_extdata","resmd5":"ea9bd8ebec441a88764fc1b354aa92fe","restitle":"编号","resurl":"http://hellowocao.com/localxres/datax/coode_keydetailx/data/25833.json"},{"restype":"jsondata","rescode":"shortid_extdata","resmd5":"33cec2cb23b4451f06e081b56e24f398","restitle":"短码","resurl":"http://hellowocao.com/localxres/datax/coode_keydetailx/data/25834.json"},{"restype":"jsondata","rescode":"describ_extdata","resmd5":"5b53c0522dfd9690aded5132436ac725","restitle":"描述","resurl":"http://hellowocao.com/localxres/datax/coode_keydetailx/data/25835.json"},{"restype":"jsondata","rescode":"tablename_extdata","resmd5":"f93ed503fb2257408cea43ad88d95f4c","restitle":"表名","resurl":"http://hellowocao.com/localxres/datax/coode_keydetailx/data/25836.json"},{"restype":"jsondata","rescode":"units_extdata","resmd5":"4922e42138eb1e7b7e82580d3f2e32b5","restitle":"","resurl":"http://hellowocao.com/localxres/datax/coode_keydetailx/data/25837.json"},{"restype":"jsondata","rescode":"jsfiles_extdata","resmd5":"b9ded77b9bca00bf7de85c333cadeb37","restitle":"js文件","resurl":"http://hellowocao.com/localxres/datax/coode_keydetailx/data/25838.json"},{"restype":"jsondata","rescode":"cssfiles_extdata","resmd5":"c33c9a546ca3005483916e6b5bf53d4a","restitle":"css文件","resurl":"http://hellowocao.com/localxres/datax/coode_keydetailx/data/25839.json"},{"restype":"jsondata","rescode":"scriptx_extdata","resmd5":"95c2c224904e6390b2d40d886c38cae0","restitle":"JS脚本","resurl":"http://hellowocao.com/localxres/datax/coode_keydetailx/data/25840.json"},{"restype":"jsondata","rescode":"stylex_extdata","resmd5":"16145eb231c1dfd4d1da42f4d25c2ab4","restitle":"样式描述","resurl":"http://hellowocao.com/localxres/datax/coode_keydetailx/data/25841.json"},{"restype":"jsondata","rescode":"heightx_extdata","resmd5":"74096830fc4def094920770bb336e246","restitle":"高度","resurl":"http://hellowocao.com/localxres/datax/coode_keydetailx/data/25842.json"},{"restype":"jsondata","rescode":"widthx_extdata","resmd5":"55a6ff2d826e53300ecfcc328a43416c","restitle":"宽度","resurl":"http://hellowocao.com/localxres/datax/coode_keydetailx/data/25843.json"},{"restype":"jsondata","rescode":"fixed_extdata","resmd5":"6a568e3e6c59873c650a7f11f9da58e3","restitle":"是否固定","resurl":"http://hellowocao.com/localxres/datax/coode_keydetailx/data/25844.json"},{"restype":"jsondata","rescode":"casecode_extdata","resmd5":"1e57f4f0b92d4df77459a8f200c7536c","restitle":"执行脚本","resurl":"http://hellowocao.com/localxres/datax/coode_keydetailx/data/25845.json"},{"restype":"jsondata","rescode":"diybutton_extdata","resmd5":"7fc4fcb257ae2b8f0459c12dd0901288","restitle":"自定义按钮","resurl":"http://hellowocao.com/localxres/datax/coode_keydetailx/data/25846.json"},{"restype":"jsondata","rescode":"diytop_extdata","resmd5":"e698542dad836c4d63d667da6ed26e9d","restitle":"自定义顶部代码","resurl":"http://hellowocao.com/localxres/datax/coode_keydetailx/data/25847.json"},{"restype":"jsondata","rescode":"bottombutton_extdata","resmd5":"1db1f02a11aee0c33e3a7e78500a908d","restitle":"底部按钮","resurl":"http://hellowocao.com/localxres/datax/coode_keydetailx/data/25848.json"},{"restype":"jsondata","rescode":"diybottom_extdata","resmd5":"1d496dc6b524d7639b61f804d2cb7fff","restitle":"自定义底部代码","resurl":"http://hellowocao.com/localxres/datax/coode_keydetailx/data/25849.json"},{"restype":"jsondata","rescode":"diyshow_extdata","resmd5":"20c750e4d66ac0ae332c21b816fc22b1","restitle":"","resurl":"http://hellowocao.com/localxres/datax/coode_keydetailx/data/25850.json"},{"restype":"jsondata","rescode":"expunit_extdata","resmd5":"0d0df5b651675158673f0079f1aa8ec2","restitle":"解释区","resurl":"http://hellowocao.com/localxres/datax/coode_keydetailx/data/25851.json"},{"restype":"jsondata","rescode":"sbtn_extdata","resmd5":"34e2de3ab6800a79deba866b8bd12348","restitle":"保存按钮","resurl":"http://hellowocao.com/localxres/datax/coode_keydetailx/data/25852.json"},{"restype":"jsondata","rescode":"rbtn_extdata","resmd5":"25c54f0f5a6ebb696738dc95bb2f4ba1","restitle":"重置按钮","resurl":"http://hellowocao.com/localxres/datax/coode_keydetailx/data/25853.json"},{"restype":"jsondata","rescode":"dtshow_extdata","resmd5":"290d988e125f7d370bcfbfa715bb8d74","restitle":"数据区","resurl":"http://hellowocao.com/localxres/datax/coode_keydetailx/data/25854.json"},{"restype":"jsondata","rescode":"isexp_extdata","resmd5":"e3aa369add4fb43a9122f3523aa9e500","restitle":"解释列显示","resurl":"http://hellowocao.com/localxres/datax/coode_keydetailx/data/25855.json"},{"restype":"jsondata","rescode":"CRTM_extdata","resmd5":"952fe5f30d3442dd15cbcfe8afbf99e2","restitle":"创建时刻","resurl":"http://hellowocao.com/localxres/datax/coode_keydetailx/data/25856.json"},{"restype":"jsondata","rescode":"UPTM_extdata","resmd5":"ba31286e1cadb32aa55ab6ebc466fbb3","restitle":"更改时刻","resurl":"http://hellowocao.com/localxres/datax/coode_keydetailx/data/25857.json"},{"restype":"jsondata","rescode":"STATUS_extdata","resmd5":"a5e81174d8ff0afe7d3e128c0be89b0a","restitle":"流程状态","resurl":"http://hellowocao.com/localxres/datax/coode_keydetailx/data/25858.json"},{"restype":"jsondata","rescode":"CRTOR_extdata","resmd5":"690718e937bba22065294e685e14795f","restitle":"创建者","resurl":"http://hellowocao.com/localxres/datax/coode_keydetailx/data/25859.json"},{"restype":"jsondata","rescode":"PTOF_extdata","resmd5":"0070cdba7403c53b38098680ec8a3a8d","restitle":"归属","resurl":"http://hellowocao.com/localxres/datax/coode_keydetailx/data/25860.json"},{"restype":"jsondata","rescode":"OLMK_extdata","resmd5":"3669468693bc2ee60d6c3ce7a555b551","restitle":"唯一标记","resurl":"http://hellowocao.com/localxres/datax/coode_keydetailx/data/25861.json"},{"restype":"jsondata","rescode":"VRT_extdata","resmd5":"1a96790de2e613f9e0b720de6ffca898","restitle":"流程编码","resurl":"http://hellowocao.com/localxres/datax/coode_keydetailx/data/25862.json"},{"restype":"jsondata","rescode":"STCODE_extdata","resmd5":"c4fa540501fdb9215b042fcce1e393b3","restitle":"流程脚本","resurl":"http://hellowocao.com/localxres/datax/coode_keydetailx/data/25863.json"},{"restype":"jsondata","rescode":"PRIME_extdata","resmd5":"2332bf09585a8f822a10812d72dc42ad","restitle":"素数定类","resurl":"http://hellowocao.com/localxres/datax/coode_keydetailx/data/25864.json"},{"restype":"jsondata","rescode":"RIP_extdata","resmd5":"ce63adbfa782f384186248bac92a63e9","restitle":"远程IP","resurl":"http://hellowocao.com/localxres/datax/coode_keydetailx/data/25865.json"},{"restype":"jsondata","rescode":"OPRT_extdata","resmd5":"42e0dcdfa00e7c72c8600f6a2f0cad41","restitle":"操作","resurl":"http://hellowocao.com/localxres/datax/coode_keydetailx/data/25866.json"}]}