{"status":"1","rtype":"formx","rcode":"xxojc3","rtitle":"快捷菜单名称文本","ver":"0c3834a2fd184392a5cdd1cf89183345","vls":[{"restype":"jsondata","rescode":"xxojc3_basedata","resmd5":"27ecc1be2f8ccaecb3bbb5f38a8cd1eb","restitle":"快捷菜单名称文本","resurl":"http://hellowocao.com/localxres/datax/coode_shortdata/data/1373.json"},{"restype":"jsondata","rescode":"xxojc3_cssdata","resmd5":"e537c9f1c44d0733e580dc535c3330b8","restitle":"快捷菜单名称文本","resurl":"http://hellowocao.com/localxres/datax/coode_shortcss/data/.json"}]}