{"status":"1","tabnm":"coode_grouplist","tabtitle":"组列表","tabsno":"653","crtsql":"CREATE TABLE coode_grouplist (SNO int(11) NOT NULL AUTO_INCREMENT,plotmark varchar(30) NOT NULL,layoutid varchar(30) NOT NULL,sysid varchar(50) NOT NULL,plotcls varchar(100) NOT NULL,vermd5 varchar(50) NOT NULL,CRTM datetime NOT NULL,levelcount int(11) NOT NULL,totpoint int(11) NOT NULL,markname varchar(30) NOT NULL,defaultcss varchar(30) NOT NULL,formcode varchar(255) NOT NULL,clickfun varchar(255) NOT NULL,CRTOR varchar(255) NOT NULL,mydescrib varchar(255) NOT NULL,PRIME int(11) NOT NULL,OLMK varchar(30) NOT NULL,PTOF varchar(30) NOT NULL,VRT varchar(255) NOT NULL,STATUS tinyint(4) NOT NULL,STCODE varchar(1024) NOT NULL,UPTM datetime NOT NULL,RIP varchar(255) NOT NULL,OPRT varchar(1024) NOT NULL,PRIMARY KEY (SNO),UNIQUE KEY plmk (plotmark) USING BTREE) ENGINE=MyISAM AUTO_INCREMENT=1 DEFAULT CHARSET=utf8;","allkeys":"响应方法,创建时刻,创建者,默认样式,表单代码,输出样式id,层数,分组名字,我的描述,唯一标记,操作,节点分类,分组标记,资源升级,归属,远程IP,编号,流程状态,流程脚本,系统ID,首层数量,更改时刻,版本号,流程编码|clickfun,CRTM,CRTOR,defaultcss,formcode,layoutid,levelcount,markname,mydescrib,OLMK,OPRT,plotcls,plotmark,PRIME,PTOF,RIP,SNO,STATUS,STCODE,sysid,totpoint,UPTM,vermd5,VRT","parreskey":"","mainsqx":"SNO","srckey":"plotmark","srcttk":"markname","rtype":"groupx","parcode":"","rcode":"htmlele","rtitle":"网页主要元素","ver":"20260129120824","vls":[{"keymark":"vermd5","dxtype":"varchar","keytitle":"版本号","kvalue":"0e18dfdca4c18518c4d70d45090b009b"},{"keymark":"plotmark","dxtype":"varchar","keytitle":"分组标记","kvalue":"htmlele"},{"keymark":"layoutid","dxtype":"varchar","keytitle":"输出样式id","kvalue":"hQlkCM"},{"keymark":"plotcls","dxtype":"varchar","keytitle":"节点分类","kvalue":""},{"keymark":"CRTM","dxtype":"datetime","keytitle":"创建时刻","kvalue":"2023-04-08 20:42:45"},{"keymark":"levelcount","dxtype":"int","keytitle":"层数","kvalue":"0"},{"keymark":"totpoint","dxtype":"int","keytitle":"首层数量","kvalue":"0"},{"keymark":"markname","dxtype":"varchar","keytitle":"分组名字","kvalue":"网页主要元素"},{"keymark":"defaultcss","dxtype":"varchar","keytitle":"默认样式","kvalue":""},{"keymark":"formcode","dxtype":"varchar","keytitle":"表单代码","kvalue":""},{"keymark":"clickfun","dxtype":"varchar","keytitle":"响应方法","kvalue":""},{"keymark":"CRTOR","dxtype":"varchar","keytitle":"创建者","kvalue":"hellowocao"},{"keymark":"mydescrib","dxtype":"varchar","keytitle":"我的描述","kvalue":""},{"keymark":"PRIME","dxtype":"int","keytitle":"资源升级","kvalue":"0"},{"keymark":"OLMK","dxtype":"varchar","keytitle":"唯一标记","kvalue":"E16B5B16-7441-96A6-FDDF-6FBF44"},{"keymark":"PTOF","dxtype":"varchar","keytitle":"归属","kvalue":""},{"keymark":"VRT","dxtype":"varchar","keytitle":"流程编码","kvalue":"cf913de4842a24e954242bc77b77beb7"},{"keymark":"STATUS","dxtype":"tinyint","keytitle":"流程状态","kvalue":"0"},{"keymark":"STCODE","dxtype":"varchar","keytitle":"流程脚本","kvalue":""},{"keymark":"UPTM","dxtype":"datetime","keytitle":"更改时刻","kvalue":"2023-11-02 10:22:03"},{"keymark":"RIP","dxtype":"varchar","keytitle":"远程IP","kvalue":"112.39.177.141"},{"keymark":"OPRT","dxtype":"chtml","keytitle":"操作","kvalue":""},{"keymark":"sysid","dxtype":"select","keytitle":"系统ID","kvalue":"1"}]}