{"status":"1","rtype":"formx","rcode":"WTzEm6","rtitle":"选项列表","ver":"37da39995d548c8f72c0b446ad518ce5","vls":[{"restype":"jsondata","rescode":"WTzEm6_basedata","resmd5":"306e5324f1fac79bee3c5021a95b8d2a","restitle":"选项列表","resurl":"http://hellowocao.com/localxres/datax/coode_shortdata/data/742.json"},{"restype":"jsondata","rescode":"WTzEm6_cssdata","resmd5":"c70d2491b1eb824502d3fbef5e621a10","restitle":"选项列表","resurl":"http://hellowocao.com/localxres/datax/coode_shortcss/data/.json"},{"restype":"jsondata","rescode":"SNO_extdata","resmd5":"83462c646d59435c5b40c0dfc43618db","restitle":"编号","resurl":"http://hellowocao.com/localxres/datax/coode_keydetaily/data/13728.json"},{"restype":"jsondata","rescode":"OLMK_extdata","resmd5":"330583a962bf61f2da53285e7651ba9e","restitle":"唯一标记","resurl":"http://hellowocao.com/localxres/datax/coode_keydetaily/data/13729.json"},{"restype":"jsondata","rescode":"CRTOR_extdata","resmd5":"21a72773d7c358e01acc5b180e813a92","restitle":"创建者","resurl":"http://hellowocao.com/localxres/datax/coode_keydetaily/data/13730.json"}]}