{"status":"1","rtype":"formx","rcode":"9Opbsa","rtitle":"9Opbsa","ver":"a19c8feeef152933b9757c399ff9b4fd","vls":[{"restype":"jsondata","rescode":"9Opbsa_basedata","resmd5":"ca6b0d9517948bcb0e0689aafbc5718d","restitle":"9Opbsa","resurl":"http://hellowocao.com/localxres/datax/coode_shortdata/data/1034.json"},{"restype":"jsondata","rescode":"9Opbsa_cssdata","resmd5":"20caa8c5b01db94b94c25e6e0bdb9e64","restitle":"9Opbsa","resurl":"http://hellowocao.com/localxres/datax/coode_shortcss/data/.json"},{"restype":"jsondata","rescode":"SNO_extdata","resmd5":"25b702ce5d2a266f3b6c3541f5d3ff36","restitle":"编号","resurl":"http://hellowocao.com/localxres/datax/coode_keydetaily/data/32118.json"},{"restype":"jsondata","rescode":"crtel_extdata","resmd5":"bd8e2d217e1bfe2ee7ebab51cc01e834","restitle":"编号","resurl":"http://hellowocao.com/localxres/datax/coode_keydetaily/data/32119.json"},{"restype":"jsondata","rescode":"crname_extdata","resmd5":"570ead4a98101a527732ea4f9c2e883d","restitle":"编号","resurl":"http://hellowocao.com/localxres/datax/coode_keydetaily/data/32120.json"},{"restype":"jsondata","rescode":"crurl_extdata","resmd5":"26f0d6df7537c752c7506af7f49ed8e4","restitle":"编号","resurl":"http://hellowocao.com/localxres/datax/coode_keydetaily/data/32121.json"},{"restype":"jsondata","rescode":"crdescrib_extdata","resmd5":"3e47bd1c6a62aa0d44a5a258f99f494d","restitle":"编号","resurl":"http://hellowocao.com/localxres/datax/coode_keydetaily/data/32122.json"},{"restype":"jsondata","rescode":"askforprice_extdata","resmd5":"6b8079642f5a4f009885208dbcb3d622","restitle":"编号","resurl":"http://hellowocao.com/localxres/datax/coode_keydetaily/data/32123.json"},{"restype":"jsondata","rescode":"unit_extdata","resmd5":"86beb33eb7d554d2ac0521d742a30250","restitle":"编号","resurl":"http://hellowocao.com/localxres/datax/coode_keydetaily/data/32124.json"},{"restype":"jsondata","rescode":"askforstop_extdata","resmd5":"cc7dffc41dc0d2e2fbe43d6fa70001d0","restitle":"编号","resurl":"http://hellowocao.com/localxres/datax/coode_keydetaily/data/32125.json"},{"restype":"jsondata","rescode":"crfiles_extdata","resmd5":"00320861f7bfb7aa2e1d39150b1f6688","restitle":"编号","resurl":"http://hellowocao.com/localxres/datax/coode_keydetaily/data/32126.json"},{"restype":"jsondata","rescode":"OPRT_extdata","resmd5":"6d381efefdad1fee8d5b5d9bde640183","restitle":"操作","resurl":"http://hellowocao.com/localxres/datax/coode_keydetaily/data/32127.json"}]}