{"status":"1","tabnm":"coode_domainunit","tabtitle":"纵深单元","tabsno":"","crtsql":"CREATE TABLE coode_domainunit (SNO int(11) NOT NULL AUTO_INCREMENT,sysid varchar(50) NOT NULL,appid varchar(50) NOT NULL,relyface varchar(1024) NOT NULL,unittitle varchar(50) NOT NULL,unitclass varchar(50) NOT NULL,funcls varchar(50) NOT NULL,frmexp varchar(50) NOT NULL,darela varchar(100) NOT NULL,colora varchar(50) NOT NULL,unitmark varchar(50) NOT NULL,domainmark varchar(50) NOT NULL,dumark varchar(50) NOT NULL,unitdescrib varchar(1024) NOT NULL,outurl varchar(255) NOT NULL,pagehtml longtext NOT NULL,vermd5 varchar(50) NOT NULL,industry varchar(50) NOT NULL,business varchar(50) NOT NULL,matter varchar(50) NOT NULL,casecode text NOT NULL,cssfilex text NOT NULL,stylex text NOT NULL,scriptx longtext NOT NULL,jsfilex text NOT NULL,cssfiley text NOT NULL,jsfiley text NOT NULL,styley text NOT NULL,scripty longtext NOT NULL,containsub varchar(1024) NOT NULL,width varchar(10) NOT NULL,height varchar(10) NOT NULL,inwidth varchar(10) NOT NULL,inheight varchar(10) NOT NULL,templatecode longtext NOT NULL,demoresult longtext NOT NULL,pagesurround text NOT NULL,subvermd5 varchar(32) NOT NULL,copyrightmark varchar(30) NOT NULL,OLMK varchar(255) NOT NULL,UPTM datetime NOT NULL,CRTM datetime NOT NULL,CRTOR varchar(30) NOT NULL,STATUS tinyint(4) NOT NULL,PTOF varchar(50) NOT NULL,VRT varchar(255) NOT NULL,STCODE varchar(1024) NOT NULL,PRIME int(11) NOT NULL,RIP varchar(255) NOT NULL,OPRT varchar(1024) NOT NULL,PRIMARY KEY (SNO),UNIQUE KEY oldmk (unitmark,domainmark) USING BTREE) ENGINE=MyISAM AUTO_INCREMENT=1 DEFAULT CHARSET=utf8;","allkeys":"应用id,行业,条件代码,色系,包含下级SUB,软著标记,创建时刻,创建者,CSS样式文件,合并CSS文件,darela,模板合成结果,区块标记,资源识别码,结构表达式,功能类别,块高,产业,inheight,inwidth,JS文件,合并JS文件,业务,唯一标记,操作,应用出口,页面HTML,页面周边,素数定类,归属,依赖样式,远程IP,JS脚本,合并SCRIPT,编号,流程状态,流程脚本,样式描述,合并STYLE,下级特征,系统ID,模板代码,单元类别,单元场景描述,样式标记,单元标题,更改时刻,校验MD5,流程编码,块宽|appid,business,casecode,colora,containsub,copyrightmark,CRTM,CRTOR,cssfilex,cssfiley,darela,demoresult,domainmark,dumark,frmexp,funcls,height,industry,inheight,inwidth,jsfilex,jsfiley,matter,OLMK,OPRT,outurl,pagehtml,pagesurround,PRIME,PTOF,relyface,RIP,scriptx,scripty,SNO,STATUS,STCODE,stylex,styley,subvermd5,sysid,templatecode,unitclass,unitdescrib,unitmark,unittitle,UPTM,vermd5,VRT,width","parreskey":"","mainsqx":"SNO","srckey":"dumark","srcttk":"unittitle","rtype":"tempx","parcode":"","rcode":"","rtitle":"","ver":"20260129120733","vls":[]}