{"status":"1","rtype":"tabx","rcode":"coode_tempcssdfn","rtitle":"coode_tempcssdfn","ver":"c3137e37f33b4fe84ed4743e6e348425","crtsql":"CREATE TABLE coode_tempcssdfn (SNO int(11) NOT NULL AUTO_INCREMENT,sysid varchar(50) NOT NULL,tdmcode varchar(30) NOT NULL,tdmtitle varchar(100) NOT NULL,tdtype varchar(50) NOT NULL,jsfilex text NOT NULL,cssfilex text NOT NULL,scriptx text NOT NULL,stylex text NOT NULL,srddemo text NOT NULL,tabformsrd text NOT NULL,tabformwhole text NOT NULL,layfile varchar(1024) NOT NULL,srdstart text NOT NULL,STATUS tinyint(4) NOT NULL,CRTM datetime NOT NULL,UPTM datetime NOT NULL,CRTOR varchar(100) NOT NULL,enabled tinyint(4) NOT NULL,PTOF varchar(50) NOT NULL,OLMK varchar(255) NOT NULL,VRT varchar(255) NOT NULL,STCODE varchar(1024) NOT NULL,PRIME int(11) NOT NULL,RIP varchar(255) NOT NULL,OPRT varchar(1024) NOT NULL,PRIMARY KEY (SNO)) ENGINE=MyISAM AUTO_INCREMENT=1 DEFAULT CHARSET=utf8;","vls":[{"restype":"jsondata","rescode":"coode_tempcssdfn_basedata","resmd5":"2c8497f5daed5a968f25a8377f2aa0d0","restitle":"coode_tempcssdfn","resurl":"http://hellowocao.com/localxres/datax/coode_tablist/data/2337.json"},{"restype":"jsondata","rescode":"tdtype_extdata","resmd5":"c7cf8a1e412c8a5980da2a1f2e6faba0","restitle":"模板类型","resurl":"http://hellowocao.com/localxres/datax/coode_keydetailx/data/28552.json"},{"restype":"jsondata","rescode":"stylex_extdata","resmd5":"9714143d082b7b3bb114348ec1597fe8","restitle":"样式描述","resurl":"http://hellowocao.com/localxres/datax/coode_keydetailx/data/28553.json"},{"restype":"jsondata","rescode":"srddemo_extdata","resmd5":"377868ec401b5945f2e0faceb9766874","restitle":"主代码","resurl":"http://hellowocao.com/localxres/datax/coode_keydetailx/data/28554.json"},{"restype":"jsondata","rescode":"srdstart_extdata","resmd5":"72b7988be1039f335b248c0e33d261d8","restitle":"边缘启动","resurl":"http://hellowocao.com/localxres/datax/coode_keydetailx/data/28619.json"},{"restype":"jsondata","rescode":"tabformwhole_extdata","resmd5":"fc4d8381e39afc80c38437a18464247d","restitle":"表单与表整体","resurl":"http://hellowocao.com/localxres/datax/coode_keydetailx/data/28618.json"},{"restype":"jsondata","rescode":"tabformsrd_extdata","resmd5":"93bf9f0d5a0741638b470a2a48ad63ce","restitle":"表单与表边缘","resurl":"http://hellowocao.com/localxres/datax/coode_keydetailx/data/28617.json"},{"restype":"jsondata","rescode":"OPRT_extdata","resmd5":"94faff0684b2223fbde40c8e54434a6e","restitle":"操作","resurl":"http://hellowocao.com/localxres/datax/coode_keydetailx/data/28498.json"},{"restype":"jsondata","rescode":"RIP_extdata","resmd5":"d25131d8600a78246ba1fe79317cf378","restitle":"远程IP","resurl":"http://hellowocao.com/localxres/datax/coode_keydetailx/data/28497.json"},{"restype":"jsondata","rescode":"STCODE_extdata","resmd5":"b2e077ca54dfddc6af5043bebb17938f","restitle":"流程脚本","resurl":"http://hellowocao.com/localxres/datax/coode_keydetailx/data/28495.json"},{"restype":"jsondata","rescode":"OLMK_extdata","resmd5":"f16f815a8d905bdd1e62a0d7215787ec","restitle":"唯一标记","resurl":"http://hellowocao.com/localxres/datax/coode_keydetailx/data/28493.json"},{"restype":"jsondata","rescode":"PTOF_extdata","resmd5":"f4f52fec24fafc9a04fe292e93e9352f","restitle":"归属","resurl":"http://hellowocao.com/localxres/datax/coode_keydetailx/data/28492.json"},{"restype":"jsondata","rescode":"enabled_extdata","resmd5":"acea252335016b7633967713c199d979","restitle":"可用","resurl":"http://hellowocao.com/localxres/datax/coode_keydetailx/data/28489.json"},{"restype":"jsondata","rescode":"sysid_extdata","resmd5":"6048bc2799b9d8ce8271f03656bcd72a","restitle":"系统ID","resurl":"http://hellowocao.com/localxres/datax/coode_keydetailx/data/28488.json"},{"restype":"jsondata","rescode":"CRTOR_extdata","resmd5":"4aa3583b3a6b69fb4067bb0bce2ce05e","restitle":"创建者","resurl":"http://hellowocao.com/localxres/datax/coode_keydetailx/data/28487.json"},{"restype":"jsondata","rescode":"UPTM_extdata","resmd5":"f755bed595b4a5e65a0c8881e833ce31","restitle":"更改时刻","resurl":"http://hellowocao.com/localxres/datax/coode_keydetailx/data/28486.json"},{"restype":"jsondata","rescode":"CRTM_extdata","resmd5":"5a007d734898c132ab01f916f439f33c","restitle":"创建时刻","resurl":"http://hellowocao.com/localxres/datax/coode_keydetailx/data/28485.json"},{"restype":"jsondata","rescode":"layfile_extdata","resmd5":"064437b1f54be64cd703377d3be15524","restitle":"输出地址","resurl":"http://hellowocao.com/localxres/datax/coode_keydetailx/data/28483.json"},{"restype":"jsondata","rescode":"scriptx_extdata","resmd5":"d5102074e6d1efaed9c02f335f0676bb","restitle":"JS脚本","resurl":"http://hellowocao.com/localxres/datax/coode_keydetailx/data/28481.json"},{"restype":"jsondata","rescode":"cssfilex_extdata","resmd5":"a4f282ad6f4f74f12c1bd3de714833df","restitle":"依赖CSS文件","resurl":"http://hellowocao.com/localxres/datax/coode_keydetailx/data/28480.json"},{"restype":"jsondata","rescode":"jsfilex_extdata","resmd5":"2223e8807ce4f35f5652b4e1d25d1375","restitle":"依赖JS文件","resurl":"http://hellowocao.com/localxres/datax/coode_keydetailx/data/28479.json"},{"restype":"jsondata","rescode":"tdmtitle_extdata","resmd5":"b07b5e3035a6a298ebd92fee2279eb7e","restitle":"模板标题","resurl":"http://hellowocao.com/localxres/datax/coode_keydetailx/data/28478.json"},{"restype":"jsondata","rescode":"tdmcode_extdata","resmd5":"20124a5f0cdcfaa101884a04f9461d2f","restitle":"模板代码","resurl":"http://hellowocao.com/localxres/datax/coode_keydetailx/data/28477.json"},{"restype":"jsondata","rescode":"PRIME_extdata","resmd5":"6586ef2f40de862a2ba70cfb5f8f9908","restitle":"素数定类","resurl":"http://hellowocao.com/localxres/datax/coode_keydetailx/data/28496.json"},{"restype":"jsondata","rescode":"VRT_extdata","resmd5":"19ed3a4327cc005cdfc530e22216f070","restitle":"流程编码","resurl":"http://hellowocao.com/localxres/datax/coode_keydetailx/data/28494.json"},{"restype":"jsondata","rescode":"STATUS_extdata","resmd5":"cdff43df56a4a2d665f9184c73e8b0bd","restitle":"流程状态","resurl":"http://hellowocao.com/localxres/datax/coode_keydetailx/data/28484.json"},{"restype":"jsondata","rescode":"SNO_extdata","resmd5":"3bc3ed1ffd6e8447aa52dde69313c6b5","restitle":"编号","resurl":"http://hellowocao.com/localxres/datax/coode_keydetailx/data/28476.json"}]}