{"status":"1","tabnm":"coode_tablist","tabtitle":"表格列表","tabsno":"508","crtsql":"","allkeys":"人智标题,人智值,全部,领域字段,浏览前执行,内容字段,版权标记,创建代码,创建时刻,创建人,表分组,表单,信息创建者,图像,设置权限,安装数据,信息映射资源隶属世界,json内容,json类型,字段长度,全字段,字段类型,主序字段,数据版本字段,唯一标记,唯一标记字段,操作,父资源KEY,安装制作,子母级联,资源中文单词,本身资源值,资源英文单词,资源类型代码,远程IP,数据库名,长度类型,编号,资源字段,资源标题,流程状态,流程脚本,辅序字段,系统ID,更新频率,表名,简介字段,表标题,表格类型,更新时刻,版本号,母子级联,世界标记|aitkey,aivkey,allkeys,areakey,beforeview,contentkeys,copyrightmark,createsql,CRTM,CRTOR,grpmark,hasshort,ickey,imghead,ispmiss,issys,iwkey,jsonconts,jsontpnms,keylens,keynames,keytpnms,mainsqx,md5key,OLMK,olmkkey,OPRT,parreskey,PRIME,PTOF,reschiword,rescode,resenword,restpcode,RIP,schm,sizetype,SNO,srckey,srcttk,STATUS,STCODE,subsqx,sysid,tabcls,TABLE_NAME,tabnick,tabtitle,tabtype,UPTM,vermd5,VRT,worldmarks","parreskey":"","mainsqx":"SNO","srckey":"TABLE_NAME","srcttk":"tabtitle","rtype":"tabx","parcode":"","rcode":"coode_pmass","rtitle":"权限备份","ver":"20260129114105","vls":[{"keymark":"OLMK","dxtype":"varchar","keytitle":"唯一标记","kvalue":"f75f82038ef681e73e479f6a8e6758"},{"keymark":"UPTM","dxtype":"datetime","keytitle":"更新时刻","kvalue":"2023-01-09 09:38:30"},{"keymark":"CRTM","dxtype":"datetime","keytitle":"创建时刻","kvalue":"2019-09-15 03:14:19"},{"keymark":"PTOF","dxtype":"select","keytitle":"子母级联","kvalue":"coodesys/polars"},{"keymark":"TABLE_NAME","dxtype":"varchar","keytitle":"表名","kvalue":"coode_pmass"},{"keymark":"tabtitle","dxtype":"varchar","keytitle":"表标题","kvalue":"权限备份"},{"keymark":"VRT","dxtype":"multiselect","keytitle":"母子级联","kvalue":"ec88a11a1d36b96fe645eab9dae2cf96"},{"keymark":"CRTOR","dxtype":"varchar","keytitle":"创建人","kvalue":"hellowocao"},{"keymark":"ickey","dxtype":"varchar","keytitle":"信息创建者","kvalue":"CRTOR"},{"keymark":"iwkey","dxtype":"varchar","keytitle":"信息映射资源隶属世界","kvalue":"localxres"},{"keymark":"ispmiss","dxtype":"varchar","keytitle":"设置权限","kvalue":"0"},{"keymark":"sizetype","dxtype":"select","keytitle":"长度类型","kvalue":""},{"keymark":"hasshort","dxtype":"varchar","keytitle":"表单","kvalue":"1"},{"keymark":"STATUS","dxtype":"varchar","keytitle":"流程状态","kvalue":"1"},{"keymark":"STCODE","dxtype":"varchar","keytitle":"流程脚本","kvalue":""},{"keymark":"PRIME","dxtype":"int","keytitle":"安装制作","kvalue":"0"},{"keymark":"RIP","dxtype":"varchar","keytitle":"远程IP","kvalue":""},{"keymark":"OPRT","dxtype":"chtml","keytitle":"操作","kvalue":""},{"keymark":"mainsqx","dxtype":"select","keytitle":"主序字段","kvalue":"SNO"},{"keymark":"tabcls","dxtype":"select","keytitle":"更新频率","kvalue":""},{"keymark":"sysid","dxtype":"select","keytitle":"系统ID","kvalue":"0"},{"keymark":"schm","dxtype":"varchar","keytitle":"数据库名","kvalue":"io_halo123_cn"},{"keymark":"createsql","dxtype":"code","keytitle":"创建代码","kvalue":"CREATE TABLE coode_pmass (SNO int(11) NOT NULL AUTO_INCREMENT,permid varchar(100) NOT NULL,permtitle varchar(255) NOT NULL,appid varchar(100) NOT NULL,compid varchar(100) NOT NULL,groupid varchar(100) NOT NULL,clientid varchar(100) NOT NULL,metcls varchar(100) NOT NULL,method varchar(255) NOT NULL,behiver varchar(255) NOT NULL,keyx varchar(255) NOT NULL,valx tinyint(4) NOT NULL,dataarea varchar(1024) NOT NULL,scvid varchar(50) NOT NULL,CRTM datetime NOT NULL,UPTM datetime NOT NULL,CRTOR varchar(100) NOT NULL,STATUS tinyint(4) NOT NULL,OLMK varchar(100) NOT NULL,PTOF varchar(100) NOT NULL,VRT varchar(255) NOT NULL,STCODE varchar(1024) NOT NULL,PRIME int(11) NOT NULL,RIP varchar(255) NOT NULL,PRIMARY KEY (SNO)) ENGINE=MyISAM AUTO_INCREMENT=1 DEFAULT CHARSET=utf8;"},{"keymark":"issys","dxtype":"varchar","keytitle":"安装数据","kvalue":"0"},{"keymark":"keynames","dxtype":"varchar","keytitle":"全字段","kvalue":"permid,permtitle,appid,compid,groupid,clientid,metcls,method,behiver,keyx,valx,dataarea,scvid,CRTM,UPTM,CRTOR,STATUS,OLMK,PTOF,VRT,STCODE,PRIME,RIP"},{"keymark":"keytpnms","dxtype":"varchar","keytitle":"字段类型","kvalue":"concat(↓↑↓,permid,↓↑,↑↓,permtitle,↓↑,↑↓,appid,↓↑,↑↓,compid,↓↑,↑↓,groupid,↓↑,↑↓,clientid,↓↑,↑↓,metcls,↓↑,↑↓,method,↓↑,↑↓,behiver,↓↑,↑↓,keyx,↓↑,↑↓,valx,↓↑,↑↓,dataarea,↓↑,↑↓,scvid,↓↑,↑↓,CRTM,↓↑,↑↓,UPTM,↓↑,↑↓,CRTOR,↓↑,↑↓,STATUS,↓↑,↑↓,OLMK,↓↑,↑↓,PTOF,↓↑,↑↓,VRT,↓↑,↑↓,STCODE,↓↑,↑↓,PRIME,↓↑,↑↓,RIP,↓↑↓)"},{"keymark":"jsontpnms","dxtype":"varchar","keytitle":"json类型","kvalue":"concat(↓\"permid∵↓,permid,↓\",↓,↓\"permtitle∵↓,permtitle,↓\",↓,↓\"appid∵↓,appid,↓\",↓,↓\"compid∵↓,compid,↓\",↓,↓\"groupid∵↓,groupid,↓\",↓,↓\"clientid∵↓,clientid,↓\",↓,↓\"metcls∵↓,metcls,↓\",↓,↓\"method∵↓,method,↓\",↓,↓\"behiver∵↓,behiver,↓\",↓,↓\"keyx∵↓,keyx,↓\",↓,↓\"valx∵↓,valx,↓\",↓,↓\"dataarea∵↓,dataarea,↓\",↓,↓\"scvid∵↓,scvid,↓\",↓,↓\"CRTM∵↓,CRTM,↓\",↓,↓\"UPTM∵↓,UPTM,↓\",↓,↓\"CRTOR∵↓,CRTOR,↓\",↓,↓\"STATUS∵↓,STATUS,↓\",↓,↓\"OLMK∵↓,OLMK,↓\",↓,↓\"PTOF∵↓,PTOF,↓\",↓,↓\"VRT∵↓,VRT,↓\",↓,↓\"STCODE∵↓,STCODE,↓\",↓,↓\"PRIME∵↓,PRIME,↓\",↓,↓\"RIP∵↓,RIP,↓\"↓)"},{"keymark":"srckey","dxtype":"select","keytitle":"资源字段","kvalue":""},{"keymark":"srcttk","dxtype":"select","keytitle":"资源标题","kvalue":""},{"keymark":"allkeys","dxtype":"varchar","keytitle":"全部","kvalue":"appid,behiver,clientid,compid,创建时刻,创建人,dataarea,groupid,keyx,metcls,method,唯一标记,permid,permtitle,素数定类,PTOF,远程IP,scvid,SNO,STATUS,流程脚本,UPTM,valx,流程编码|appid,behiver,clientid,compid,CRTM,CRTOR,dataarea,groupid,keyx,metcls,method,OLMK,permid,permtitle,PRIME,PTOF,RIP,scvid,SNO,STATUS,STCODE,UPTM,valx,VRT"},{"keymark":"contentkeys","dxtype":"varchar","keytitle":"内容字段","kvalue":"permid,permtitle,appid,compid,groupid,clientid,metcls,method,behiver,keyx,valx,dataarea,scvid"},{"keymark":"jsonconts","dxtype":"varchar","keytitle":"json内容","kvalue":"↓\"permid∵↓,permid,↓\",↓,↓\"permtitle∵↓,permtitle,↓\",↓,↓\"appid∵↓,appid,↓\",↓,↓\"compid∵↓,compid,↓\",↓,↓\"groupid∵↓,groupid,↓\",↓,↓\"clientid∵↓,clientid,↓\",↓,↓\"metcls∵↓,metcls,↓\",↓,↓\"method∵↓,method,↓\",↓,↓\"behiver∵↓,behiver,↓\",↓,↓\"keyx∵↓,keyx,↓\",↓,↓\"valx∵↓,valx,↓\",↓,↓\"dataarea∵↓,dataarea,↓\",↓,↓\"scvid∵↓,scvid,↓\",↓,↓\"tablename∵coode_pmass\"↓"},{"keymark":"imghead","dxtype":"select","keytitle":"图像","kvalue":""},{"keymark":"beforeview","dxtype":"longtext","keytitle":"浏览前执行","kvalue":""},{"keymark":"tabtype","dxtype":"select","keytitle":"表格类型","kvalue":""},{"keymark":"vermd5","dxtype":"varchar","keytitle":"版本号","kvalue":"431ae70c09561b88b2fdbf962048adbf"},{"keymark":"tabnick","dxtype":"select","keytitle":"简介字段","kvalue":""},{"keymark":"copyrightmark","dxtype":"varchar","keytitle":"版权标记","kvalue":""},{"keymark":"grpmark","dxtype":"select","keytitle":"表分组","kvalue":""},{"keymark":"subsqx","dxtype":"select","keytitle":"辅序字段","kvalue":""},{"keymark":"olmkkey","dxtype":"select","keytitle":"唯一标记字段","kvalue":"OLMK"},{"keymark":"keylens","dxtype":"int","keytitle":"字段长度","kvalue":"23"},{"keymark":"areakey","dxtype":"select","keytitle":"领域字段","kvalue":""},{"keymark":"md5key","dxtype":"select","keytitle":"数据版本字段","kvalue":"VRT"},{"keymark":"rescode","dxtype":"varchar","keytitle":"本身资源值","kvalue":""},{"keymark":"worldmarks","dxtype":"varchar255","keytitle":"世界标记","kvalue":""},{"keymark":"restpcode","dxtype":"select","keytitle":"资源类型代码","kvalue":""},{"keymark":"resenword","dxtype":"varchar","keytitle":"资源英文单词","kvalue":""},{"keymark":"reschiword","dxtype":"varchar","keytitle":"资源中文单词","kvalue":""},{"keymark":"parreskey","dxtype":"select","keytitle":"父资源KEY","kvalue":""},{"keymark":"aitkey","dxtype":"select","keytitle":"人智标题","kvalue":""},{"keymark":"aivkey","dxtype":"select","keytitle":"人智值","kvalue":""}]}