{"status":"1","rtype":"tabx","rcode":"coode_imgtgrp","rtitle":"图片模板分组名称","ver":"794b7d112ddd561543409f70a235087c","crtsql":"CREATE TABLE coode_imgtgrp (SNO int(11) NOT NULL AUTO_INCREMENT,grpmark varchar(30) NOT NULL,grptitle varchar(100) NOT NULL,grptype varchar(50) NOT NULL,askdescrib text NOT NULL,totimg int(11) NOT NULL,prenum int(11) NOT NULL,imgtype varchar(30) NOT NULL,industry varchar(50) NOT NULL,width varchar(50) NOT NULL,height varchar(50) NOT NULL,colora varchar(50) NOT NULL,colorb varchar(50) NOT NULL,shapex varchar(50) NOT NULL,areatype varchar(50) NOT NULL,grppath varchar(255) NOT NULL,CRTM datetime NOT NULL,CRTOR varchar(255) NOT NULL,mydescrib varchar(255) NOT NULL,vermd5 varchar(32) NOT NULL,PRIME int(11) NOT NULL,OLMK varchar(30) NOT NULL,PTOF varchar(30) NOT NULL,VRT varchar(255) NOT NULL,STATUS tinyint(4) NOT NULL,STCODE varchar(1024) NOT NULL,UPTM datetime NOT NULL,RIP varchar(255) NOT NULL,OPRT varchar(1024) NOT NULL,PRIMARY KEY (SNO),UNIQUE KEY plmk (grpmark) USING BTREE) ENGINE=MyISAM AUTO_INCREMENT=1 DEFAULT CHARSET=utf8;","vls":[{"restype":"jsondata","rescode":"coode_imgtgrp_basedata","resmd5":"5acf32277c8ab645b2597b31aae1c743","restitle":"图片模板分组名称","resurl":"http://hellowocao.com/localxres/datax/coode_tablist/data/1555.json"},{"restype":"jsondata","rescode":"SNO_extdata","resmd5":"1f89f708964fd93846fef931d5712c0c","restitle":"编号","resurl":"http://hellowocao.com/localxres/datax/coode_keydetailx/data/14898.json"},{"restype":"jsondata","rescode":"grpmark_extdata","resmd5":"4e028bde89bf2f065eb74f2216b45bbc","restitle":"表分组","resurl":"http://hellowocao.com/localxres/datax/coode_keydetailx/data/14899.json"},{"restype":"jsondata","rescode":"grptitle_extdata","resmd5":"775d226185aa8b3a8a966ba0f099cf41","restitle":"分组标题","resurl":"http://hellowocao.com/localxres/datax/coode_keydetailx/data/14900.json"},{"restype":"jsondata","rescode":"grptype_extdata","resmd5":"51ceac4c9f5559a65384ef4900f9e185","restitle":"组类型","resurl":"http://hellowocao.com/localxres/datax/coode_keydetailx/data/14901.json"},{"restype":"jsondata","rescode":"askdescrib_extdata","resmd5":"e9dcd33f6742348a820123f1cbd8e3da","restitle":"请求描述","resurl":"http://hellowocao.com/localxres/datax/coode_keydetailx/data/14902.json"},{"restype":"jsondata","rescode":"totimg_extdata","resmd5":"2b6259319f344e3c4db21a45dcfe4b58","restitle":"组图数","resurl":"http://hellowocao.com/localxres/datax/coode_keydetailx/data/14903.json"},{"restype":"jsondata","rescode":"prenum_extdata","resmd5":"8e74b26013c351f0fe292de73165bccc","restitle":"当前数量","resurl":"http://hellowocao.com/localxres/datax/coode_keydetailx/data/14904.json"},{"restype":"jsondata","rescode":"imgtype_extdata","resmd5":"d66d857cef5bdd16823dbed17f97f6b2","restitle":"图片类型","resurl":"http://hellowocao.com/localxres/datax/coode_keydetailx/data/14905.json"},{"restype":"jsondata","rescode":"industry_extdata","resmd5":"55ca82d7a086af2b42645d2e0efbb9f8","restitle":"产业","resurl":"http://hellowocao.com/localxres/datax/coode_keydetailx/data/14906.json"},{"restype":"jsondata","rescode":"width_extdata","resmd5":"393a1a05aa7f42a77c7a60252e5e9795","restitle":"块宽","resurl":"http://hellowocao.com/localxres/datax/coode_keydetailx/data/14907.json"},{"restype":"jsondata","rescode":"height_extdata","resmd5":"95fbc0f8d38367e2618f8ab6f7d88b41","restitle":"块高","resurl":"http://hellowocao.com/localxres/datax/coode_keydetailx/data/14908.json"},{"restype":"jsondata","rescode":"colora_extdata","resmd5":"2ea9415800ab98d9cd668a043e34290d","restitle":"色系","resurl":"http://hellowocao.com/localxres/datax/coode_keydetailx/data/14909.json"},{"restype":"jsondata","rescode":"colorb_extdata","resmd5":"294ab553cdefe8ad51376b256661c650","restitle":"辅色","resurl":"http://hellowocao.com/localxres/datax/coode_keydetailx/data/14910.json"},{"restype":"jsondata","rescode":"shapex_extdata","resmd5":"17c57f34763509d714d6500c6213da1f","restitle":"形状","resurl":"http://hellowocao.com/localxres/datax/coode_keydetailx/data/14911.json"},{"restype":"jsondata","rescode":"areatype_extdata","resmd5":"87126adf255c4c09642a17485216ad3a","restitle":"域类型","resurl":"http://hellowocao.com/localxres/datax/coode_keydetailx/data/14912.json"},{"restype":"jsondata","rescode":"grppath_extdata","resmd5":"b3ac558428e4fcca186ba90cb3418d19","restitle":"组存储地址","resurl":"http://hellowocao.com/localxres/datax/coode_keydetailx/data/14913.json"},{"restype":"jsondata","rescode":"CRTM_extdata","resmd5":"c959b25fe852ca512f249024c97530c6","restitle":"创建时刻","resurl":"http://hellowocao.com/localxres/datax/coode_keydetailx/data/14914.json"},{"restype":"jsondata","rescode":"CRTOR_extdata","resmd5":"64bdc34e4fa1807fab3ad995db49b777","restitle":"创建者","resurl":"http://hellowocao.com/localxres/datax/coode_keydetailx/data/14915.json"},{"restype":"jsondata","rescode":"mydescrib_extdata","resmd5":"9bd3363742aaab1a15a653eb456a6c3d","restitle":"我的描述","resurl":"http://hellowocao.com/localxres/datax/coode_keydetailx/data/14916.json"},{"restype":"jsondata","rescode":"vermd5_extdata","resmd5":"5c0e79743956743dab5ec2751ab55fa4","restitle":"版本号","resurl":"http://hellowocao.com/localxres/datax/coode_keydetailx/data/14917.json"},{"restype":"jsondata","rescode":"PRIME_extdata","resmd5":"a576ccb9507df801e65f579582a71772","restitle":"素数定类","resurl":"http://hellowocao.com/localxres/datax/coode_keydetailx/data/14918.json"},{"restype":"jsondata","rescode":"OLMK_extdata","resmd5":"32bfb6ba5cdb3811a3e7e74ba6a5e946","restitle":"唯一标记","resurl":"http://hellowocao.com/localxres/datax/coode_keydetailx/data/14919.json"},{"restype":"jsondata","rescode":"PTOF_extdata","resmd5":"eb0622ee7e6453173e3b2f47707d26b3","restitle":"公司归属","resurl":"http://hellowocao.com/localxres/datax/coode_keydetailx/data/14920.json"},{"restype":"jsondata","rescode":"VRT_extdata","resmd5":"baf172f2bc0b89bd7c9fd9b90db4418d","restitle":"职位","resurl":"http://hellowocao.com/localxres/datax/coode_keydetailx/data/14921.json"},{"restype":"jsondata","rescode":"STATUS_extdata","resmd5":"aff4a8bca0f253a43f81fa69edc3ebdb","restitle":"流程状态","resurl":"http://hellowocao.com/localxres/datax/coode_keydetailx/data/14922.json"},{"restype":"jsondata","rescode":"STCODE_extdata","resmd5":"46812ac40dc7939dadd09fc38f9df363","restitle":"流程脚本","resurl":"http://hellowocao.com/localxres/datax/coode_keydetailx/data/14923.json"},{"restype":"jsondata","rescode":"UPTM_extdata","resmd5":"d667aa9bcaa8a497799ea9f672b45eb4","restitle":"更改时刻","resurl":"http://hellowocao.com/localxres/datax/coode_keydetailx/data/14924.json"},{"restype":"jsondata","rescode":"RIP_extdata","resmd5":"e191af2a99706bfc6249d4e71eb2675c","restitle":"远程IP","resurl":"http://hellowocao.com/localxres/datax/coode_keydetailx/data/14925.json"},{"restype":"jsondata","rescode":"OPRT_extdata","resmd5":"fc86b702a9d974d87371e4f590a6dfdd","restitle":"操作","resurl":"http://hellowocao.com/localxres/datax/coode_keydetailx/data/14926.json"}]}