{"status":"1","rtype":"tabx","rcode":"coode_dujsfiles","rtitle":"js文件历史","ver":"eb4a93a420d3ea68f81ffe187934ea23","crtsql":"CREATE TABLE coode_dujsfiles (SNO int(11) NOT NULL AUTO_INCREMENT,domainmark varchar(50) NOT NULL,unitmark varchar(50) NOT NULL,dumark varchar(100) NOT NULL,shortid varchar(50) NOT NULL,evaltype varchar(50) NOT NULL,vermd5 varchar(50) NOT NULL,filecontent text NOT NULL,CRTM datetime NOT NULL,CRTOR varchar(255) NOT NULL,OLMK varchar(255) NOT NULL,OPRT varchar(1024) NOT NULL,PRIME int(11) NOT NULL,PTOF varchar(255) NOT NULL,RIP varchar(255) NOT NULL,STATUS tinyint(4) NOT NULL,STCODE varchar(1024) NOT NULL,UPTM datetime NOT NULL,VRT varchar(255) NOT NULL,PRIMARY KEY (SNO)) ENGINE=MyISAM AUTO_INCREMENT=1 DEFAULT CHARSET=utf8;","vls":[{"restype":"jsondata","rescode":"coode_dujsfiles_basedata","resmd5":"01c1cc9c8e7ad11cfcdaa5e15fc297c8","restitle":"js文件历史","resurl":"http://hellowocao.com/localxres/datax/coode_tablist/data/1382.json"},{"restype":"jsondata","rescode":"SNO_extdata","resmd5":"ce3f4322d2aad18cc4d05a8755ba0766","restitle":"编号","resurl":"http://hellowocao.com/localxres/datax/coode_keydetailx/data/13157.json"},{"restype":"jsondata","rescode":"domainmark_extdata","resmd5":"1a16e059779c8c3b7ddd31150954be42","restitle":"区块标记","resurl":"http://hellowocao.com/localxres/datax/coode_keydetailx/data/13158.json"},{"restype":"jsondata","rescode":"unitmark_extdata","resmd5":"24a9b4b051a849c6b50501e9e5dee7ca","restitle":"样式标记","resurl":"http://hellowocao.com/localxres/datax/coode_keydetailx/data/13159.json"},{"restype":"jsondata","rescode":"dumark_extdata","resmd5":"a07a1cf4bc7eb7312bcad9024490cd99","restitle":"模板标记","resurl":"http://hellowocao.com/localxres/datax/coode_keydetailx/data/13160.json"},{"restype":"jsondata","rescode":"shortid_extdata","resmd5":"d7a9be472b4daae65c9b8fd1a8274521","restitle":"短码","resurl":"http://hellowocao.com/localxres/datax/coode_keydetailx/data/13161.json"},{"restype":"jsondata","rescode":"evaltype_extdata","resmd5":"0450c5766934a0c687cb553fd075ae6c","restitle":"执行类型","resurl":"http://hellowocao.com/localxres/datax/coode_keydetailx/data/13162.json"},{"restype":"jsondata","rescode":"vermd5_extdata","resmd5":"2341c11608c9fcd5941b87d408aab7ee","restitle":"版本号","resurl":"http://hellowocao.com/localxres/datax/coode_keydetailx/data/13163.json"},{"restype":"jsondata","rescode":"filecontent_extdata","resmd5":"f73865825a7c15ba968b9495900a8a80","restitle":"filecontent","resurl":"http://hellowocao.com/localxres/datax/coode_keydetailx/data/13164.json"},{"restype":"jsondata","rescode":"CRTM_extdata","resmd5":"8a72a5bc7440c36603e283e4b834ba18","restitle":"创建时刻","resurl":"http://hellowocao.com/localxres/datax/coode_keydetailx/data/13165.json"},{"restype":"jsondata","rescode":"CRTOR_extdata","resmd5":"acd4978592e1faefcfdb91197b42a5bc","restitle":"创建者","resurl":"http://hellowocao.com/localxres/datax/coode_keydetailx/data/13166.json"},{"restype":"jsondata","rescode":"OLMK_extdata","resmd5":"f78b9c24ed7fb9c95e9cfdf6bc3cd581","restitle":"唯一标记","resurl":"http://hellowocao.com/localxres/datax/coode_keydetailx/data/13167.json"},{"restype":"jsondata","rescode":"OPRT_extdata","resmd5":"5899fb5e37a83a913fa2929d869797b0","restitle":"操作","resurl":"http://hellowocao.com/localxres/datax/coode_keydetailx/data/13168.json"},{"restype":"jsondata","rescode":"PRIME_extdata","resmd5":"7b422211cc6f0b8692ca6bb83262fbc5","restitle":"素数定类","resurl":"http://hellowocao.com/localxres/datax/coode_keydetailx/data/13169.json"},{"restype":"jsondata","rescode":"PTOF_extdata","resmd5":"600b469032d4114bc9106e142040b65e","restitle":"公司归属","resurl":"http://hellowocao.com/localxres/datax/coode_keydetailx/data/13170.json"},{"restype":"jsondata","rescode":"RIP_extdata","resmd5":"856c1e2ca4f46769fef0abea5665fedb","restitle":"远程IP","resurl":"http://hellowocao.com/localxres/datax/coode_keydetailx/data/13171.json"},{"restype":"jsondata","rescode":"STATUS_extdata","resmd5":"e08e8b83035e45b99b084daa6b0f0c6b","restitle":"流程状态","resurl":"http://hellowocao.com/localxres/datax/coode_keydetailx/data/13172.json"},{"restype":"jsondata","rescode":"STCODE_extdata","resmd5":"ad72f494d67661fe0ecec6a4f7204f1b","restitle":"流程脚本","resurl":"http://hellowocao.com/localxres/datax/coode_keydetailx/data/13173.json"},{"restype":"jsondata","rescode":"UPTM_extdata","resmd5":"4852202902581c1283d149f6bf8f2fd2","restitle":"更改时刻","resurl":"http://hellowocao.com/localxres/datax/coode_keydetailx/data/13174.json"},{"restype":"jsondata","rescode":"VRT_extdata","resmd5":"d58a7acfaf3889bd328cea4abf4588e8","restitle":"职位","resurl":"http://hellowocao.com/localxres/datax/coode_keydetailx/data/13175.json"}]}