{"status":"1","rtype":"tabx","rcode":"coode_trees","rtitle":"树定义","ver":"ed440970eb930c0e1f3ebd3bce2b23c9","crtsql":"CREATE TABLE coode_trees (SNO int(11) NOT NULL AUTO_INCREMENT,treemark varchar(255) NOT NULL,treetitle varchar(1024) NOT NULL,treedescrib text NOT NULL,deep tinyint(4) NOT NULL,totbra int(11) NOT NULL,firstbra tinyint(4) NOT NULL,conver varchar(50) NOT NULL,contentx text NOT NULL,valfromtab varchar(255) NOT NULL,valkeydefine varchar(255) NOT NULL,CRTM datetime NOT NULL,CRTOR varchar(255) NOT NULL,OLMK varchar(255) NOT NULL,OPRT varchar(1024) NOT NULL,PRIME int(11) NOT NULL,PTOF varchar(255) NOT NULL,RIP varchar(255) NOT NULL,STATUS tinyint(4) NOT NULL,STCODE varchar(1024) NOT NULL,UPTM datetime NOT NULL,VRT varchar(255) NOT NULL,PRIMARY KEY (SNO)) ENGINE=MyISAM AUTO_INCREMENT=1 DEFAULT CHARSET=utf8;","vls":[{"restype":"jsondata","rescode":"coode_trees_basedata","resmd5":"e08aafb91f73695c6e155ce0a7c3a372","restitle":"树定义","resurl":"http://hellowocao.com/localxres/datax/coode_tablist/data/1885.json"},{"restype":"jsondata","rescode":"SNO_extdata","resmd5":"822df54ee369795b8bec2bf954d2eeb5","restitle":"数据编号","resurl":"http://hellowocao.com/localxres/datax/coode_keydetailx/data/18593.json"},{"restype":"jsondata","rescode":"treemark_extdata","resmd5":"337ce59b84b598fd8b4106e2a48cd451","restitle":"树编码","resurl":"http://hellowocao.com/localxres/datax/coode_keydetailx/data/18594.json"},{"restype":"jsondata","rescode":"treetitle_extdata","resmd5":"2138f9cb14894fe4d4d26a2c49dc1b74","restitle":"树标题","resurl":"http://hellowocao.com/localxres/datax/coode_keydetailx/data/18595.json"},{"restype":"jsondata","rescode":"treedescrib_extdata","resmd5":"35410cb47bc974e02626ab71ab137884","restitle":"树描述","resurl":"http://hellowocao.com/localxres/datax/coode_keydetailx/data/18596.json"},{"restype":"jsondata","rescode":"deep_extdata","resmd5":"238ce8785d18eb88b7b1338d195e813c","restitle":"深度","resurl":"http://hellowocao.com/localxres/datax/coode_keydetailx/data/18597.json"},{"restype":"jsondata","rescode":"totbra_extdata","resmd5":"82600b010b32f880536996ed80231c55","restitle":"分支数量","resurl":"http://hellowocao.com/localxres/datax/coode_keydetailx/data/18598.json"},{"restype":"jsondata","rescode":"firstbra_extdata","resmd5":"187107f73429c0ac660ed6d9f185bac9","restitle":"第一分支","resurl":"http://hellowocao.com/localxres/datax/coode_keydetailx/data/18599.json"},{"restype":"jsondata","rescode":"CRTM_extdata","resmd5":"127c9db9183a6293663cfa430bc91d3c","restitle":"创建时刻","resurl":"http://hellowocao.com/localxres/datax/coode_keydetailx/data/18600.json"},{"restype":"jsondata","rescode":"CRTOR_extdata","resmd5":"3ae064dfe6a3dcf7981000ca0bedef6f","restitle":"创建人","resurl":"http://hellowocao.com/localxres/datax/coode_keydetailx/data/18601.json"},{"restype":"jsondata","rescode":"OLMK_extdata","resmd5":"dbd7a7c3b615adff85459c992b832a54","restitle":"数据唯标","resurl":"http://hellowocao.com/localxres/datax/coode_keydetailx/data/18602.json"},{"restype":"jsondata","rescode":"OPRT_extdata","resmd5":"0179e1ef8011de1e61ccd440064ef8b1","restitle":"操作","resurl":"http://hellowocao.com/localxres/datax/coode_keydetailx/data/18603.json"},{"restype":"jsondata","rescode":"PRIME_extdata","resmd5":"92e5e1d4c93e8bedfc3ba57d05245efc","restitle":"主要标识","resurl":"http://hellowocao.com/localxres/datax/coode_keydetailx/data/18604.json"},{"restype":"jsondata","rescode":"PTOF_extdata","resmd5":"921f3edec596bf912fae1fc645902da8","restitle":"数据归属","resurl":"http://hellowocao.com/localxres/datax/coode_keydetailx/data/18605.json"},{"restype":"jsondata","rescode":"RIP_extdata","resmd5":"41748d089c2e1dde79e90c2b27052697","restitle":"创建IP","resurl":"http://hellowocao.com/localxres/datax/coode_keydetailx/data/18606.json"},{"restype":"jsondata","rescode":"STATUS_extdata","resmd5":"ada17d8674d8d30c18c0832b82ddce30","restitle":"数据状态","resurl":"http://hellowocao.com/localxres/datax/coode_keydetailx/data/18607.json"},{"restype":"jsondata","rescode":"STCODE_extdata","resmd5":"bb4beb442366a00b4ed1c7061239ffc4","restitle":"流程进展","resurl":"http://hellowocao.com/localxres/datax/coode_keydetailx/data/18608.json"},{"restype":"jsondata","rescode":"UPTM_extdata","resmd5":"7773fa9a36c38763d6eab13702277d9b","restitle":"更改时刻","resurl":"http://hellowocao.com/localxres/datax/coode_keydetailx/data/18609.json"},{"restype":"jsondata","rescode":"VRT_extdata","resmd5":"a41f3b7f1dbee375f8b0074e13126385","restitle":"资源路径","resurl":"http://hellowocao.com/localxres/datax/coode_keydetailx/data/18610.json"},{"restype":"jsondata","rescode":"conver_extdata","resmd5":"2e60343e46f53211c818a8af29892db5","restitle":"内容版本","resurl":"http://hellowocao.com/localxres/datax/coode_keydetailx/data/18671.json"},{"restype":"jsondata","rescode":"contentx_extdata","resmd5":"ca989a167d7e6d7f3a8df9bf56d973dd","restitle":"内容缓存","resurl":"http://hellowocao.com/localxres/datax/coode_keydetailx/data/18672.json"},{"restype":"jsondata","rescode":"valfromtab_extdata","resmd5":"ae1a48adb9a796735e0a2f2971dc1287","restitle":"数据来源定义","resurl":"http://hellowocao.com/localxres/datax/coode_keydetailx/data/18767.json"},{"restype":"jsondata","rescode":"valkeydefine_extdata","resmd5":"772cca8028322521b881ef1b1760b62e","restitle":"数据项分配定义","resurl":"http://hellowocao.com/localxres/datax/coode_keydetailx/data/18768.json"}]}