{"status":"1","tabnm":"coode_tablist","tabtitle":"表格列表","tabsno":"1553","crtsql":"","allkeys":"人智标题,人智值,全部,领域字段,浏览前执行,内容字段,版权标记,创建代码,创建时刻,创建人,表分组,表单,信息创建者,图像,设置权限,安装数据,信息映射资源隶属世界,json内容,json类型,字段长度,全字段,字段类型,主序字段,数据版本字段,唯一标记,唯一标记字段,操作,父资源KEY,安装制作,子母级联,资源中文单词,本身资源值,资源英文单词,资源类型代码,远程IP,数据库名,长度类型,编号,资源字段,资源标题,流程状态,流程脚本,辅序字段,系统ID,更新频率,表名,简介字段,表标题,表格类型,更新时刻,版本号,母子级联,世界标记|aitkey,aivkey,allkeys,areakey,beforeview,contentkeys,copyrightmark,createsql,CRTM,CRTOR,grpmark,hasshort,ickey,imghead,ispmiss,issys,iwkey,jsonconts,jsontpnms,keylens,keynames,keytpnms,mainsqx,md5key,OLMK,olmkkey,OPRT,parreskey,PRIME,PTOF,reschiword,rescode,resenword,restpcode,RIP,schm,sizetype,SNO,srckey,srcttk,STATUS,STCODE,subsqx,sysid,tabcls,TABLE_NAME,tabnick,tabtitle,tabtype,UPTM,vermd5,VRT,worldmarks","parreskey":"","mainsqx":"SNO","srckey":"TABLE_NAME","srcttk":"tabtitle","rtype":"tabx","parcode":"","rcode":"coode_imginstgrp","rtitle":"图片实例分组","ver":"20260129113955","vls":[{"keymark":"OLMK","dxtype":"varchar","keytitle":"唯一标记","kvalue":"a19da35c80cda2ee5e9b7164f5af96"},{"keymark":"UPTM","dxtype":"datetime","keytitle":"更新时刻","kvalue":"2023-01-09 09:38:30"},{"keymark":"CRTM","dxtype":"datetime","keytitle":"创建时刻","kvalue":"2021-11-18 09:33:51"},{"keymark":"PTOF","dxtype":"select","keytitle":"子母级联","kvalue":""},{"keymark":"TABLE_NAME","dxtype":"varchar","keytitle":"表名","kvalue":"coode_imginstgrp"},{"keymark":"tabtitle","dxtype":"varchar","keytitle":"表标题","kvalue":"图片实例分组"},{"keymark":"VRT","dxtype":"multiselect","keytitle":"母子级联","kvalue":"d77d541bc77952203369de9b345a9f0a"},{"keymark":"CRTOR","dxtype":"varchar","keytitle":"创建人","kvalue":"hellowocao"},{"keymark":"ickey","dxtype":"varchar","keytitle":"信息创建者","kvalue":"CRTOR"},{"keymark":"iwkey","dxtype":"varchar","keytitle":"信息映射资源隶属世界","kvalue":"localxres"},{"keymark":"ispmiss","dxtype":"varchar","keytitle":"设置权限","kvalue":"0"},{"keymark":"sizetype","dxtype":"select","keytitle":"长度类型","kvalue":""},{"keymark":"hasshort","dxtype":"varchar","keytitle":"表单","kvalue":"0"},{"keymark":"STATUS","dxtype":"varchar","keytitle":"流程状态","kvalue":"0"},{"keymark":"STCODE","dxtype":"varchar","keytitle":"流程脚本","kvalue":""},{"keymark":"PRIME","dxtype":"int","keytitle":"安装制作","kvalue":"0"},{"keymark":"RIP","dxtype":"varchar","keytitle":"远程IP","kvalue":""},{"keymark":"OPRT","dxtype":"chtml","keytitle":"操作","kvalue":""},{"keymark":"mainsqx","dxtype":"select","keytitle":"主序字段","kvalue":"SNO"},{"keymark":"tabcls","dxtype":"select","keytitle":"更新频率","kvalue":""},{"keymark":"sysid","dxtype":"select","keytitle":"系统ID","kvalue":"0"},{"keymark":"schm","dxtype":"varchar","keytitle":"数据库名","kvalue":"io_halo123_cn"},{"keymark":"createsql","dxtype":"code","keytitle":"创建代码","kvalue":"CREATE TABLE coode_imginstgrp (SNO int(11) NOT NULL AUTO_INCREMENT,grpmark varchar(30) NOT NULL,grptitle varchar(100) NOT NULL,grptype varchar(50) NOT NULL,askdescrib text NOT NULL,totimg int(11) NOT NULL,prenum int(11) NOT NULL,imgtype varchar(30) NOT NULL,industry varchar(50) NOT NULL,width varchar(50) NOT NULL,height varchar(50) NOT NULL,colora varchar(50) NOT NULL,colorb varchar(50) NOT NULL,shapex varchar(50) NOT NULL,areatype varchar(50) NOT NULL,grppath varchar(255) NOT NULL,CRTM datetime NOT NULL,CRTOR varchar(255) NOT NULL,mydescrib varchar(255) NOT NULL,vermd5 varchar(32) NOT NULL,PRIME int(11) NOT NULL,OLMK varchar(30) NOT NULL,PTOF varchar(30) NOT NULL,VRT varchar(255) NOT NULL,STATUS tinyint(4) NOT NULL,STCODE varchar(1024) NOT NULL,UPTM datetime NOT NULL,RIP varchar(255) NOT NULL,OPRT varchar(1024) NOT NULL,PRIMARY KEY (SNO),UNIQUE KEY plmk (grpmark) USING BTREE) ENGINE=MyISAM AUTO_INCREMENT=1 DEFAULT CHARSET=utf8;"},{"keymark":"issys","dxtype":"varchar","keytitle":"安装数据","kvalue":"0"},{"keymark":"keynames","dxtype":"varchar","keytitle":"全字段","kvalue":"grpmark,grptitle,grptype,askdescrib,totimg,prenum,imgtype,industry,width,height,colora,colorb,shapex,areatype,grppath,CRTM,CRTOR,mydescrib,vermd5,PRIME,OLMK,PTOF,VRT,STATUS,STCODE,UPTM,RIP,OPRT"},{"keymark":"keytpnms","dxtype":"varchar","keytitle":"字段类型","kvalue":"concat(↓↑↓,grpmark,↓↑,↑↓,grptitle,↓↑,↑↓,grptype,↓↑,↑↓,askdescrib,↓↑,↑↓,totimg,↓↑,↑↓,prenum,↓↑,↑↓,imgtype,↓↑,↑↓,industry,↓↑,↑↓,width,↓↑,↑↓,height,↓↑,↑↓,colora,↓↑,↑↓,colorb,↓↑,↑↓,shapex,↓↑,↑↓,areatype,↓↑,↑↓,grppath,↓↑,↑↓,CRTM,↓↑,↑↓,CRTOR,↓↑,↑↓,mydescrib,↓↑,↑↓,vermd5,↓↑,↑↓,PRIME,↓↑,↑↓,OLMK,↓↑,↑↓,PTOF,↓↑,↑↓,VRT,↓↑,↑↓,STATUS,↓↑,↑↓,STCODE,↓↑,↑↓,UPTM,↓↑,↑↓,RIP,↓↑,↑↓,OPRT,↓↑↓)"},{"keymark":"jsontpnms","dxtype":"varchar","keytitle":"json类型","kvalue":"concat(↓\"grpmark∵↓,grpmark,↓\",↓,↓\"grptitle∵↓,grptitle,↓\",↓,↓\"grptype∵↓,grptype,↓\",↓,↓\"askdescrib∵↓,askdescrib,↓\",↓,↓\"totimg∵↓,totimg,↓\",↓,↓\"prenum∵↓,prenum,↓\",↓,↓\"imgtype∵↓,imgtype,↓\",↓,↓\"industry∵↓,industry,↓\",↓,↓\"width∵↓,width,↓\",↓,↓\"height∵↓,height,↓\",↓,↓\"colora∵↓,colora,↓\",↓,↓\"colorb∵↓,colorb,↓\",↓,↓\"shapex∵↓,shapex,↓\",↓,↓\"areatype∵↓,areatype,↓\",↓,↓\"grppath∵↓,grppath,↓\",↓,↓\"CRTM∵↓,CRTM,↓\",↓,↓\"CRTOR∵↓,CRTOR,↓\",↓,↓\"mydescrib∵↓,mydescrib,↓\",↓,↓\"vermd5∵↓,vermd5,↓\",↓,↓\"PRIME∵↓,PRIME,↓\",↓,↓\"OLMK∵↓,OLMK,↓\",↓,↓\"PTOF∵↓,PTOF,↓\",↓,↓\"VRT∵↓,VRT,↓\",↓,↓\"STATUS∵↓,STATUS,↓\",↓,↓\"STCODE∵↓,STCODE,↓\",↓,↓\"UPTM∵↓,UPTM,↓\",↓,↓\"RIP∵↓,RIP,↓\",↓,↓\"OPRT∵↓,OPRT,↓\"↓)"},{"keymark":"srckey","dxtype":"select","keytitle":"资源字段","kvalue":""},{"keymark":"srcttk","dxtype":"select","keytitle":"资源标题","kvalue":""},{"keymark":"allkeys","dxtype":"varchar","keytitle":"全部","kvalue":"域类型,askdescrib,色系,辅色,创建时刻,创建者,表分组,组存储地址,分组标题,grptype,块高,图片类型,产业,我的描述,唯一标记,操作,prenum,素数定类,公司归属,远程IP,形状,编号,流程状态,流程脚本,组图数,更改时刻,vermd5,职位,块宽|areatype,askdescrib,colora,colorb,CRTM,CRTOR,grpmark,grppath,grptitle,grptype,height,imgtype,industry,mydescrib,OLMK,OPRT,prenum,PRIME,PTOF,RIP,shapex,SNO,STATUS,STCODE,totimg,UPTM,vermd5,VRT,width"},{"keymark":"contentkeys","dxtype":"varchar","keytitle":"内容字段","kvalue":"grpmark,grptitle,grptype,askdescrib,totimg,prenum,imgtype,industry,width,height,colora,colorb,shapex,areatype,grppath,mydescrib,vermd5"},{"keymark":"jsonconts","dxtype":"varchar","keytitle":"json内容","kvalue":"↓\"grpmark∵↓,grpmark,↓\",↓,↓\"grptitle∵↓,grptitle,↓\",↓,↓\"grptype∵↓,grptype,↓\",↓,↓\"askdescrib∵↓,askdescrib,↓\",↓,↓\"totimg∵↓,totimg,↓\",↓,↓\"prenum∵↓,prenum,↓\",↓,↓\"imgtype∵↓,imgtype,↓\",↓,↓\"industry∵↓,industry,↓\",↓,↓\"width∵↓,width,↓\",↓,↓\"height∵↓,height,↓\",↓,↓\"colora∵↓,colora,↓\",↓,↓\"colorb∵↓,colorb,↓\",↓,↓\"shapex∵↓,shapex,↓\",↓,↓\"areatype∵↓,areatype,↓\",↓,↓\"grppath∵↓,grppath,↓\",↓,↓\"mydescrib∵↓,mydescrib,↓\",↓,↓\"vermd5∵↓,vermd5,↓\",↓,↓\"tablename∵coode_imginstgrp\"↓"},{"keymark":"imghead","dxtype":"select","keytitle":"图像","kvalue":""},{"keymark":"beforeview","dxtype":"longtext","keytitle":"浏览前执行","kvalue":""},{"keymark":"tabtype","dxtype":"select","keytitle":"表格类型","kvalue":""},{"keymark":"vermd5","dxtype":"varchar","keytitle":"版本号","kvalue":"e74fccb7b2d5bf5d12d3ac026028d11f"},{"keymark":"tabnick","dxtype":"select","keytitle":"简介字段","kvalue":""},{"keymark":"copyrightmark","dxtype":"varchar","keytitle":"版权标记","kvalue":""},{"keymark":"grpmark","dxtype":"select","keytitle":"表分组","kvalue":""},{"keymark":"subsqx","dxtype":"select","keytitle":"辅序字段","kvalue":""},{"keymark":"olmkkey","dxtype":"select","keytitle":"唯一标记字段","kvalue":"OLMK"},{"keymark":"keylens","dxtype":"int","keytitle":"字段长度","kvalue":"28"},{"keymark":"areakey","dxtype":"select","keytitle":"领域字段","kvalue":""},{"keymark":"md5key","dxtype":"select","keytitle":"数据版本字段","kvalue":"VRT"},{"keymark":"rescode","dxtype":"varchar","keytitle":"本身资源值","kvalue":""},{"keymark":"worldmarks","dxtype":"varchar255","keytitle":"世界标记","kvalue":""},{"keymark":"restpcode","dxtype":"select","keytitle":"资源类型代码","kvalue":""},{"keymark":"resenword","dxtype":"varchar","keytitle":"资源英文单词","kvalue":""},{"keymark":"reschiword","dxtype":"varchar","keytitle":"资源中文单词","kvalue":""},{"keymark":"parreskey","dxtype":"select","keytitle":"父资源KEY","kvalue":""},{"keymark":"aitkey","dxtype":"select","keytitle":"人智标题","kvalue":""},{"keymark":"aivkey","dxtype":"select","keytitle":"人智值","kvalue":""}]}