{"status":"1","rtype":"tempx","rcode":"rbmbllogin.index","rtitle":"微信登录移动端","ver":"e57a6436fcb34a8c0a5b4f336d1f87f0","vls":[{"restype":"csspagex","rescode":"rbmobilelg","resmd5":"","restitle":"微信登录移动端的rbmobilelg","resurl":"http://hellowocao.com/systemres/1/csspagex/rbmobilelg/rbmobilelg_csspagex.zip"},{"restype":"tempx","rescode":"rbmbllogin.index","resmd5":"","restitle":"微信登录移动端","resurl":"http://hellowocao.com/localxres/tempx/rbmbllogin/rbmbllogin_tempx.zip"}]}