{"status":"1","rtype":"tabx","rcode":"coode_tabaccess","rtitle":"表格角色权限","ver":"169f363a6eea430c3a12b1adc45fabf5","crtsql":"CREATE TABLE coode_tabaccess (SNO int(11) NOT NULL AUTO_INCREMENT,accmark varchar(50) NOT NULL,acctitle varchar(100) NOT NULL,dbmark varchar(100) NOT NULL,dbtabnm varchar(100) NOT NULL,allkeys text NOT NULL,accesscdt varchar(255) NOT NULL,accessrole varchar(50) NOT NULL,viewkeys varchar(1024) NOT NULL,updatekeys varchar(1024) NOT NULL,itemkill tinyint(4) NOT NULL,CRTM datetime NOT NULL,CRTOR varchar(255) NOT NULL,OLMK varchar(255) NOT NULL,OPRT varchar(1024) NOT NULL,PRIME int(11) NOT NULL,PTOF varchar(255) NOT NULL,RIP varchar(255) NOT NULL,STATUS tinyint(4) NOT NULL,STCODE varchar(1024) NOT NULL,UPTM datetime NOT NULL,VRT varchar(255) NOT NULL,PRIMARY KEY (SNO),UNIQUE KEY olacc (accmark) USING BTREE) ENGINE=MyISAM AUTO_INCREMENT=1 DEFAULT CHARSET=utf8;","vls":[{"restype":"jsondata","rescode":"coode_tabaccess_basedata","resmd5":"bd5ee77ad2363a8a90a31fed73b31400","restitle":"表格角色权限","resurl":"http://hellowocao.com/localxres/datax/coode_tablist/data/2036.json"},{"restype":"jsondata","rescode":"CRTOR_extdata","resmd5":"c7b07bd6a9e2bc0fd31a46e0ff3301b1","restitle":"创建人","resurl":"http://hellowocao.com/localxres/datax/coode_keydetailx/data/19897.json"},{"restype":"jsondata","rescode":"OLMK_extdata","resmd5":"8cf318005dcab9f62fe746d8baed4c6d","restitle":"数据唯标","resurl":"http://hellowocao.com/localxres/datax/coode_keydetailx/data/19898.json"},{"restype":"jsondata","rescode":"OPRT_extdata","resmd5":"d5b54027ca7ef9aeba05501b91d2b544","restitle":"操作","resurl":"http://hellowocao.com/localxres/datax/coode_keydetailx/data/19899.json"},{"restype":"jsondata","rescode":"SNO_extdata","resmd5":"67c98875c5e765cd4af2d15b87990a99","restitle":"数据编号","resurl":"http://hellowocao.com/localxres/datax/coode_keydetailx/data/19905.json"},{"restype":"jsondata","rescode":"accmark_extdata","resmd5":"996b74c36b165902af511ea2c96d4bfd","restitle":"权限标记","resurl":"http://hellowocao.com/localxres/datax/coode_keydetailx/data/19906.json"},{"restype":"jsondata","rescode":"acctitle_extdata","resmd5":"98b9bb4e1d87004e4a60bc72d33b0477","restitle":"权限标题","resurl":"http://hellowocao.com/localxres/datax/coode_keydetailx/data/19907.json"},{"restype":"jsondata","rescode":"dbmark_extdata","resmd5":"fdfb392d967eb88edd9cb8bb87ffef97","restitle":"表格标记","resurl":"http://hellowocao.com/localxres/datax/coode_keydetailx/data/19908.json"},{"restype":"jsondata","rescode":"dbtabnm_extdata","resmd5":"3b71065b3c2fe4c7afb125fb218d2399","restitle":"数据表名字","resurl":"http://hellowocao.com/localxres/datax/coode_keydetailx/data/19909.json"},{"restype":"jsondata","rescode":"accesscdt_extdata","resmd5":"e9effe2be3f2466afbc32e638c7dcc0a","restitle":"访问条件","resurl":"http://hellowocao.com/localxres/datax/coode_keydetailx/data/19910.json"},{"restype":"jsondata","rescode":"accessrole_extdata","resmd5":"82997910a068a0c116a8b19ecff119be","restitle":"访问角色","resurl":"http://hellowocao.com/localxres/datax/coode_keydetailx/data/19911.json"},{"restype":"jsondata","rescode":"viewkeys_extdata","resmd5":"c7a1d11be2506b7bed0704d8658bb475","restitle":"查看字段","resurl":"http://hellowocao.com/localxres/datax/coode_keydetailx/data/19912.json"},{"restype":"jsondata","rescode":"updatekeys_extdata","resmd5":"9b404db0ef116401c527f8339438d4ea","restitle":"更改字段","resurl":"http://hellowocao.com/localxres/datax/coode_keydetailx/data/19913.json"},{"restype":"jsondata","rescode":"itemkill_extdata","resmd5":"1d8a1cd7c12a80cb4e4a0dfaf26774f6","restitle":"禁止删除","resurl":"http://hellowocao.com/localxres/datax/coode_keydetailx/data/19914.json"},{"restype":"jsondata","rescode":"CRTM_extdata","resmd5":"e5d0cc0891a6853ef69a0147efaa26d4","restitle":"创建时刻","resurl":"http://hellowocao.com/localxres/datax/coode_keydetailx/data/19915.json"},{"restype":"jsondata","rescode":"PTOF_extdata","resmd5":"4386cf7450abcc0956236c017cf4092d","restitle":"数据归属","resurl":"http://hellowocao.com/localxres/datax/coode_keydetailx/data/19935.json"},{"restype":"jsondata","rescode":"PRIME_extdata","resmd5":"1c207ac6ea5a8d5f9d7cee7d5076ea8a","restitle":"主要标识","resurl":"http://hellowocao.com/localxres/datax/coode_keydetailx/data/19936.json"},{"restype":"jsondata","rescode":"RIP_extdata","resmd5":"95d4e860cd2c20f41fc12e44a49315e5","restitle":"创建IP","resurl":"http://hellowocao.com/localxres/datax/coode_keydetailx/data/19938.json"},{"restype":"jsondata","rescode":"STATUS_extdata","resmd5":"177b8f3769d2d5d9100d203ba4d561ed","restitle":"数据状态","resurl":"http://hellowocao.com/localxres/datax/coode_keydetailx/data/19939.json"},{"restype":"jsondata","rescode":"STCODE_extdata","resmd5":"ce18f6f5ad9e6fbdff83008037041056","restitle":"流程进展","resurl":"http://hellowocao.com/localxres/datax/coode_keydetailx/data/19940.json"},{"restype":"jsondata","rescode":"UPTM_extdata","resmd5":"bdba4fe7c3376bc9f2c816d4763f997c","restitle":"更改时刻","resurl":"http://hellowocao.com/localxres/datax/coode_keydetailx/data/19941.json"},{"restype":"jsondata","rescode":"VRT_extdata","resmd5":"fefe1b2eb23ee5f6db4ce61a6bf6e922","restitle":"资源路径","resurl":"http://hellowocao.com/localxres/datax/coode_keydetailx/data/19942.json"},{"restype":"jsondata","rescode":"allkeys_extdata","resmd5":"41330860bb1750851e6154ccdee9ec22","restitle":"全部","resurl":"http://hellowocao.com/localxres/datax/coode_keydetailx/data/19943.json"}]}