{"status":"1","rtype":"formx","rcode":"9eMN94","rtitle":"系统资源引用","ver":"bb6f256edbb9a292cf1dd0ea2f2033f5","vls":[{"restype":"jsondata","rescode":"9eMN94_basedata","resmd5":"3635a846b6a6299291a211b15e23fef6","restitle":"系统资源引用","resurl":"http://hellowocao.com/localxres/datax/coode_shortdata/data/1250.json"},{"restype":"jsondata","rescode":"9eMN94_cssdata","resmd5":"6f8df1e0d282e93fafbc356830a3c340","restitle":"系统资源引用","resurl":"http://hellowocao.com/localxres/datax/coode_shortcss/data/.json"},{"restype":"jsondata","rescode":"plots_extdata","resmd5":"7f3191b148789ebd7ea4bd80fb760afb","restitle":"节点引用","resurl":"http://hellowocao.com/localxres/datax/coode_keydetaily/data/25470.json"},{"restype":"jsondata","rescode":"tempstt_extdata","resmd5":"6de36120e58fc5db54a4694c97bce099","restitle":"模板状态","resurl":"http://hellowocao.com/localxres/datax/coode_keydetaily/data/25469.json"},{"restype":"jsondata","rescode":"plotver_extdata","resmd5":"1bbf695c4eb2231ab39282888a7b5571","restitle":"节点版本","resurl":"http://hellowocao.com/localxres/datax/coode_keydetaily/data/25468.json"},{"restype":"jsondata","rescode":"plotstt_extdata","resmd5":"da381dc9e556a02db9917c1f0ad8332e","restitle":"节点状态","resurl":"http://hellowocao.com/localxres/datax/coode_keydetaily/data/25467.json"},{"restype":"jsondata","rescode":"constvals_extdata","resmd5":"21d3b314cadfb6d90a7c532704195c2e","restitle":"变量常量引用","resurl":"http://hellowocao.com/localxres/datax/coode_keydetaily/data/25466.json"},{"restype":"jsondata","rescode":"visitver_extdata","resmd5":"3be788dfcb8975492985e0359fe5fc53","restitle":"访问版本","resurl":"http://hellowocao.com/localxres/datax/coode_keydetaily/data/25462.json"},{"restype":"jsondata","rescode":"conststt_extdata","resmd5":"fea1b639859ea4be33d0ee807455fc50","restitle":"变量常量动态","resurl":"http://hellowocao.com/localxres/datax/coode_keydetaily/data/25463.json"},{"restype":"jsondata","rescode":"visits_extdata","resmd5":"31422e0332f576410e7ce36056e921e3","restitle":"访问引用","resurl":"http://hellowocao.com/localxres/datax/coode_keydetaily/data/25464.json"},{"restype":"jsondata","rescode":"visitstt_extdata","resmd5":"a176d8f542d232a8edcaf6a47e35bcbf","restitle":"访问状态","resurl":"http://hellowocao.com/localxres/datax/coode_keydetaily/data/25461.json"},{"restype":"jsondata","rescode":"constvalver_extdata","resmd5":"d16a877da2e4ae1098a664d3fc8797bf","restitle":"变量常量版本","resurl":"http://hellowocao.com/localxres/datax/coode_keydetaily/data/25465.json"},{"restype":"jsondata","rescode":"tabs_extdata","resmd5":"1ac59ca689d1b5bba72e1da0b85a1358","restitle":"表格引用","resurl":"http://hellowocao.com/localxres/datax/coode_keydetaily/data/25487.json"},{"restype":"jsondata","rescode":"systitle_extdata","resmd5":"fe8a13b1e4039c21a47fdf6cfd0d515d","restitle":"系统标题","resurl":"http://hellowocao.com/localxres/datax/coode_keydetaily/data/25485.json"},{"restype":"jsondata","rescode":"sysver_extdata","resmd5":"ad13d1f61a91b5249d4d883a97369418","restitle":"系统版本","resurl":"http://hellowocao.com/localxres/datax/coode_keydetaily/data/25486.json"},{"restype":"jsondata","rescode":"tabver_extdata","resmd5":"e2028b741a0293644362302f51efd028","restitle":"表格版本","resurl":"http://hellowocao.com/localxres/datax/coode_keydetaily/data/25482.json"},{"restype":"jsondata","rescode":"SNO_extdata","resmd5":"01db5b480cfe8f402298879f1de819df","restitle":"编号","resurl":"http://hellowocao.com/localxres/datax/coode_keydetaily/data/25483.json"},{"restype":"jsondata","rescode":"funs_extdata","resmd5":"dbde418d2e712af776b22e9a6b9c3cc7","restitle":"函数引用","resurl":"http://hellowocao.com/localxres/datax/coode_keydetaily/data/25481.json"},{"restype":"jsondata","rescode":"roles_extdata","resmd5":"7bc78f2ee0f99a5bef99a64c05dd712b","restitle":"角色引用","resurl":"http://hellowocao.com/localxres/datax/coode_keydetaily/data/25476.json"},{"restype":"jsondata","rescode":"rolever_extdata","resmd5":"ea9b5274dc8098566f2feaa3eac6c4b8","restitle":"角色版本","resurl":"http://hellowocao.com/localxres/datax/coode_keydetaily/data/25477.json"},{"restype":"jsondata","rescode":"temps_extdata","resmd5":"95ad7bce494efa9d87cdcb365d7da10e","restitle":"模板引用","resurl":"http://hellowocao.com/localxres/datax/coode_keydetaily/data/25478.json"},{"restype":"jsondata","rescode":"funver_extdata","resmd5":"f29a3c3af512896cfca12358894cbecb","restitle":"函数版本","resurl":"http://hellowocao.com/localxres/datax/coode_keydetaily/data/25479.json"},{"restype":"jsondata","rescode":"sysid_extdata","resmd5":"6f69d9547d834e324fec614eaffac756","restitle":"系统ID","resurl":"http://hellowocao.com/localxres/datax/coode_keydetaily/data/25484.json"},{"restype":"jsondata","rescode":"tabstt_extdata","resmd5":"d79b8bacc4a7b79a3f0c6683f2a7d7c9","restitle":"表格状态","resurl":"http://hellowocao.com/localxres/datax/coode_keydetaily/data/25480.json"},{"restype":"jsondata","rescode":"clss_extdata","resmd5":"140e7e730f33b67ef14b71cccb2b9080","restitle":"类引用","resurl":"http://hellowocao.com/localxres/datax/coode_keydetaily/data/25473.json"},{"restype":"jsondata","rescode":"clsver_extdata","resmd5":"d15e74780db70d084a8ee805f9576e4d","restitle":"类版本","resurl":"http://hellowocao.com/localxres/datax/coode_keydetaily/data/25474.json"},{"restype":"jsondata","rescode":"clsstt_extdata","resmd5":"4139cfbc7425c22dd522e34a4ddc4dbd","restitle":"类状态","resurl":"http://hellowocao.com/localxres/datax/coode_keydetaily/data/25475.json"},{"restype":"jsondata","rescode":"tempver_extdata","resmd5":"ab0777ce7224df9ea5b997295ee3bcfd","restitle":"模板版本","resurl":"http://hellowocao.com/localxres/datax/coode_keydetaily/data/25471.json"},{"restype":"jsondata","rescode":"funstt_extdata","resmd5":"41f7af11d7a2187ec292fb13dc578659","restitle":"函数状态","resurl":"http://hellowocao.com/localxres/datax/coode_keydetaily/data/25472.json"}]}