{"status":"1","rtype":"tabx","rcode":"coode_makedujsfile","rtitle":"制作JS文件","ver":"5a2d61754833b1aa7bc83b5590fce622","crtsql":"CREATE TABLE coode_makedujsfile (SNO int(11) NOT NULL AUTO_INCREMENT,domainmark varchar(50) NOT NULL,unitmark varchar(50) NOT NULL,dumark varchar(100) NOT NULL,evaltype varchar(50) NOT NULL,evalcode text NOT NULL,vermd5 varchar(50) NOT NULL,CRTM datetime NOT NULL,CRTOR varchar(255) NOT NULL,OLMK varchar(255) NOT NULL,OPRT varchar(1024) NOT NULL,PRIME int(11) NOT NULL,PTOF varchar(255) NOT NULL,RIP varchar(255) NOT NULL,STATUS tinyint(4) NOT NULL,STCODE varchar(1024) NOT NULL,UPTM datetime NOT NULL,VRT varchar(255) NOT NULL,PRIMARY KEY (SNO)) ENGINE=MyISAM AUTO_INCREMENT=1 DEFAULT CHARSET=utf8;","vls":[{"restype":"jsondata","rescode":"coode_makedujsfile_basedata","resmd5":"1affe72c470ada6be586fda6c9ea76fd","restitle":"制作JS文件","resurl":"http://hellowocao.com/localxres/datax/coode_tablist/data/1383.json"},{"restype":"jsondata","rescode":"OPRT_extdata","resmd5":"fb0eeb9220e9f66da2b58eb86896ac09","restitle":"操作","resurl":"http://hellowocao.com/localxres/datax/coode_keydetailx/data/7109.json"},{"restype":"jsondata","rescode":"CRTOR_extdata","resmd5":"861ddbbf73055fa60f317e4258b5bea9","restitle":"创建者","resurl":"http://hellowocao.com/localxres/datax/coode_keydetailx/data/7110.json"},{"restype":"jsondata","rescode":"CRTM_extdata","resmd5":"7e66d015f89856f902c8fa6ee4b9ea4b","restitle":"创建时刻","resurl":"http://hellowocao.com/localxres/datax/coode_keydetailx/data/7111.json"},{"restype":"jsondata","rescode":"vermd5_extdata","resmd5":"8f9ddce23b8606cd0a5c5f1966df5bc8","restitle":"版本号","resurl":"http://hellowocao.com/localxres/datax/coode_keydetailx/data/7112.json"},{"restype":"jsondata","rescode":"evaltype_extdata","resmd5":"5a6425f9bdbcef418adf9b7597f7d656","restitle":"执行类型","resurl":"http://hellowocao.com/localxres/datax/coode_keydetailx/data/7113.json"},{"restype":"jsondata","rescode":"evalcode_extdata","resmd5":"c186ed6db973f30a0585876ab6e99001","restitle":"执行脚本","resurl":"http://hellowocao.com/localxres/datax/coode_keydetailx/data/7114.json"},{"restype":"jsondata","rescode":"dumark_extdata","resmd5":"34306bf2fcf25461f91249af465715f8","restitle":"模板标记","resurl":"http://hellowocao.com/localxres/datax/coode_keydetailx/data/7115.json"},{"restype":"jsondata","rescode":"unitmark_extdata","resmd5":"6c46017fab37fc26beced00a2ae0af5f","restitle":"样式标记","resurl":"http://hellowocao.com/localxres/datax/coode_keydetailx/data/7116.json"},{"restype":"jsondata","rescode":"domainmark_extdata","resmd5":"e3d81b92dc63ad645cd0daa34d29d75f","restitle":"区块标记","resurl":"http://hellowocao.com/localxres/datax/coode_keydetailx/data/7117.json"},{"restype":"jsondata","rescode":"SNO_extdata","resmd5":"a757d58b26eb3bfa33ae059c3b761067","restitle":"编号","resurl":"http://hellowocao.com/localxres/datax/coode_keydetailx/data/7118.json"},{"restype":"jsondata","rescode":"OLMK_extdata","resmd5":"1c02ab423a0b3d7ca3b3f60786379a07","restitle":"唯一标记","resurl":"http://hellowocao.com/localxres/datax/coode_keydetailx/data/13149.json"},{"restype":"jsondata","rescode":"PRIME_extdata","resmd5":"e9dd7456f40cf9ae3afc2e427b65a68a","restitle":"素数定类","resurl":"http://hellowocao.com/localxres/datax/coode_keydetailx/data/13150.json"},{"restype":"jsondata","rescode":"PTOF_extdata","resmd5":"1ec482429174e0782152269c4e3b02ac","restitle":"公司归属","resurl":"http://hellowocao.com/localxres/datax/coode_keydetailx/data/13151.json"},{"restype":"jsondata","rescode":"RIP_extdata","resmd5":"42aff32dd248b2386f073c0652943e34","restitle":"远程IP","resurl":"http://hellowocao.com/localxres/datax/coode_keydetailx/data/13152.json"},{"restype":"jsondata","rescode":"STATUS_extdata","resmd5":"7463801099b11cda84a79ec0a6691c49","restitle":"流程状态","resurl":"http://hellowocao.com/localxres/datax/coode_keydetailx/data/13153.json"},{"restype":"jsondata","rescode":"STCODE_extdata","resmd5":"20d3cb837e7748a4535dd225c8965272","restitle":"流程脚本","resurl":"http://hellowocao.com/localxres/datax/coode_keydetailx/data/13154.json"},{"restype":"jsondata","rescode":"UPTM_extdata","resmd5":"e5920b2c4febc02ead44230b041afc40","restitle":"更改时刻","resurl":"http://hellowocao.com/localxres/datax/coode_keydetailx/data/13155.json"},{"restype":"jsondata","rescode":"VRT_extdata","resmd5":"339c89482c85d09bf675bc43e871fd84","restitle":"职位","resurl":"http://hellowocao.com/localxres/datax/coode_keydetailx/data/13156.json"}]}