{"status":"1","rtype":"formx","rcode":"q9VjTb","rtitle":"系统库","ver":"36aee67084f86efca8d77d3a7ca59a3c","vls":[{"restype":"jsondata","rescode":"q9VjTb_basedata","resmd5":"7b75ea959fd2551e7a74921ce1d7f289","restitle":"系统库","resurl":"http://hellowocao.com/localxres/datax/coode_shortdata/data/1486.json"},{"restype":"jsondata","rescode":"q9VjTb_cssdata","resmd5":"3bfe0443cbe019035d13aa1d611b0c1d","restitle":"系统库","resurl":"http://hellowocao.com/localxres/datax/coode_shortcss/data/.json"}]}