{"status":"1","rtype":"formx","rcode":"F4HyWK","rtitle":"图片组需求分组","ver":"3f4559cbf3bac1eefbd1482babedd81c","vls":[{"restype":"jsondata","rescode":"F4HyWK_basedata","resmd5":"7356592725905b7765f89ac03d7cdf3e","restitle":"图片组需求分组","resurl":"http://hellowocao.com/localxres/datax/coode_shortdata/data/1491.json"},{"restype":"jsondata","rescode":"F4HyWK_cssdata","resmd5":"807a5a3c84003a00f775058c17c35086","restitle":"图片组需求分组","resurl":"http://hellowocao.com/localxres/datax/coode_shortcss/data/.json"}]}