{"status":"1","rtype":"formx","rcode":"oUfkiY","rtitle":"我上传的图片包","ver":"2d29aca23dfae9c100bf12afc4405b33","vls":[{"restype":"jsondata","rescode":"oUfkiY_basedata","resmd5":"45f824edf37578620e16b0691b994936","restitle":"我上传的图片包","resurl":"http://hellowocao.com/localxres/datax/coode_shortdata/data/1287.json"},{"restype":"jsondata","rescode":"oUfkiY_cssdata","resmd5":"42c50ee1da274280ea9c61ccc494d9fc","restitle":"我上传的图片包","resurl":"http://hellowocao.com/localxres/datax/coode_shortcss/data/.json"},{"restype":"jsondata","rescode":"SNO_extdata","resmd5":"de1430ab961b4355c2cc584d77e389ce","restitle":"编号","resurl":"http://hellowocao.com/localxres/datax/coode_keydetaily/data/26692.json"},{"restype":"jsondata","rescode":"upmark_extdata","resmd5":"b305872eb496e189f94f7db9f626208b","restitle":"更改标记","resurl":"http://hellowocao.com/localxres/datax/coode_keydetaily/data/26693.json"},{"restype":"jsondata","rescode":"uptype_extdata","resmd5":"3752373ee124815cee70213e3412e508","restitle":"上传类型","resurl":"http://hellowocao.com/localxres/datax/coode_keydetaily/data/26694.json"},{"restype":"jsondata","rescode":"upnum_extdata","resmd5":"e7747ff93dd04bac9510301f973d8abf","restitle":"提交数量","resurl":"http://hellowocao.com/localxres/datax/coode_keydetaily/data/26695.json"},{"restype":"jsondata","rescode":"filename_extdata","resmd5":"e487a0cc4d88a5c14bb52e191dc9a10e","restitle":"文件名","resurl":"http://hellowocao.com/localxres/datax/coode_keydetaily/data/26696.json"},{"restype":"jsondata","rescode":"cloudurl_extdata","resmd5":"9ad2f164341ecb1073247ae291e6a4be","restitle":"云地址","resurl":"http://hellowocao.com/localxres/datax/coode_keydetaily/data/26700.json"},{"restype":"jsondata","rescode":"localurl_extdata","resmd5":"b61983c9f97ca8e710d9ea8f23763827","restitle":"本地地址","resurl":"http://hellowocao.com/localxres/datax/coode_keydetaily/data/26698.json"},{"restype":"jsondata","rescode":"uptitle_extdata","resmd5":"0304b2415b0ae01346b951fba462fbd3","restitle":"上传标题","resurl":"http://hellowocao.com/localxres/datax/coode_keydetaily/data/26699.json"},{"restype":"jsondata","rescode":"OLMK_extdata","resmd5":"80cc97187da7b68adf1203dce16138fa","restitle":"唯一标记","resurl":"http://hellowocao.com/localxres/datax/coode_keydetaily/data/26701.json"}]}