{"status":"1","rtype":"formx","rcode":"k9ui2U","rtitle":"表格本公司角色权限","ver":"8a4b03bb70f7e450f27724f8bd5c9aef","vls":[{"restype":"jsondata","rescode":"k9ui2U_basedata","resmd5":"66bdd8530329e867d73c3e4ce319d318","restitle":"表格本公司角色权限","resurl":"http://hellowocao.com/localxres/datax/coode_shortdata/data/2784.json"},{"restype":"jsondata","rescode":"k9ui2U_cssdata","resmd5":"8f91e237970a8eb3d8e7bdc74e90203b","restitle":"表格本公司角色权限","resurl":"http://hellowocao.com/localxres/datax/coode_shortcss/data/.json"}]}