{"status":"1","tabnm":"coode_funlist","tabtitle":"函数列表","34402":"34402","crtsql":"CREATE TABLE coode_funlist (SNO int(11) NOT NULL AUTO_INCREMENT,sysid varchar(100) NOT NULL,appid varchar(100) NOT NULL,vers varchar(32) NOT NULL,vermd5 varchar(32) NOT NULL,usearea varchar(1024) NOT NULL,funname varchar(50) NOT NULL,funcname varchar(50) NOT NULL,industry varchar(50) NOT NULL,business varchar(50) NOT NULL,matter varchar(50) NOT NULL,imhead varchar(1024) NOT NULL,funtype varchar(50) NOT NULL,funcls varchar(100) NOT NULL,funkey varchar(100) NOT NULL,fkeys int(11) NOT NULL,qrytest varchar(1024) NOT NULL,formtest text NOT NULL,parallelto varchar(255) NOT NULL,CRTM datetime NOT NULL,UPTM datetime NOT NULL,funbody text NOT NULL,afffuns varchar(1024) NOT NULL,affclss varchar(1024) NOT NULL,afftabs varchar(1024) NOT NULL,funfull longtext NOT NULL,oldfull longtext NOT NULL,lastfull longtext NOT NULL,filelcpath varchar(100) NOT NULL,isdb tinyint(4) NOT NULL,isfile tinyint(4) NOT NULL,lang varchar(30) NOT NULL,istemp tinyint(4) NOT NULL,issys tinyint(4) NOT NULL,isiden tinyint(4) NOT NULL,ispmiss tinyint(4) NOT NULL,syn tinyint(4) NOT NULL,fileurl varchar(100) NOT NULL,copyrightmark varchar(20) NOT NULL,relycore varchar(255) NOT NULL,linex int(11) NOT NULL,allcharas int(11) NOT NULL,OLMK varchar(30) NOT NULL,VRT varchar(100) NOT NULL,CRTOR varchar(30) NOT NULL,PTOF varchar(30) NOT NULL,STATUS tinyint(4) NOT NULL,STCODE varchar(1024) NOT NULL,PRIME int(11) NOT NULL,RIP varchar(255) NOT NULL,OPRT varchar(1024) NOT NULL,PRIMARY KEY (SNO),UNIQUE KEY sfnm (funname) USING BTREE) ENGINE=MyISAM AUTO_INCREMENT=1 DEFAULT CHARSET=utf8;","allkeys":"affclss,请afffuns, afftabs,所有特征数,应用id,行业,版权标记,创建时刻,创建人,本地地址,远程地址,参数数量,测试填表单,使用介绍,隶属资源,函数别名,函数内容,函数测试,函数名,函数类型,函数头像,产业,是否数据,是否文件,isiden_table,设置权限,是否系统,tablename_istemp,语言, lastfull, linex,业务,老脚本,唯一标记,操作,平行分裂,更改状态,数据归属,测试参数,依赖核心,远程IP,编号,版本查看,资源获取,异步,系统ID,更新时刻,使用地点,版本号,版本,同步数据|affclss,afffuns,afftabs,allcharas,appid,business,copyrightmark,CRTM,CRTOR,filelcpath,fileurl,fkeys,formtest,funbody,funcls,funcname,funfull,funkey,funname,funtype,imhead,industry,isdb,isfile,isiden,ispmiss,issys,istemp,lang,lastfull,linex,matter,oldfull,OLMK,OPRT,parallelto,PRIME,PTOF,qrytest,relycore,RIP,SNO,STATUS,STCODE,syn,sysid,UPTM,usearea,vermd5,vers,VRT","parreskey":"","mainsqx":"SNO","srckey":"","srcttk":"","rtype":"funx","parcode":"","rcode":"","rtitle":"","ver":"20240121215536","vls":[{"keymark":"funname","dxtype":"varchar","keytitle":"函数名","kvalue":"sessionclear"},{"keymark":"funcname","dxtype":"varchar","keytitle":"函数别名","kvalue":"清空session"},{"keymark":"funkey","dxtype":"varchar","keytitle":"函数测试","kvalue":""},{"keymark":"fkeys","dxtype":"varchar","keytitle":"参数数量","kvalue":"0"},{"keymark":"funbody","dxtype":"tarea","keytitle":"使用介绍","kvalue":""},{"keymark":"funfull","dxtype":"longtext","keytitle":"函数内容","kvalue":"dTYPE_HEX:73657373696f6e5f64657374726f7928293b"},{"keymark":"filelcpath","dxtype":"varchar","keytitle":"本地地址","kvalue":""},{"keymark":"isdb","dxtype":"clstxt","keytitle":"是否数据","kvalue":"0"},{"keymark":"lang","dxtype":"select","keytitle":"语言","kvalue":""},{"keymark":"issys","dxtype":"clstxt","keytitle":"是否系统","kvalue":"0"},{"keymark":"fileurl","dxtype":"varchar","keytitle":"远程地址","kvalue":""},{"keymark":"isiden","dxtype":"tinyint","keytitle":"isiden_table","kvalue":"0"},{"keymark":"CRTM","dxtype":"datetime","keytitle":"创建时刻","kvalue":"2020-05-29 11:12:36"},{"keymark":"UPTM","dxtype":"datetime","keytitle":"更新时刻","kvalue":"2020-05-29 11:56:30"},{"keymark":"OLMK","dxtype":"varchar","keytitle":"唯一标记","kvalue":"15b793b15f2c0ea55fa45d1c88dc60"},{"keymark":"VRT","dxtype":"varchar","keytitle":"同步数据","kvalue":""},{"keymark":"CRTOR","dxtype":"varchar","keytitle":"创建人","kvalue":"18841880246"},{"keymark":"PTOF","dxtype":"varchar255","keytitle":"数据归属","kvalue":""},{"keymark":"ispmiss","dxtype":"varchar","keytitle":"设置权限","kvalue":"0"},{"keymark":"industry","dxtype":"varchar","keytitle":"产业","kvalue":""},{"keymark":"business","dxtype":"varchar","keytitle":"行业","kvalue":""},{"keymark":"matter","dxtype":"varchar","keytitle":"业务","kvalue":""},{"keymark":"imhead","dxtype":"varchar","keytitle":"函数头像","kvalue":""},{"keymark":"STATUS","dxtype":"tinyint","keytitle":"版本查看","kvalue":"1"},{"keymark":"STCODE","dxtype":"varchar","keytitle":"资源获取","kvalue":""},{"keymark":"PRIME","dxtype":"int","keytitle":"更改状态","kvalue":"0"},{"keymark":"RIP","dxtype":"varchar","keytitle":"远程IP","kvalue":""},{"keymark":"qrytest","dxtype":"varchar","keytitle":"测试参数","kvalue":""},{"keymark":"formtest","dxtype":"tarea","keytitle":"测试填表单","kvalue":""},{"keymark":"funcls","dxtype":"varchar","keytitle":"隶属资源","kvalue":"public"},{"keymark":"OPRT","dxtype":"chtml","keytitle":"操作","kvalue":""},{"keymark":"sysid","dxtype":"select","keytitle":"系统ID","kvalue":"public"},{"keymark":"appid","dxtype":"clstxt","keytitle":"应用id","kvalue":""},{"keymark":"usearea","dxtype":"varchar","keytitle":"使用地点","kvalue":""},{"keymark":"vers","dxtype":"varchar","keytitle":"版本","kvalue":""},{"keymark":"vermd5","dxtype":"varchar","keytitle":"版本号","kvalue":"6dfd2bd5abbd23ca0cfb93f6fd3eab75"},{"keymark":"oldfull","dxtype":"longtext","keytitle":"老脚本","kvalue":"dTYPE_HEX:73657373696f6e5f64657374726f7928293b"},{"keymark":"isfile","dxtype":"tinyint","keytitle":"是否文件","kvalue":"0"},{"keymark":"lastfull","dxtype":"longtext","keytitle":" lastfull","kvalue":""},{"keymark":"afffuns","dxtype":"varchar","keytitle":"请afffuns","kvalue":""},{"keymark":"afftabs","dxtype":"varchar","keytitle":" afftabs","kvalue":""},{"keymark":"affclss","dxtype":"varchar","keytitle":"","kvalue":""},{"keymark":"istemp","dxtype":"tinyint","keytitle":"tablename_istemp","kvalue":"0"},{"keymark":"relycore","dxtype":"varchar","keytitle":"依赖核心","kvalue":""},{"keymark":"copyrightmark","dxtype":"varchar","keytitle":"版权标记","kvalue":""},{"keymark":"parallelto","dxtype":"select","keytitle":"平行分裂","kvalue":""},{"keymark":"syn","dxtype":"tinyint","keytitle":"异步","kvalue":"0"},{"keymark":"funtype","dxtype":"select","keytitle":"函数类型","kvalue":""},{"keymark":"allcharas","dxtype":"int","keytitle":"所有特征数","kvalue":"0"},{"keymark":"linex","dxtype":"int","keytitle":" linex","kvalue":"0"}]}