{"status":"1","rtype":"tabx","rcode":"coode_para","rtitle":"coode_para","ver":"219975aa41a934a13a0c9ba4341fc172","crtsql":"CREATE TABLE coode_para (SNO int(11) NOT NULL AUTO_INCREMENT,sysid varchar(50) NOT NULL,vermd5 varchar(32) NOT NULL,paramark varchar(100) NOT NULL,paratitle varchar(1024) NOT NULL,paradescrib varchar(1024) NOT NULL,parapath varchar(1024) NOT NULL,paravender varchar(1024) NOT NULL,parawebsite varchar(1024) NOT NULL,paraversion varchar(100) NOT NULL,CRTM datetime NOT NULL,CRTOR varchar(255) NOT NULL,OLMK varchar(255) NOT NULL,OPRT varchar(1024) NOT NULL,PRIME int(11) NOT NULL,PTOF varchar(255) NOT NULL,RIP varchar(255) NOT NULL,STATUS tinyint(4) NOT NULL,STCODE varchar(1024) NOT NULL,UPTM datetime NOT NULL,VRT varchar(255) NOT NULL,PRIMARY KEY (SNO)) ENGINE=MyISAM AUTO_INCREMENT=1 DEFAULT CHARSET=utf8;","vls":[{"restype":"jsondata","rescode":"coode_para_basedata","resmd5":"9f34bfe745f8e981074a738b9e06bd51","restitle":"coode_para","resurl":"http://hellowocao.com/localxres/datax/coode_tablist/data/2303.json"},{"restype":"jsondata","rescode":"paravender_extdata","resmd5":"df9bd9d9dd730eb870bab910fa0c10d5","restitle":"框架厂家","resurl":"http://hellowocao.com/localxres/datax/coode_keydetailx/data/5412.json"},{"restype":"jsondata","rescode":"parawebsite_extdata","resmd5":"e6993a82b9b6adc73b9bfc617fef9b64","restitle":"框架官网","resurl":"http://hellowocao.com/localxres/datax/coode_keydetailx/data/5413.json"},{"restype":"jsondata","rescode":"paraversion_extdata","resmd5":"ff5bf35f5782d2fc7ef9b38f314540a0","restitle":"框架版本","resurl":"http://hellowocao.com/localxres/datax/coode_keydetailx/data/5414.json"},{"restype":"jsondata","rescode":"STCODE_extdata","resmd5":"e50731d41a5670ad50a8f9f60cde56b3","restitle":"流程脚本","resurl":"http://hellowocao.com/localxres/datax/coode_keydetailx/data/5416.json"},{"restype":"jsondata","rescode":"UPTM_extdata","resmd5":"33d3592077b664499d3b0c81913f3e65","restitle":"更改时刻","resurl":"http://hellowocao.com/localxres/datax/coode_keydetailx/data/5417.json"},{"restype":"jsondata","rescode":"VRT_extdata","resmd5":"b0758220403c287ccd60deeefccd0af3","restitle":"职位","resurl":"http://hellowocao.com/localxres/datax/coode_keydetailx/data/5418.json"},{"restype":"jsondata","rescode":"PRIME_extdata","resmd5":"4feea3f4af6e2403eafba0746eecd045","restitle":"是否升级","resurl":"http://hellowocao.com/localxres/datax/coode_keydetailx/data/5419.json"},{"restype":"jsondata","rescode":"PTOF_extdata","resmd5":"3f81a7fc5c0b6c07692cacff103cad8b","restitle":"公司归属","resurl":"http://hellowocao.com/localxres/datax/coode_keydetailx/data/5420.json"},{"restype":"jsondata","rescode":"RIP_extdata","resmd5":"6aaacadaa8028d56f8e740bf21fd1367","restitle":"远程IP","resurl":"http://hellowocao.com/localxres/datax/coode_keydetailx/data/5421.json"},{"restype":"jsondata","rescode":"STATUS_extdata","resmd5":"1d4baef6487f4e1e6a04c4436b88d84a","restitle":"流程状态","resurl":"http://hellowocao.com/localxres/datax/coode_keydetailx/data/5422.json"},{"restype":"jsondata","rescode":"OLMK_extdata","resmd5":"7947ac3216db7bbf291b3e28a9424178","restitle":"唯一标记","resurl":"http://hellowocao.com/localxres/datax/coode_keydetailx/data/5423.json"},{"restype":"jsondata","rescode":"paramark_extdata","resmd5":"a83dcdc202416c319aa3a37db5a3ce42","restitle":"框架标记","resurl":"http://hellowocao.com/localxres/datax/coode_keydetailx/data/5424.json"},{"restype":"jsondata","rescode":"paratitle_extdata","resmd5":"c24456c583e7af60e742d2be1c401b22","restitle":"框架标题","resurl":"http://hellowocao.com/localxres/datax/coode_keydetailx/data/5425.json"},{"restype":"jsondata","rescode":"paradescrib_extdata","resmd5":"1c71fd65cced1fbd5cfe4d535b690608","restitle":"框架描述","resurl":"http://hellowocao.com/localxres/datax/coode_keydetailx/data/5426.json"},{"restype":"jsondata","rescode":"parapath_extdata","resmd5":"281d37d1782ccb482fcb55e52e6ee2d3","restitle":"框架地址","resurl":"http://hellowocao.com/localxres/datax/coode_keydetailx/data/5427.json"},{"restype":"jsondata","rescode":"CRTM_extdata","resmd5":"c47efc6e2185fe29dd16cfbebc85bade","restitle":"创建时刻","resurl":"http://hellowocao.com/localxres/datax/coode_keydetailx/data/5428.json"},{"restype":"jsondata","rescode":"CRTOR_extdata","resmd5":"39ac8778f21d6cbdb92f6cc7f36be588","restitle":"创建者","resurl":"http://hellowocao.com/localxres/datax/coode_keydetailx/data/5429.json"},{"restype":"jsondata","rescode":"OPRT_extdata","resmd5":"8a923382890f8396c66449287f135b6e","restitle":"操作","resurl":"http://hellowocao.com/localxres/datax/coode_keydetailx/data/5430.json"},{"restype":"jsondata","rescode":"SNO_extdata","resmd5":"b659101c5951a3729d1be466f5165c9c","restitle":"编号","resurl":"http://hellowocao.com/localxres/datax/coode_keydetailx/data/5432.json"},{"restype":"jsondata","rescode":"sysid_extdata","resmd5":"cdd48d087f31f828f095d3d3db7bcbf6","restitle":"系统ID","resurl":"http://hellowocao.com/localxres/datax/coode_keydetailx/data/28381.json"},{"restype":"jsondata","rescode":"vermd5_extdata","resmd5":"27bce5da50924d0f6752d6bcffe4ec2b","restitle":"版本号","resurl":"http://hellowocao.com/localxres/datax/coode_keydetailx/data/28382.json"}]}