{"status":"1","rtype":"tabx","rcode":"coode_wrdregres","rtitle":"coode_wrdregres","ver":"efad012fdca28fc069d2d401defcae7f","crtsql":"CREATE TABLE coode_wrdregres (SNO int(11) NOT NULL AUTO_INCREMENT,grpid varchar(100) NOT NULL,subid varchar(100) NOT NULL,belongtype varchar(50) NOT NULL,restype varchar(50) NOT NULL,resmark varchar(50) NOT NULL,restitle varchar(255) NOT NULL,headpic varchar(1024) NOT NULL,midpic varchar(1024) NOT NULL,CRTM datetime NOT NULL,UPTM datetime NOT NULL,issys tinyint(4) NOT NULL,txturl varchar(1024) NOT NULL,funtxt longtext NOT NULL,funbody longtext NOT NULL,vermd5 varchar(32) NOT NULL,mtmd5 varchar(32) NOT NULL,mtdate datetime NOT NULL,copyrightmark varchar(20) NOT NULL,relycore varchar(255) NOT NULL,OLMK varchar(50) NOT NULL,VRT varchar(100) NOT NULL,CRTOR varchar(30) NOT NULL,PTOF varchar(30) NOT NULL,STATUS tinyint(4) NOT NULL,STCODE varchar(1024) NOT NULL,PRIME int(11) NOT NULL,RIP varchar(255) NOT NULL,OPRT varchar(1024) NOT NULL,PRIMARY KEY (SNO),UNIQUE KEY sfnm (resmark,restype,grpid) USING BTREE) ENGINE=MyISAM AUTO_INCREMENT=1 DEFAULT CHARSET=utf8;","vls":[{"restype":"jsondata","rescode":"coode_wrdregres_basedata","resmd5":"31d4ee34c568c69a225547a9c8e6044d","restitle":"coode_wrdregres","resurl":"http://hellowocao.com/localxres/datax/coode_tablist/data/2398.json"},{"restype":"jsondata","rescode":"OPRT_extdata","resmd5":"03404fa35acba80284cd86ce2979f6fc","restitle":"操作","resurl":"http://hellowocao.com/localxres/datax/coode_keydetailx/data/30214.json"},{"restype":"jsondata","rescode":"RIP_extdata","resmd5":"b2049d6e9758d72595ab6d665eed4ec7","restitle":"远程IP","resurl":"http://hellowocao.com/localxres/datax/coode_keydetailx/data/30213.json"},{"restype":"jsondata","rescode":"PRIME_extdata","resmd5":"bba68c3da7e58be7154c9be41749c052","restitle":"素数定类","resurl":"http://hellowocao.com/localxres/datax/coode_keydetailx/data/30212.json"},{"restype":"jsondata","rescode":"STCODE_extdata","resmd5":"70f501e1072efc62746e882571e3840d","restitle":"流程脚本","resurl":"http://hellowocao.com/localxres/datax/coode_keydetailx/data/30211.json"},{"restype":"jsondata","rescode":"STATUS_extdata","resmd5":"769561d1f9e3c32118cf63de4c21e8a5","restitle":"流程状态","resurl":"http://hellowocao.com/localxres/datax/coode_keydetailx/data/30210.json"},{"restype":"jsondata","rescode":"PTOF_extdata","resmd5":"5ee3364e55a8e2d0a010ed6ab1537330","restitle":"归属","resurl":"http://hellowocao.com/localxres/datax/coode_keydetailx/data/30209.json"},{"restype":"jsondata","rescode":"CRTOR_extdata","resmd5":"72ef5fed50ad422bce11ea4c4470561e","restitle":"创建者","resurl":"http://hellowocao.com/localxres/datax/coode_keydetailx/data/30208.json"},{"restype":"jsondata","rescode":"VRT_extdata","resmd5":"ce4ca2b392c3f58c8e2681f249685823","restitle":"流程编码","resurl":"http://hellowocao.com/localxres/datax/coode_keydetailx/data/30207.json"},{"restype":"jsondata","rescode":"OLMK_extdata","resmd5":"2ba64d97ac75b0a479b4843ea4ab4f73","restitle":"唯一标记","resurl":"http://hellowocao.com/localxres/datax/coode_keydetailx/data/30206.json"},{"restype":"jsondata","rescode":"relycore_extdata","resmd5":"52095dae20702b768b68487aa8086b99","restitle":"依赖核心","resurl":"http://hellowocao.com/localxres/datax/coode_keydetailx/data/30205.json"},{"restype":"jsondata","rescode":"copyrightmark_extdata","resmd5":"725c6bcbfe420ff62d35266711890348","restitle":"版权标记","resurl":"http://hellowocao.com/localxres/datax/coode_keydetailx/data/30204.json"},{"restype":"jsondata","rescode":"mtdate_extdata","resmd5":"b0f7165414642833df69ac8221c29a8e","restitle":"","resurl":"http://hellowocao.com/localxres/datax/coode_keydetailx/data/30203.json"},{"restype":"jsondata","rescode":"mtmd5_extdata","resmd5":"7f9dfdb6562db57ba34e03ea3f7bb4fd","restitle":"远程版本","resurl":"http://hellowocao.com/localxres/datax/coode_keydetailx/data/30202.json"},{"restype":"jsondata","rescode":"vermd5_extdata","resmd5":"1b30371c146163cfdc1c1f5a27300e18","restitle":"版本号","resurl":"http://hellowocao.com/localxres/datax/coode_keydetailx/data/30201.json"},{"restype":"jsondata","rescode":"funbody_extdata","resmd5":"b9695cbb4cd0581fe3304f9415a24904","restitle":"函数体","resurl":"http://hellowocao.com/localxres/datax/coode_keydetailx/data/30200.json"},{"restype":"jsondata","rescode":"funtxt_extdata","resmd5":"a5600188c3cd06a87c7d99302efca200","restitle":"资源内容","resurl":"http://hellowocao.com/localxres/datax/coode_keydetailx/data/30199.json"},{"restype":"jsondata","rescode":"txturl_extdata","resmd5":"f7afb18ae6ebb258493dd67aeff17e63","restitle":"下载地址","resurl":"http://hellowocao.com/localxres/datax/coode_keydetailx/data/30198.json"},{"restype":"jsondata","rescode":"issys_extdata","resmd5":"9227833e9fddf5b6842b6afbb5d6f61c","restitle":"是否系统","resurl":"http://hellowocao.com/localxres/datax/coode_keydetailx/data/30197.json"},{"restype":"jsondata","rescode":"restitle_extdata","resmd5":"0d5623a875748361f20ea95cae7b5344","restitle":"资源标题","resurl":"http://hellowocao.com/localxres/datax/coode_keydetailx/data/30195.json"},{"restype":"jsondata","rescode":"restype_extdata","resmd5":"2db491da47018fb8e6c34ca0e2c4440d","restitle":"资源类型","resurl":"http://hellowocao.com/localxres/datax/coode_keydetailx/data/30193.json"},{"restype":"jsondata","rescode":"belongtype_extdata","resmd5":"0631aaa62a9f2c739b6ea69eb9b63184","restitle":"隶属类型","resurl":"http://hellowocao.com/localxres/datax/coode_keydetailx/data/30192.json"},{"restype":"jsondata","rescode":"subid_extdata","resmd5":"b6a68e5e4200d7de3d46ea84ae723e92","restitle":"次分组ID","resurl":"http://hellowocao.com/localxres/datax/coode_keydetailx/data/30191.json"},{"restype":"jsondata","rescode":"grpid_extdata","resmd5":"89994a619fd461a8d32523e39e30b83a","restitle":"群组ID","resurl":"http://hellowocao.com/localxres/datax/coode_keydetailx/data/30190.json"},{"restype":"jsondata","rescode":"CRTM_extdata","resmd5":"91921b781e5d2e5148d71ba4b1090281","restitle":"创建时刻","resurl":"http://hellowocao.com/localxres/datax/coode_keydetailx/data/30189.json"},{"restype":"jsondata","rescode":"midpic_extdata","resmd5":"66206e398f03b5ebad4215ddfe22d5e5","restitle":"中等图像","resurl":"http://hellowocao.com/localxres/datax/coode_keydetailx/data/30188.json"},{"restype":"jsondata","rescode":"UPTM_extdata","resmd5":"e8d2f911796ec4fcc7d3643ea25e06af","restitle":"更改时刻","resurl":"http://hellowocao.com/localxres/datax/coode_keydetailx/data/30186.json"},{"restype":"jsondata","rescode":"headpic_extdata","resmd5":"bb0246a6e6aebbd903af590e53c8d0e6","restitle":"头像","resurl":"http://hellowocao.com/localxres/datax/coode_keydetailx/data/30187.json"},{"restype":"jsondata","rescode":"SNO_extdata","resmd5":"412b427ad192079e8f33520a160c0c7e","restitle":"编号","resurl":"http://hellowocao.com/localxres/datax/coode_keydetailx/data/30196.json"},{"restype":"jsondata","rescode":"resmark_extdata","resmd5":"361a966c79daa3a5fd030c7446a09e77","restitle":"资源标记","resurl":"http://hellowocao.com/localxres/datax/coode_keydetailx/data/30194.json"}]}