{"status":"1","rtype":"tempx","rcode":"commloginreg.signup","rtitle":"通用登录注册组注册","ver":"7fadde2b23d27911f31a59caa92d21e4","vls":[{"restype":"csspagex","rescode":"commonlogin","resmd5":"","restitle":"通用登录注册组注册的commonlogin","resurl":"http://hellowocao.com/systemres/1/csspagex/commonlogin/commonlogin_csspagex.zip"},{"restype":"tempx","rescode":"commloginreg.signup","resmd5":"","restitle":"通用登录注册组注册","resurl":"http://hellowocao.com/localxres/tempx/commloginreg/commloginreg_tempx.zip"}]}