{"status":"1","tabnm":"coode_applay","tabtitle":"展示节点","tabsno":"","crtsql":"CREATE TABLE coode_applay (SNO int(11) NOT NULL AUTO_INCREMENT,sysid varchar(20) NOT NULL,appid varchar(20) NOT NULL,layid varchar(20) NOT NULL,laytitle varchar(255) NOT NULL,colora varchar(50) NOT NULL,colorb varchar(50) NOT NULL,pshortid varchar(50) NOT NULL,mshortid varchar(50) NOT NULL,pagelay varchar(50) NOT NULL,pagemd5 varchar(32) NOT NULL,mobilelay varchar(50) NOT NULL,mobilemd5 varchar(50) NOT NULL,pageurl varchar(1024) NOT NULL,mobileurl varchar(1024) NOT NULL,vermd5 varchar(32) NOT NULL,CRTM datetime NOT NULL,CRTOR varchar(255) NOT NULL,OLMK varchar(255) NOT NULL,OPRT varchar(1024) NOT NULL,PRIME int(11) NOT NULL,PTOF varchar(255) NOT NULL,RIP varchar(255) NOT NULL,STATUS tinyint(4) NOT NULL,STCODE varchar(1024) NOT NULL,UPTM datetime NOT NULL,VRT varchar(255) NOT NULL,PRIMARY KEY (SNO),UNIQUE KEY ollay (layid) USING BTREE) ENGINE=MyISAM AUTO_INCREMENT=1 DEFAULT CHARSET=utf8;","allkeys":"应用ID,色系,辅色,创建时刻,创建者,输出ID,展示标题,移动端页面,mobilemd5,移动端地址,mshortid,唯一标记,操作,PC端页面,pagemd5,页面地址,资源升级,pshortid,归属,远程IP,编号,菜单显示,流程脚本,系统ID,更改时刻,版本号,流程编码|appid,colora,colorb,CRTM,CRTOR,layid,laytitle,mobilelay,mobilemd5,mobileurl,mshortid,OLMK,OPRT,pagelay,pagemd5,pageurl,PRIME,pshortid,PTOF,RIP,SNO,STATUS,STCODE,sysid,UPTM,vermd5,VRT","parreskey":"","mainsqx":"SNO","srckey":"layid","srcttk":"laytitle","rtype":"layx","parcode":"","rcode":"","rtitle":"","ver":"20260129114832","vls":[]}