{"status":"1","tabnm":"coode_shortdata","tabtitle":"表单","tabsno":"1097","crtsql":"CREATE TABLE coode_shortdata (SNO int(11) NOT NULL AUTO_INCREMENT,worldmarks varchar(1024) NOT NULL,restpcode varchar(100) NOT NULL,tabnick varchar(50) NOT NULL,shortid varchar(50) NOT NULL,shorttitle varchar(255) NOT NULL,datahost varchar(255) NOT NULL,sysid varchar(50) NOT NULL,retrievekey varchar(1024) NOT NULL,caseid varchar(100) NOT NULL,caseext varchar(1024) NOT NULL,detailid varchar(100) NOT NULL,detailext varchar(1024) NOT NULL,tablename varchar(50) NOT NULL,vermd5 varchar(50) NOT NULL,allkeys text NOT NULL,showkeys varchar(1024) NOT NULL,skeys varchar(1024) NOT NULL,frmexp varchar(255) NOT NULL,sqlbody text NOT NULL,cdt varchar(1024) NOT NULL,extc varchar(1024) NOT NULL,orddt varchar(255) NOT NULL,lang varchar(30) NOT NULL,dttp varchar(30) NOT NULL,jsonid varchar(30) NOT NULL,keyitem varchar(100) NOT NULL,issys tinyint(4) NOT NULL,fileurl varchar(100) NOT NULL,addtitle varchar(255) NOT NULL,addpage varchar(1024) NOT NULL,heightx varchar(50) NOT NULL,widthx varchar(50) NOT NULL,fixed varchar(1024) NOT NULL,lastvisit datetime NOT NULL,tabcls varchar(255) NOT NULL,schm varchar(50) NOT NULL,OLMK varchar(30) NOT NULL,VRT varchar(100) NOT NULL,PTOF varchar(30) NOT NULL,CRTOR varchar(255) NOT NULL,STATUS tinyint(4) NOT NULL,UPTM datetime NOT NULL,CRTM datetime NOT NULL,STCODE varchar(1024) NOT NULL,PRIME int(11) NOT NULL,RIP varchar(255) NOT NULL,OPRT varchar(1024) NOT NULL,PRIMARY KEY (SNO),UNIQUE KEY olshort (shortid) USING BTREE) ENGINE=MyISAM AUTO_INCREMENT=1 DEFAULT CHARSET=utf8;","allkeys":"新增页面,新增名称,全部,模板扩展,列表模板,条件,创建时刻,创建人,数据服务器,detail_ext,新增模板,数据类型,扩展条件,文件地址,是否固定,结构表达式,高度,系统,数格编码,字段格式,使用页面,last_visit,唯一标记,操作,排序条件,主显,归属,资源代码,交换字段,远程IP,数据库名,表单ID,短数据标题,展示字段,搜索字段,编号,查询体,版本查看,分页分类,系统ID,分页类别,表名,表格昵名,更新时刻,版本MD5,数据同步,宽度,世界标记|addpage,addtitle,allkeys,caseext,caseid,cdt,CRTM,CRTOR,datahost,detailext,detailid,dttp,extc,fileurl,fixed,frmexp,heightx,issys,jsonid,keyitem,lang,lastvisit,OLMK,OPRT,orddt,PRIME,PTOF,restpcode,retrievekey,RIP,schm,shortid,shorttitle,showkeys,skeys,SNO,sqlbody,STATUS,STCODE,sysid,tabcls,tablename,tabnick,UPTM,vermd5,VRT,widthx,worldmarks","parreskey":"","mainsqx":"SNO","srckey":"shortid","srcttk":"shorttitle","rtype":"formx","parcode":"","rcode":"tabfrm","rtitle":"表格结构","ver":"20260129114600","vls":[{"keymark":"retrievekey","dxtype":"varchar","keytitle":"交换字段","kvalue":""},{"keymark":"schm","dxtype":"varchar","keytitle":"数据库名","kvalue":""},{"keymark":"caseext","dxtype":"varchar","keytitle":"模板扩展","kvalue":""},{"keymark":"detailext","dxtype":"varchar","keytitle":"detail_ext","kvalue":""},{"keymark":"tabnick","dxtype":"varchar","keytitle":"表格昵名","kvalue":""},{"keymark":"vermd5","dxtype":"varchar","keytitle":"版本MD5","kvalue":"160f494e7d9a54079124112af44dbb93"},{"keymark":"datahost","dxtype":"varchar","keytitle":"数据服务器","kvalue":""},{"keymark":"detailid","dxtype":"select","keytitle":"新增模板","kvalue":"layuiform.index"},{"keymark":"sysid","dxtype":"select","keytitle":"系统ID","kvalue":"0"},{"keymark":"keyitem","dxtype":"varchar","keytitle":"字段格式","kvalue":""},{"keymark":"jsonid","dxtype":"varchar","keytitle":"数格编码","kvalue":""},{"keymark":"OPRT","dxtype":"chtml","keytitle":"操作","kvalue":"3.14"},{"keymark":"caseid","dxtype":"select","keytitle":"列表模板","kvalue":"layuitable.index"},{"keymark":"allkeys","dxtype":"varchar","keytitle":"全部","kvalue":"选择器执行,删除后,新增后,更改后,应用id,头字段TR脚本,删除前,新增前,更改前,可否更改,字段长度,character_octet_length_table,char_sets,字段资源,分类选项,collation_name_table,COLUMN_COMMENT,默认值,table_key,字段名,字段类别,创建时刻,创建人,数据类型,datetime_precision_table,显示,显示类型, extra,是否固定,可为空,前提交验证,前端展示,字段注释,字段别名,numeric_precision_table,numeric_scale_table,唯一标记,操作,ordinalpositiontable,平行分裂,恢复更新,PRIVILEGES,归属,本身资源值,远程IP,短地址,编号,顺序,值长为0,流程脚本,系统ID,后提交验证,后台展示,catalog_table,表名,数据库,表格昵名,单元格外围,t_domain,t_group,表头外围,更新时间,默认值,版本号,数据范围,资源路径|acthtml,aftdel,aftist,aftupd,appid,atnhtml,bfdel,bfist,bfupd,changeable,CHARACTER_MAXIMUM_LENGTH,CHARACTER_OCTET_LENGTH,CHARACTER_SET_NAME,classp,clstxt,COLLATION_NAME,COLUMN_COMMENT,COLUMN_DEFAULT,COLUMN_KEY,COLUMN_NAME,COLUMN_TYPE,CRTM,CRTOR,DATA_TYPE,DATETIME_PRECISION,displayed,dxtype,EXTRA,isfixed,IS_NULLABLE,jspostfun,jsshowfun,keyexplain,keytitle,NUMERIC_PRECISION,NUMERIC_SCALE,OLMK,OPRT,ORDINAL_POSITION,parallelto,PRIME,PRIVILEGES,PTOF,rescode,RIP,shortid,SNO,SQX,STATUS,STCODE,sysid,syspostfun,sysshowfun,TABLE_CATALOG,TABLE_NAME,TABLE_SCHEMA,tabnick,tdcode,tdomain,tgroup,thcode,UPTM,valuezero,vermd5,VQX,VRT"},{"keymark":"extc","dxtype":"varchar","keytitle":"扩展条件","kvalue":""},{"keymark":"addtitle","dxtype":"varchar","keytitle":"新增名称","kvalue":""},{"keymark":"STATUS","dxtype":"tinyint","keytitle":"版本查看","kvalue":"0"},{"keymark":"STCODE","dxtype":"varchar","keytitle":"分页分类","kvalue":""},{"keymark":"tabcls","dxtype":"varchar","keytitle":"分页类别","kvalue":""},{"keymark":"PRIME","dxtype":"int","keytitle":"主显","kvalue":"0"},{"keymark":"RIP","dxtype":"varchar","keytitle":"远程IP","kvalue":""},{"keymark":"CRTOR","dxtype":"varchar","keytitle":"创建人","kvalue":"hellowocao"},{"keymark":"addpage","dxtype":"select","keytitle":"新增页面","kvalue":"/SPEC/EDITOR/anyshortnew.php?stid=2qPIqS&SNO=[sno]&cfid=newdftstyle&pnum=[get-pnum]"},{"keymark":"shorttitle","dxtype":"varchar","keytitle":"短数据标题","kvalue":"表格结构"},{"keymark":"OLMK","dxtype":"varchar","keytitle":"唯一标记","kvalue":"2fdad184a3437d3af07e55589d06d6"},{"keymark":"VRT","dxtype":"varchar","keytitle":"数据同步","kvalue":"ecbb13869b3c19f841766f091a0ee76f"},{"keymark":"PTOF","dxtype":"select","keytitle":"归属","kvalue":""},{"keymark":"lang","dxtype":"clstxt","keytitle":"使用页面","kvalue":"tablelistx"},{"keymark":"dttp","dxtype":"select","keytitle":"数据类型","kvalue":"html"},{"keymark":"issys","dxtype":"tinyint","keytitle":"系统","kvalue":"0"},{"keymark":"fileurl","dxtype":"varchar","keytitle":"文件地址","kvalue":"coode.hejiweiye.com/"},{"keymark":"cdt","dxtype":"varchar","keytitle":"条件","kvalue":" TABLE_NAME='[get-tablename]'"},{"keymark":"orddt","dxtype":"varchar","keytitle":"排序条件","kvalue":" order by SQX"},{"keymark":"CRTM","dxtype":"datetime","keytitle":"创建时刻","kvalue":"2021-04-08 10:20:05"},{"keymark":"UPTM","dxtype":"datetime","keytitle":"更新时刻","kvalue":"2023-10-27 20:45:17"},{"keymark":"sqlbody","dxtype":"text","keytitle":"查询体","kvalue":""},{"keymark":"skeys","dxtype":"multiselect","keytitle":"搜索字段","kvalue":""},{"keymark":"shortid","dxtype":"varchar","keytitle":"表单ID","kvalue":"tabfrm"},{"keymark":"tablename","dxtype":"varchar","keytitle":"表名","kvalue":"coode_keydetailx"},{"keymark":"showkeys","dxtype":"multiselect","keytitle":"展示字段","kvalue":"SNO,TABLE_NAME,COLUMN_NAME,keytitle,keyexplain,DATA_TYPE,CHARACTER_MAXIMUM_LENGTH,SQX,dxtype,classp"},{"keymark":"restpcode","dxtype":"varchar255","keytitle":"资源代码","kvalue":""},{"keymark":"worldmarks","dxtype":"varchar255","keytitle":"世界标记","kvalue":""},{"keymark":"frmexp","dxtype":"varchar","keytitle":"结构表达式","kvalue":""},{"keymark":"heightx","dxtype":"varchar","keytitle":"高度","kvalue":""},{"keymark":"lastvisit","dxtype":"datetime","keytitle":"last_visit","kvalue":"0000-00-00 00:00:00"},{"keymark":"widthx","dxtype":"varchar","keytitle":"宽度","kvalue":"0"},{"keymark":"fixed","dxtype":"varchar","keytitle":"是否固定","kvalue":""}]}