{"status":"1","rtype":"formx","rcode":"2wxVUN","rtitle":"流程执行","ver":"4608b500ae023b9baa9308ee6e38ee54","vls":[{"restype":"jsondata","rescode":"2wxVUN_basedata","resmd5":"662f28e1e257ca350664098cd4c43dc3","restitle":"流程执行","resurl":"http://hellowocao.com/localxres/datax/coode_shortdata/data/689.json"},{"restype":"jsondata","rescode":"2wxVUN_cssdata","resmd5":"e5bc52f5ea5959443557471d972f60d1","restitle":"流程执行","resurl":"http://hellowocao.com/localxres/datax/coode_shortcss/data/22.json"},{"restype":"jsondata","rescode":"SNO_extdata","resmd5":"58593911de9611ffb36a4fd4e3290be7","restitle":"编号","resurl":"http://hellowocao.com/localxres/datax/coode_keydetaily/data/9950.json"},{"restype":"jsondata","rescode":"flowid_extdata","resmd5":"aa4e2e281dac3bc0b109cd753f79475c","restitle":"执行流程ID","resurl":"http://hellowocao.com/localxres/datax/coode_keydetaily/data/9951.json"},{"restype":"jsondata","rescode":"flowtitle_extdata","resmd5":"f2b455b012419c8dbac4e9907874cf2b","restitle":"执行流程标题","resurl":"http://hellowocao.com/localxres/datax/coode_keydetaily/data/9952.json"},{"restype":"jsondata","rescode":"processid_extdata","resmd5":"1e554257302a3d1795ae23ef96445c4e","restitle":"流程模板ID","resurl":"http://hellowocao.com/localxres/datax/coode_keydetaily/data/9953.json"},{"restype":"jsondata","rescode":"tabname_extdata","resmd5":"9411540974b63291d224bd0fdc9b592b","restitle":"表格名称","resurl":"http://hellowocao.com/localxres/datax/coode_keydetaily/data/9954.json"},{"restype":"jsondata","rescode":"tabsno_extdata","resmd5":"e99dd2ceec985536532be8b9823c3216","restitle":"数据编号","resurl":"http://hellowocao.com/localxres/datax/coode_keydetaily/data/9955.json"},{"restype":"jsondata","rescode":"tabolmk_extdata","resmd5":"d51b6fd9e31d5bf7f9d3c59a7539da74","restitle":"数据唯一编码","resurl":"http://hellowocao.com/localxres/datax/coode_keydetaily/data/9956.json"},{"restype":"jsondata","rescode":"companyid_extdata","resmd5":"3c0f478fcd01d5d188c1564d8b4093d3","restitle":"公司ID","resurl":"http://hellowocao.com/localxres/datax/coode_keydetaily/data/9957.json"},{"restype":"jsondata","rescode":"prenode_extdata","resmd5":"2b75502f004a52c9aec1ca8517bd72c4","restitle":"流程节点","resurl":"http://hellowocao.com/localxres/datax/coode_keydetaily/data/9958.json"},{"restype":"jsondata","rescode":"plevel_extdata","resmd5":"bfb8c5a30ec9fd02d5275c74fe67a115","restitle":"关口","resurl":"http://hellowocao.com/localxres/datax/coode_keydetaily/data/9959.json"},{"restype":"jsondata","rescode":"alerttip_extdata","resmd5":"c0376b5ddedf558e0f16a1a1cfc1496c","restitle":"整改意见","resurl":"http://hellowocao.com/localxres/datax/coode_keydetaily/data/9960.json"},{"restype":"jsondata","rescode":"OLMK_extdata","resmd5":"b1a5571a210c0f81891877841d79f795","restitle":"唯一标记","resurl":"http://hellowocao.com/localxres/datax/coode_keydetaily/data/9962.json"},{"restype":"jsondata","rescode":"pstate_extdata","resmd5":"b15f7a0be82f4914e95990e9159853ab","restitle":"通过状态","resurl":"http://hellowocao.com/localxres/datax/coode_keydetaily/data/9982.json"},{"restype":"jsondata","rescode":"STATUS_extdata","resmd5":"ec0b12c165071840753bab5f9f5b5f70","restitle":"流程状态","resurl":"http://hellowocao.com/localxres/datax/coode_keydetaily/data/9984.json"},{"restype":"jsondata","rescode":"shortid_extdata","resmd5":"1648141730a52b6ed2eed33a0d04c294","restitle":"短码","resurl":"http://hellowocao.com/localxres/datax/coode_keydetaily/data/10000.json"}]}