{"status":"1","rtype":"tabx","rcode":"coode_shortaffect","rtitle":"数据表影响操作","ver":"00ad68a82ad52d6f85f8fc3b13ae3e01","crtsql":"CREATE TABLE coode_shortaffect (SNO int(11) NOT NULL AUTO_INCREMENT,shortid varchar(100) NOT NULL,pagecls varchar(100) NOT NULL,showkeys varchar(1024) NOT NULL,snos varchar(1024) NOT NULL,stylecls varchar(100) NOT NULL,pnum varchar(100) NOT NULL,page varchar(100) NOT NULL,tablename varchar(255) NOT NULL,affecttable varchar(1024) NOT NULL,pageid varchar(50) NOT NULL,tempid varchar(50) NOT NULL,basecdt text NOT NULL,extcdt text NOT NULL,stockurl varchar(1024) NOT NULL,storage longtext NOT NULL,OLMK varchar(255) NOT NULL,CRTOR varchar(255) NOT NULL,PTOF varchar(255) NOT NULL,VRT varchar(255) NOT NULL,STATUS tinyint(4) NOT NULL,STCODE varchar(1024) NOT NULL,PRIME int(11) NOT NULL,CRTM datetime NOT NULL,UPTM datetime NOT NULL,RIP varchar(255) NOT NULL,PRIMARY KEY (SNO)) ENGINE=MyISAM AUTO_INCREMENT=1 DEFAULT CHARSET=utf8;","vls":[{"restype":"jsondata","rescode":"coode_shortaffect_basedata","resmd5":"28301e6eb242ca1049de0fef22628b67","restitle":"数据表影响操作","resurl":"http://hellowocao.com/localxres/datax/coode_tablist/data/594.json"},{"restype":"jsondata","rescode":"SNO_extdata","resmd5":"be97b838b567dbef8d80ec1d60a8fa6c","restitle":"编号","resurl":"http://hellowocao.com/localxres/datax/coode_keydetailx/data/1636.json"},{"restype":"jsondata","rescode":"shortid_extdata","resmd5":"ccb1dcc6ce5f7e6b72e5ebdef7204aed","restitle":"短ID","resurl":"http://hellowocao.com/localxres/datax/coode_keydetailx/data/2125.json"},{"restype":"jsondata","rescode":"pagecls_extdata","resmd5":"ff86a27859ece0ddb43ee281659cc64c","restitle":"页面类型","resurl":"http://hellowocao.com/localxres/datax/coode_keydetailx/data/2126.json"},{"restype":"jsondata","rescode":"showkeys_extdata","resmd5":"b7c7fe809b19ccdf2fcb4aea9f7609dc","restitle":"展示字段","resurl":"http://hellowocao.com/localxres/datax/coode_keydetailx/data/2127.json"},{"restype":"jsondata","rescode":"snos_extdata","resmd5":"7338c992257134e4c4ed56e2109315de","restitle":"数据序号","resurl":"http://hellowocao.com/localxres/datax/coode_keydetailx/data/2128.json"},{"restype":"jsondata","rescode":"stylecls_extdata","resmd5":"7c625e0b3aeb8c6d8ba00e72906f3255","restitle":"样式类别","resurl":"http://hellowocao.com/localxres/datax/coode_keydetailx/data/2129.json"},{"restype":"jsondata","rescode":"pnum_extdata","resmd5":"942cc3078526b1dd72961a3c2f77ba39","restitle":"显示条目数","resurl":"http://hellowocao.com/localxres/datax/coode_keydetailx/data/2130.json"},{"restype":"jsondata","rescode":"page_extdata","resmd5":"b5d782bbfb9f1a59e607381a71d4d451","restitle":"第几页","resurl":"http://hellowocao.com/localxres/datax/coode_keydetailx/data/2131.json"},{"restype":"jsondata","rescode":"tablename_extdata","resmd5":"69dc97f23aebcdaf824499be860644e5","restitle":"表名","resurl":"http://hellowocao.com/localxres/datax/coode_keydetailx/data/2132.json"},{"restype":"jsondata","rescode":"affecttable_extdata","resmd5":"55b691a71ee29a252a81dfc1fc971403","restitle":"被影响表","resurl":"http://hellowocao.com/localxres/datax/coode_keydetailx/data/2133.json"},{"restype":"jsondata","rescode":"stockurl_extdata","resmd5":"c8a74bf542e3d3364cf34cafd95750cc","restitle":"存储地址","resurl":"http://hellowocao.com/localxres/datax/coode_keydetailx/data/2134.json"},{"restype":"jsondata","rescode":"OLMK_extdata","resmd5":"a136c8f6cd043a421146627f0668a48c","restitle":"唯一标记","resurl":"http://hellowocao.com/localxres/datax/coode_keydetailx/data/2135.json"},{"restype":"jsondata","rescode":"CRTOR_extdata","resmd5":"b479882c6acb8825c1d1765f256ccb74","restitle":"创建人","resurl":"http://hellowocao.com/localxres/datax/coode_keydetailx/data/2136.json"},{"restype":"jsondata","rescode":"PTOF_extdata","resmd5":"4d333ec7cc0d62e1d7fcaf4b1914ef13","restitle":"归属","resurl":"http://hellowocao.com/localxres/datax/coode_keydetailx/data/2137.json"},{"restype":"jsondata","rescode":"VRT_extdata","resmd5":"decb34c4d983ff610cb5701fbdb45a0b","restitle":"流程编码","resurl":"http://hellowocao.com/localxres/datax/coode_keydetailx/data/2138.json"},{"restype":"jsondata","rescode":"STATUS_extdata","resmd5":"29f5c0876956d5c5188f42086ef96892","restitle":"流程状态","resurl":"http://hellowocao.com/localxres/datax/coode_keydetailx/data/2139.json"},{"restype":"jsondata","rescode":"STCODE_extdata","resmd5":"1317d9d0aba0f98ffef1b3ec34ee9954","restitle":"流程脚本","resurl":"http://hellowocao.com/localxres/datax/coode_keydetailx/data/2140.json"},{"restype":"jsondata","rescode":"PRIME_extdata","resmd5":"df4f963ad7d59de9963965e98e8a461a","restitle":"素数定类","resurl":"http://hellowocao.com/localxres/datax/coode_keydetailx/data/2141.json"},{"restype":"jsondata","rescode":"CRTM_extdata","resmd5":"f780a6ab44693f3febbc7dd5d04197b6","restitle":"创建时刻","resurl":"http://hellowocao.com/localxres/datax/coode_keydetailx/data/2142.json"},{"restype":"jsondata","rescode":"UPTM_extdata","resmd5":"edc867d351eadbea8244ac3244c4594d","restitle":"更改时刻","resurl":"http://hellowocao.com/localxres/datax/coode_keydetailx/data/2143.json"},{"restype":"jsondata","rescode":"RIP_extdata","resmd5":"57f12d686cda9ca3223c0f93a226eefa","restitle":"远程IP","resurl":"http://hellowocao.com/localxres/datax/coode_keydetailx/data/2144.json"},{"restype":"jsondata","rescode":"pageid_extdata","resmd5":"17f64949c5f514bf6de70383a5a57c42","restitle":"页面ID","resurl":"http://hellowocao.com/localxres/datax/coode_keydetailx/data/6153.json"},{"restype":"jsondata","rescode":"tempid_extdata","resmd5":"f6987e5a9c51b8b29a16b46cdd6344ac","restitle":"模板ID","resurl":"http://hellowocao.com/localxres/datax/coode_keydetailx/data/6154.json"},{"restype":"jsondata","rescode":"basecdt_extdata","resmd5":"9d2ac1e28769cf6844a0d2e45a3d2c34","restitle":"basecdt","resurl":"http://hellowocao.com/localxres/datax/coode_keydetailx/data/6155.json"},{"restype":"jsondata","rescode":"extcdt_extdata","resmd5":"b50b6f25157a869377a0d254d026adea","restitle":"extcdt","resurl":"http://hellowocao.com/localxres/datax/coode_keydetailx/data/6156.json"},{"restype":"jsondata","rescode":"storage_extdata","resmd5":"28ba2a9ff4acca80280219216b2e90ab","restitle":"storage","resurl":"http://hellowocao.com/localxres/datax/coode_keydetailx/data/6157.json"}]}