{"status":"1","tabnm":"coode_dspckey","tabtitle":"数据字段","tabsno":"41","crtsql":"CREATE TABLE coode_dspckey (SNO int(11) NOT NULL AUTO_INCREMENT,domainmark varchar(50) NOT NULL,datamark varchar(50) NOT NULL,keymark varchar(50) NOT NULL,keytitle varchar(255) NOT NULL,keylen int(11) NOT NULL,clstxt text NOT NULL,classp varchar(100) NOT NULL,sqx decimal(10,2) NOT NULL,keytype varchar(50) NOT NULL,dxtype varchar(50) NOT NULL,keydescrib varchar(1024) NOT NULL,vermd5 varchar(50) NOT NULL,CRTM datetime NOT NULL,CRTOR varchar(255) NOT NULL,OLMK varchar(255) NOT NULL,OPRT varchar(1024) NOT NULL,PRIME int(11) NOT NULL,PTOF varchar(255) NOT NULL,RIP varchar(255) NOT NULL,STATUS tinyint(4) NOT NULL,STCODE varchar(1024) NOT NULL,UPTM datetime NOT NULL,VRT varchar(255) NOT NULL,PRIMARY KEY (SNO),UNIQUE KEY olkey (datamark,keymark) USING BTREE) ENGINE=MyISAM AUTO_INCREMENT=1 DEFAULT CHARSET=utf8;","allkeys":"质数定类,分类选项,创建时刻,创建者,数据标记,区块标记,显示类型,字段描述,字段长度,键标,键名,数据类型,唯一标记,操作,素数定类,公司归属,远程IP,编号,顺序,流程状态,流程脚本,更改时刻,版本号,职位|classp,clstxt,CRTM,CRTOR,datamark,domainmark,dxtype,keydescrib,keylen,keymark,keytitle,keytype,OLMK,OPRT,PRIME,PTOF,RIP,SNO,sqx,STATUS,STCODE,UPTM,vermd5,VRT","parreskey":"datamark","mainsqx":"SNO","srckey":"keymark","srcttk":"keytitle","rtype":"dataspacex","parcode":"","rcode":"infotype","rtitle":"说明类型","ver":"20260129120811","vls":[{"keymark":"datamark","dxtype":"varchar","keytitle":"数据标记","kvalue":"fosSqEmY"},{"keymark":"keymark","dxtype":"varchar","keytitle":"键标","kvalue":"infotype"},{"keymark":"keytitle","dxtype":"varchar","keytitle":"键名","kvalue":"说明类型"},{"keymark":"keylen","dxtype":"int","keytitle":"字段长度","kvalue":"50"},{"keymark":"keydescrib","dxtype":"varchar","keytitle":"字段描述","kvalue":"无"},{"keymark":"CRTM","dxtype":"datetime","keytitle":"创建时刻","kvalue":"2022-01-16 08:39:42"},{"keymark":"CRTOR","dxtype":"varchar","keytitle":"创建者","kvalue":""},{"keymark":"OLMK","dxtype":"varchar","keytitle":"唯一标记","kvalue":"eba2e9f83"},{"keymark":"OPRT","dxtype":"chtml","keytitle":"操作","kvalue":""},{"keymark":"PRIME","dxtype":"int","keytitle":"素数定类","kvalue":"0"},{"keymark":"PTOF","dxtype":"varchar","keytitle":"公司归属","kvalue":""},{"keymark":"RIP","dxtype":"varchar","keytitle":"远程IP","kvalue":""},{"keymark":"STATUS","dxtype":"tinyint","keytitle":"流程状态","kvalue":"0"},{"keymark":"STCODE","dxtype":"varchar","keytitle":"流程脚本","kvalue":""},{"keymark":"UPTM","dxtype":"datetime","keytitle":"更改时刻","kvalue":"2022-01-16 08:39:42"},{"keymark":"VRT","dxtype":"varchar","keytitle":"职位","kvalue":"3d061a68e763aa0110b6a9e6197c7c33"},{"keymark":"clstxt","dxtype":"text","keytitle":"分类选项","kvalue":""},{"keymark":"classp","dxtype":"varchar","keytitle":"质数定类","kvalue":"0"},{"keymark":"sqx","dxtype":"decimal","keytitle":"顺序","kvalue":"1.00"},{"keymark":"keytype","dxtype":"varchar","keytitle":"数据类型","kvalue":"varchar"},{"keymark":"dxtype","dxtype":"varchar","keytitle":"显示类型","kvalue":"varchar50"},{"keymark":"vermd5","dxtype":"varchar","keytitle":"版本号","kvalue":""},{"keymark":"domainmark","dxtype":"varchar","keytitle":"区块标记","kvalue":""}]}