{"status":"1","tabnm":"coode_facelist","tabtitle":"素材单元列表","tabsno":"17107","crtsql":"CREATE TABLE coode_facelist (SNO int(11) NOT NULL AUTO_INCREMENT,faceid varchar(50) NOT NULL,sysid varchar(50) NOT NULL,facetype varchar(50) NOT NULL,facecolor varchar(50) NOT NULL,faceimg varchar(1024) NOT NULL,faceurl varchar(255) NOT NULL,facetitle varchar(255) NOT NULL,facedescribe varchar(1024) NOT NULL,filepath varchar(1024) NOT NULL,vermd5 varchar(32) NOT NULL,csshost varchar(1024) NOT NULL,CRTM datetime NOT NULL,CRTOR varchar(255) NOT NULL,OLMK varchar(255) NOT NULL,PRIME int(11) NOT NULL,PTOF varchar(255) NOT NULL,RIP varchar(255) NOT NULL,STATUS tinyint(4) NOT NULL,STCODE varchar(1024) NOT NULL,UPTM datetime NOT NULL,VRT varchar(255) NOT NULL,linkfuns varchar(1024) NOT NULL,linkclss varchar(1024) NOT NULL,OPRT varchar(1024) NOT NULL,PRIMARY KEY (SNO),UNIQUE KEY fid (faceid) USING BTREE) ENGINE=MyISAM AUTO_INCREMENT=1 DEFAULT CHARSET=utf8;","allkeys":"创建时刻,创建者,来源,素材颜色系,素材描述,样式编码,封面图片,样式标题,素材类型,素材地址,文件路径,关联类,关联函数,唯一标记,操作,引用次数,归属,远程IP,编号,流程状态,缩略图,系统ID,更改时刻,版本号,流程编码|CRTM,CRTOR,csshost,facecolor,facedescribe,faceid,faceimg,facetitle,facetype,faceurl,filepath,linkclss,linkfuns,OLMK,OPRT,PRIME,PTOF,RIP,SNO,STATUS,STCODE,sysid,UPTM,vermd5,VRT","parreskey":"","mainsqx":"SNO","srckey":"faceid","srcttk":"facetitle","rtype":"csspagex","parcode":"","rcode":"worldwin","rtitle":"仿windows桌面主题特效","ver":"20260129120954","vls":[{"keymark":"OPRT","dxtype":"chtml","keytitle":"操作","kvalue":""},{"keymark":"csshost","dxtype":"varchar","keytitle":"来源","kvalue":""},{"keymark":"faceid","dxtype":"varchar","keytitle":"样式编码","kvalue":"worldwin"},{"keymark":"facetype","dxtype":"select","keytitle":"素材类型","kvalue":""},{"keymark":"faceurl","dxtype":"varchar","keytitle":"素材地址","kvalue":"/localxres/csspagex/worldwin/index.html"},{"keymark":"facetitle","dxtype":"varchar","keytitle":"样式标题","kvalue":"仿windows桌面主题特效"},{"keymark":"facedescribe","dxtype":"varchar","keytitle":"素材描述","kvalue":""},{"keymark":"CRTM","dxtype":"datetime","keytitle":"创建时刻","kvalue":"2026-01-20 18:30:48"},{"keymark":"CRTOR","dxtype":"varchar","keytitle":"创建者","kvalue":"hellowocao"},{"keymark":"OLMK","dxtype":"varchar","keytitle":"唯一标记","kvalue":"DA7ADAAA-8D2B-5F68-C14A-D6D5A39B85C5"},{"keymark":"PRIME","dxtype":"decimal1","keytitle":"引用次数","kvalue":"0"},{"keymark":"PTOF","dxtype":"varchar","keytitle":"归属","kvalue":""},{"keymark":"RIP","dxtype":"varchar","keytitle":"远程IP","kvalue":""},{"keymark":"STATUS","dxtype":"tinyint","keytitle":"流程状态","kvalue":"1"},{"keymark":"STCODE","dxtype":"varchar","keytitle":"缩略图","kvalue":""},{"keymark":"UPTM","dxtype":"datetime","keytitle":"更改时刻","kvalue":"2026-01-20 18:38:12"},{"keymark":"VRT","dxtype":"varchar","keytitle":"流程编码","kvalue":""},{"keymark":"facecolor","dxtype":"select","keytitle":"素材颜色系","kvalue":""},{"keymark":"faceimg","dxtype":"imagex","keytitle":"封面图片","kvalue":""},{"keymark":"linkfuns","dxtype":"varchar","keytitle":"关联函数","kvalue":""},{"keymark":"linkclss","dxtype":"varchar","keytitle":"关联类","kvalue":""},{"keymark":"filepath","dxtype":"filex","keytitle":"文件路径","kvalue":""},{"keymark":"sysid","dxtype":"select","keytitle":"系统ID","kvalue":"1"},{"keymark":"vermd5","dxtype":"varchar","keytitle":"版本号","kvalue":""}]}