{"status":"1","rtype":"formx","rcode":"WNc99Q","rtitle":"页面集团文本","ver":"02044f882ade9c0aa51d3db35e81e761","vls":[{"restype":"jsondata","rescode":"WNc99Q_basedata","resmd5":"bf7805b76cfc7e29224b04acb69e1322","restitle":"页面集团文本","resurl":"http://hellowocao.com/localxres/datax/coode_shortdata/data/2583.json"},{"restype":"jsondata","rescode":"WNc99Q_cssdata","resmd5":"afa74e16fcfcae9e687f5c787d7d4f63","restitle":"页面集团文本","resurl":"http://hellowocao.com/localxres/datax/coode_shortcss/data/.json"},{"restype":"jsondata","rescode":"grpdid_extdata","resmd5":"0e09da4414ae83810571dc4cf6492fc3","restitle":"集团ID","resurl":"http://hellowocao.com/localxres/datax/coode_keydetaily/data/98280.json"},{"restype":"jsondata","rescode":"grpdtitle_extdata","resmd5":"f16a580dffde9746ecf756d207a84090","restitle":"集团名称","resurl":"http://hellowocao.com/localxres/datax/coode_keydetaily/data/98281.json"}]}