{"status":"1","rtype":"formx","rcode":"FNLbHX","rtitle":"业务逻辑期望","ver":"37b124fe0d08472b2e7da915f90e1387","vls":[{"restype":"jsondata","rescode":"FNLbHX_basedata","resmd5":"a85fab835b518767b9df4d7a8b1970f1","restitle":"业务逻辑期望","resurl":"http://hellowocao.com/localxres/datax/coode_shortdata/data/1462.json"},{"restype":"jsondata","rescode":"FNLbHX_cssdata","resmd5":"beeb8af9d003ee07eb94557c77a68bc5","restitle":"业务逻辑期望","resurl":"http://hellowocao.com/localxres/datax/coode_shortcss/data/.json"},{"restype":"jsondata","rescode":"myid_extdata","resmd5":"93807240960e60174a835898479b73d8","restitle":"本期望","resurl":"http://hellowocao.com/localxres/datax/coode_keydetaily/data/41706.json"},{"restype":"jsondata","rescode":"blogicdescrib_extdata","resmd5":"0902944b4583c9f6de43bc310e406ac1","restitle":"业务逻辑描述","resurl":"http://hellowocao.com/localxres/datax/coode_keydetaily/data/41705.json"},{"restype":"jsondata","rescode":"blogictype_extdata","resmd5":"1d61a5929743c7fd5f080be44c4055b1","restitle":"业务逻辑类型","resurl":"http://hellowocao.com/localxres/datax/coode_keydetaily/data/41704.json"},{"restype":"jsondata","rescode":"blogictitle_extdata","resmd5":"84b5860c0707a66f13e56193c4ce4c5b","restitle":"业务逻辑标题","resurl":"http://hellowocao.com/localxres/datax/coode_keydetaily/data/41703.json"},{"restype":"jsondata","rescode":"blogicmark_extdata","resmd5":"cb8e32ba60acaef4813ebb5ebceaee00","restitle":"业务逻辑标记","resurl":"http://hellowocao.com/localxres/datax/coode_keydetaily/data/41702.json"},{"restype":"jsondata","rescode":"OLMK_extdata","resmd5":"48982439219441512f12de1e18f1ed20","restitle":"唯一标记","resurl":"http://hellowocao.com/localxres/datax/coode_keydetaily/data/41710.json"},{"restype":"jsondata","rescode":"meanmark_extdata","resmd5":"55acc80d5906382edc3966dc801d4931","restitle":" 期望标记","resurl":"http://hellowocao.com/localxres/datax/coode_keydetaily/data/41700.json"},{"restype":"jsondata","rescode":"OPRT_extdata","resmd5":"b667e05bfe460684426ed611bc2652fb","restitle":"操作","resurl":"http://hellowocao.com/localxres/datax/coode_keydetaily/data/41701.json"},{"restype":"jsondata","rescode":"parid_extdata","resmd5":"9c3e00400483c13c9bb75b43c073a47d","restitle":"父期望","resurl":"http://hellowocao.com/localxres/datax/coode_keydetaily/data/41707.json"},{"restype":"jsondata","rescode":"SNO_extdata","resmd5":"c84ea6aba55f505b2aea1040b8afa27e","restitle":"编号","resurl":"http://hellowocao.com/localxres/datax/coode_keydetaily/data/41699.json"},{"restype":"jsondata","rescode":"sysid_extdata","resmd5":"b18ab577047fd14645575de514a412f4","restitle":"系统ID","resurl":"http://hellowocao.com/localxres/datax/coode_keydetaily/data/41711.json"},{"restype":"jsondata","rescode":"linkres_extdata","resmd5":"e39be8b57b1efcf49cce5065371aac5f","restitle":"编号","resurl":"http://hellowocao.com/localxres/datax/coode_keydetaily/data/41712.json"}]}