{"status":"1","rtype":"tempx","rcode":"bmappoints.index","rtitle":"大地图点位","ver":"1e9fc47019a85b8ce2ae8ec953b92bac","vls":[{"restype":"csspagex","rescode":"bigmap","resmd5":"78f4df6b51028a98336b9ca25cdd1693","restitle":"大地图点位的bigmap","resurl":"http://qianjilian.com/localxres/csspagex/bigmap/bigmap_csspagex.zip"},{"restype":"tempx","rescode":"bmappoints.index","resmd5":"1e9fc47019a85b8ce2ae8ec953b92bac","restitle":"大地图点位","resurl":"http://qianjilian.com/localxres/tempx/bmappoints/bmappoints-index_tempx.zip"}]}