{"status":"1","rtype":"tabx","rcode":"coode_errmethod","rtitle":"错误解决方案","ver":"ee5f8da75114a30f8b7837c974e02baf","crtsql":"CREATE TABLE coode_errmethod (SNO int(11) NOT NULL AUTO_INCREMENT,bugid varchar(50) NOT NULL,bugact varchar(255) NOT NULL,bugreason varchar(1024) NOT NULL,OLMK varchar(255) NOT NULL,CRTOR varchar(255) NOT NULL,PRIME int(11) NOT NULL,STCODE varchar(1024) NOT NULL,STATUS tinyint(4) NOT NULL,VRT varchar(255) NOT NULL,RIP varchar(255) NOT NULL,UPTM datetime NOT NULL,CRTM datetime NOT NULL,PTOF varchar(255) NOT NULL,PRIMARY KEY (SNO)) ENGINE=MyISAM AUTO_INCREMENT=1 DEFAULT CHARSET=utf8;","vls":[{"restype":"jsondata","rescode":"coode_errmethod_basedata","resmd5":"574c70f9cfa7214bc077106034459a60","restitle":"错误解决方案","resurl":"http://hellowocao.com/localxres/datax/coode_tablist/data/963.json"},{"restype":"jsondata","rescode":"SNO_extdata","resmd5":"72b8d8be0a26f4ba9bc1c70c7cae6b14","restitle":"编号","resurl":"http://hellowocao.com/localxres/datax/coode_keydetailx/data/1353.json"},{"restype":"jsondata","rescode":"bugid_extdata","resmd5":"5bd87c4dacf0172119258644b591cf2a","restitle":"bugid","resurl":"http://hellowocao.com/localxres/datax/coode_keydetailx/data/1354.json"},{"restype":"jsondata","rescode":"bugact_extdata","resmd5":"dd0d3d9cf5871599e63a38d660da99b3","restitle":"bugact","resurl":"http://hellowocao.com/localxres/datax/coode_keydetailx/data/1355.json"},{"restype":"jsondata","rescode":"bugreason_extdata","resmd5":"f97d6c079557812353abbd824b2d85e0","restitle":"bugreason","resurl":"http://hellowocao.com/localxres/datax/coode_keydetailx/data/1356.json"},{"restype":"jsondata","rescode":"OLMK_extdata","resmd5":"7fc8ecaaa14fc3353796b4998602cc2b","restitle":"唯一标记","resurl":"http://hellowocao.com/localxres/datax/coode_keydetailx/data/1357.json"},{"restype":"jsondata","rescode":"CRTOR_extdata","resmd5":"369caa00422c4010ea1dd61fe513451e","restitle":"创建者","resurl":"http://hellowocao.com/localxres/datax/coode_keydetailx/data/1358.json"},{"restype":"jsondata","rescode":"PRIME_extdata","resmd5":"eea2e8fd851fefa081fa7fc0646dddc6","restitle":"素数定类","resurl":"http://hellowocao.com/localxres/datax/coode_keydetailx/data/1359.json"},{"restype":"jsondata","rescode":"STCODE_extdata","resmd5":"21b891b5c75899efdcf11fa56e6a2296","restitle":"流程脚本","resurl":"http://hellowocao.com/localxres/datax/coode_keydetailx/data/1360.json"},{"restype":"jsondata","rescode":"STATUS_extdata","resmd5":"bf5b29b078f58cdfcf2f2a898ee9c1c0","restitle":"流程状态","resurl":"http://hellowocao.com/localxres/datax/coode_keydetailx/data/1361.json"},{"restype":"jsondata","rescode":"VRT_extdata","resmd5":"8e529ae1f1d1df59039b996cfdea1512","restitle":"流程编码","resurl":"http://hellowocao.com/localxres/datax/coode_keydetailx/data/1362.json"},{"restype":"jsondata","rescode":"RIP_extdata","resmd5":"e7b2c9cd9adfa189289a08c06e2accf3","restitle":"远程IP","resurl":"http://hellowocao.com/localxres/datax/coode_keydetailx/data/1363.json"},{"restype":"jsondata","rescode":"UPTM_extdata","resmd5":"afcd27d4c1c40abb731608e4805b5443","restitle":"更改时刻","resurl":"http://hellowocao.com/localxres/datax/coode_keydetailx/data/1364.json"},{"restype":"jsondata","rescode":"CRTM_extdata","resmd5":"51ec158cc6f05fe3d0e9b9248a845443","restitle":"创建时刻","resurl":"http://hellowocao.com/localxres/datax/coode_keydetailx/data/1365.json"},{"restype":"jsondata","rescode":"PTOF_extdata","resmd5":"528abd19af52c4a5d4a45db5d88af6c5","restitle":"归属","resurl":"http://hellowocao.com/localxres/datax/coode_keydetailx/data/1366.json"}]}