{"status":"1","tabnm":"coode_apipool","tabtitle":"接口池","tabsno":"12","crtsql":"CREATE TABLE coode_apipool (SNO int(11) NOT NULL AUTO_INCREMENT,sysid varchar(50) NOT NULL,apicode varchar(50) NOT NULL,appid varchar(100) NOT NULL,apikey varchar(255) NOT NULL,apival varchar(255) NOT NULL,apititle varchar(1024) NOT NULL,parcode varchar(100) NOT NULL,partitle varchar(255) NOT NULL,vermd5 varchar(32) NOT NULL,CRTM datetime NOT NULL,CRTOR varchar(255) NOT NULL,OLMK varchar(255) NOT NULL,OPRT varchar(1024) NOT NULL,PRIME int(11) NOT NULL,PTOF varchar(255) NOT NULL,RIP varchar(255) NOT NULL,STATUS tinyint(4) NOT NULL,STCODE varchar(1024) NOT NULL,UPTM datetime NOT NULL,VRT varchar(255) NOT NULL,PRIMARY KEY (SNO)) ENGINE=MyISAM AUTO_INCREMENT=1 DEFAULT CHARSET=utf8;","allkeys":"api识别码,验证key,接口标题,验证VAL,应用ID,创建时刻,创建者,唯一标记,操作,平台代码,平台标题,素数定类,归属,远程IP,编号,流程状态,流程脚本,系统ID,更改时刻,版本号,流程编码|apicode,apikey,apititle,apival,appid,CRTM,CRTOR,OLMK,OPRT,parcode,partitle,PRIME,PTOF,RIP,SNO,STATUS,STCODE,sysid,UPTM,vermd5,VRT","parreskey":"","mainsqx":"SNO","srckey":"appid","srcttk":"apititle","rtype":"apix","parcode":"","rcode":"46661987","rtitle":"百度云相似图片识别-老叔号","ver":"20260129120956","vls":[{"keymark":"appid","dxtype":"varchar","keytitle":"应用ID","kvalue":"46661987"},{"keymark":"vermd5","dxtype":"varchar","keytitle":"版本号","kvalue":""},{"keymark":"sysid","dxtype":"select","keytitle":"系统ID","kvalue":"1"},{"keymark":"apikey","dxtype":"varchar","keytitle":"验证key","kvalue":"VbXpBrK2jYEqTn4p9wUGsGF2"},{"keymark":"apival","dxtype":"varchar","keytitle":"验证VAL","kvalue":"5X7IVQZ0UVE0AVq1FwmkwDiXni5ZSfj9"},{"keymark":"apititle","dxtype":"varchar","keytitle":"接口标题","kvalue":"百度云相似图片识别-老叔号"},{"keymark":"parcode","dxtype":"varchar","keytitle":"平台代码","kvalue":"baidu.com"},{"keymark":"partitle","dxtype":"varchar","keytitle":"平台标题","kvalue":"百度"},{"keymark":"CRTM","dxtype":"datetime","keytitle":"创建时刻","kvalue":"2024-01-08 16:54:42"},{"keymark":"CRTOR","dxtype":"varchar","keytitle":"创建者","kvalue":"hellowocao"},{"keymark":"OLMK","dxtype":"varchar","keytitle":"唯一标记","kvalue":"3f16540f-e0e5-4ceb-841d-9521384f633b"},{"keymark":"OPRT","dxtype":"chtml","keytitle":"操作","kvalue":""},{"keymark":"PRIME","dxtype":"int","keytitle":"资源升级","kvalue":"0"},{"keymark":"PTOF","dxtype":"varchar","keytitle":"归属","kvalue":""},{"keymark":"RIP","dxtype":"varchar","keytitle":"远程IP","kvalue":"112.39.181.106"},{"keymark":"STATUS","dxtype":"tinyint","keytitle":"流程状态","kvalue":"0"},{"keymark":"STCODE","dxtype":"varchar","keytitle":"流程脚本","kvalue":""},{"keymark":"UPTM","dxtype":"datetime","keytitle":"更改时刻","kvalue":"2024-01-08 16:55:14"},{"keymark":"VRT","dxtype":"varchar","keytitle":"流程编码","kvalue":"296933b58fe83d788bfe2539193b9f53"},{"keymark":"apicode","dxtype":"varchar","keytitle":"api识别码","kvalue":"bdtpwxl"}]}