{"status":"1","rtype":"formx","rcode":"YPKjpf","rtitle":"图片资源表","ver":"12c8dc41608eb12a28680d226ffb5f3b","vls":[{"restype":"jsondata","rescode":"YPKjpf_basedata","resmd5":"fd19bd1d4ef9395acc0b4247e96d07c9","restitle":"图片资源表","resurl":"http://hellowocao.com/localxres/datax/coode_shortdata/data/1480.json"},{"restype":"jsondata","rescode":"YPKjpf_cssdata","resmd5":"1c7335456d7658af2e6f6a3a10668793","restitle":"图片资源表","resurl":"http://hellowocao.com/localxres/datax/coode_shortcss/data/227.json"},{"restype":"jsondata","rescode":"SNO_extdata","resmd5":"c3e93b6a6b9734b76a3f8d14d4baa531","restitle":"编号","resurl":"http://hellowocao.com/localxres/datax/coode_keydetaily/data/31064.json"},{"restype":"jsondata","rescode":"imgmark_extdata","resmd5":"debce5878265b41403081184e54e7b4f","restitle":"图片标记","resurl":"http://hellowocao.com/localxres/datax/coode_keydetaily/data/31065.json"},{"restype":"jsondata","rescode":"imgtitle_extdata","resmd5":"7d7aa32f820c9fba024af0bb9672db2d","restitle":"图片标题","resurl":"http://hellowocao.com/localxres/datax/coode_keydetaily/data/31066.json"},{"restype":"jsondata","rescode":"imgdescrib_extdata","resmd5":"192b1f74b5905922f412bfdccd5d16b4","restitle":"图片描述","resurl":"http://hellowocao.com/localxres/datax/coode_keydetaily/data/31067.json"},{"restype":"jsondata","rescode":"stockplace_extdata","resmd5":"dc6b629687e8b98478809eaa07037f73","restitle":"保存位置","resurl":"http://hellowocao.com/localxres/datax/coode_keydetaily/data/31068.json"},{"restype":"jsondata","rescode":"tablename_extdata","resmd5":"85357ca39b875e8907ac9685a595d2eb","restitle":"表名","resurl":"http://hellowocao.com/localxres/datax/coode_keydetaily/data/31069.json"},{"restype":"jsondata","rescode":"tablekey_extdata","resmd5":"ed5c91f649dacc4663efb0e66e32b6b7","restitle":"表字段","resurl":"http://hellowocao.com/localxres/datax/coode_keydetaily/data/31070.json"},{"restype":"jsondata","rescode":"tablesno_extdata","resmd5":"471737f6dbc64054a78c3fd736d93584","restitle":"关联数据号","resurl":"http://hellowocao.com/localxres/datax/coode_keydetaily/data/31071.json"},{"restype":"jsondata","rescode":"imgtype_extdata","resmd5":"4c19a5712358d5b898cb0ecb1e07e3d8","restitle":"图片类型","resurl":"http://hellowocao.com/localxres/datax/coode_keydetaily/data/31717.json"},{"restype":"jsondata","rescode":"imglabel_extdata","resmd5":"435666ecb943e5013f84abf3412a0f8d","restitle":"图片标签","resurl":"http://hellowocao.com/localxres/datax/coode_keydetaily/data/31073.json"},{"restype":"jsondata","rescode":"imgfromurl_extdata","resmd5":"6cce224e4a1f6b2b704ffffa0ffa74f9","restitle":"图片来源","resurl":"http://hellowocao.com/localxres/datax/coode_keydetaily/data/31074.json"},{"restype":"jsondata","rescode":"imglcurl_extdata","resmd5":"4d51035056cb5a79a2a17a4bfca87135","restitle":"本地地址","resurl":"http://hellowocao.com/localxres/datax/coode_keydetaily/data/31075.json"},{"restype":"jsondata","rescode":"imgrmturl_extdata","resmd5":"541df9741605375da66f1533d5465658","restitle":"云存储地址","resurl":"http://hellowocao.com/localxres/datax/coode_keydetaily/data/31076.json"},{"restype":"jsondata","rescode":"imghsturl_extdata","resmd5":"6f1ff968d315bb4869feb663498c9788","restitle":"本服务器远程地址","resurl":"http://hellowocao.com/localxres/datax/coode_keydetaily/data/31077.json"},{"restype":"jsondata","rescode":"imgcode_extdata","resmd5":"98250aea9f13e75ebb94508ac6f7b08c","restitle":"图代码","resurl":"http://hellowocao.com/localxres/datax/coode_keydetaily/data/31078.json"},{"restype":"jsondata","rescode":"imgcls_extdata","resmd5":"a8837d99cc49c064c714f8066bd98661","restitle":"图片分类","resurl":"http://hellowocao.com/localxres/datax/coode_keydetaily/data/31716.json"}]}