{"status":"1","rtype":"formx","rcode":"8oFjNF","rtitle":"XvlEaV的一级分类","ver":"1673b1334185ba7aa4d4d05fb6f3553b","vls":[{"restype":"jsondata","rescode":"8oFjNF_basedata","resmd5":"f08e13decc0bb76a283a8fe61a763d28","restitle":"XvlEaV的一级分类","resurl":"http://hellowocao.com/localxres/datax/coode_shortdata/data/2336.json"},{"restype":"jsondata","rescode":"8oFjNF_cssdata","resmd5":"cabf20d45be734490b0fd363cc408bc1","restitle":"XvlEaV的一级分类","resurl":"http://hellowocao.com/localxres/datax/coode_shortcss/data/.json"}]}