{"status":"1","rtype":"formx","rcode":"EhgRQ9","rtitle":"表格角色用户权限","ver":"fba58a7c215991cbb938b76a7b835bca","vls":[{"restype":"jsondata","rescode":"EhgRQ9_basedata","resmd5":"ca2e9815a7fb87d4c6c4782c254f553f","restitle":"表格角色用户权限","resurl":"http://hellowocao.com/localxres/datax/coode_shortdata/data/2764.json"},{"restype":"jsondata","rescode":"EhgRQ9_cssdata","resmd5":"a3a30afe0e0636110f961312fb3b1f9b","restitle":"表格角色用户权限","resurl":"http://hellowocao.com/localxres/datax/coode_shortcss/data/.json"}]}