{"status":"1","rtype":"formx","rcode":"mxTEbv","rtitle":"mxTEbv","ver":"9bab948defdf90f074f49cdeb603ef9a","vls":[{"restype":"jsondata","rescode":"mxTEbv_basedata","resmd5":"4eef396f4b022aead6d70b4d0ea97b2b","restitle":"mxTEbv","resurl":"http://hellowocao.com/localxres/datax/coode_shortdata/data/74.json"},{"restype":"jsondata","rescode":"mxTEbv_cssdata","resmd5":"ccb4d55db23da37b6eba7f3fcd042a91","restitle":"mxTEbv","resurl":"http://hellowocao.com/localxres/datax/coode_shortcss/data/.json"},{"restype":"jsondata","rescode":"unitmark_extdata","resmd5":"93ecd1aee6a722597fd669ab38d13c23","restitle":"样式标记","resurl":"http://hellowocao.com/localxres/datax/coode_keydetaily/data/12660.json"},{"restype":"jsondata","rescode":"unittitle_extdata","resmd5":"af3344973485fb3354974c6c1f7e5a90","restitle":"编号","resurl":"http://hellowocao.com/localxres/datax/coode_keydetaily/data/12649.json"}]}