{"status":"1","rtype":"formx","rcode":"YCd2js","rtitle":"吸收方法定义文本","ver":"dfbdb24c573b99414fe7f8dc3eafaa12","vls":[{"restype":"jsondata","rescode":"YCd2js_basedata","resmd5":"fe712dd37251056b90861d56505e2c8d","restitle":"吸收方法定义文本","resurl":"http://hellowocao.com/localxres/datax/coode_shortdata/data/2345.json"},{"restype":"jsondata","rescode":"YCd2js_cssdata","resmd5":"27b20497df9d34ab52f3063d6656bf7b","restitle":"吸收方法定义文本","resurl":"http://hellowocao.com/localxres/datax/coode_shortcss/data/.json"}]}