{"status":"1","rtype":"formx","rcode":"bENM54","rtitle":"bENM54","ver":"437921a08b9be0878f2f31646c076e81","vls":[{"restype":"jsondata","rescode":"bENM54_basedata","resmd5":"4551a71a1878c0b0e6c12ced4a8c9b5f","restitle":"bENM54","resurl":"http://hellowocao.com/localxres/datax/coode_shortdata/data/189.json"},{"restype":"jsondata","rescode":"bENM54_cssdata","resmd5":"10328fd1d212456bf2248c07c9d4d99d","restitle":"bENM54","resurl":"http://hellowocao.com/localxres/datax/coode_shortcss/data/.json"},{"restype":"jsondata","rescode":"SNO_extdata","resmd5":"f700fdc2d125d1eb7cefb241731c49f3","restitle":"数据编号","resurl":"http://hellowocao.com/localxres/datax/coode_keydetaily/data/2587.json"},{"restype":"jsondata","rescode":"orititle_extdata","resmd5":"5f5d32bc5a8acf574c7a9b680c61ad36","restitle":"编号","resurl":"http://hellowocao.com/localxres/datax/coode_keydetaily/data/2588.json"},{"restype":"jsondata","rescode":"mytitle_extdata","resmd5":"a7e3475b26412da05eb7c5331c2fd696","restitle":"编号","resurl":"http://hellowocao.com/localxres/datax/coode_keydetaily/data/2589.json"},{"restype":"jsondata","rescode":"OLMK_extdata","resmd5":"ce44e9d6a900175f780261a916b413d6","restitle":"唯一标记","resurl":"http://hellowocao.com/localxres/datax/coode_keydetaily/data/2590.json"},{"restype":"jsondata","rescode":"STATUS_extdata","resmd5":"86640951d097310c205d44edeeb3b99e","restitle":"数据状态","resurl":"http://hellowocao.com/localxres/datax/coode_keydetaily/data/2591.json"},{"restype":"jsondata","rescode":"tipcls_extdata","resmd5":"43202b8e44c54336d9e012425bbf4b57","restitle":"应达目的","resurl":"http://hellowocao.com/localxres/datax/coode_keydetaily/data/4345.json"}]}