{"status":"1","rtype":"formx","rcode":"tIQlO7","rtitle":"系统文件树","ver":"f01fe7b10afa9dc50e658bb55d3658fa","vls":[{"restype":"jsondata","rescode":"tIQlO7_basedata","resmd5":"6ceeeec2c3c622d0127725f4189c4615","restitle":"系统文件树","resurl":"http://hellowocao.com/localxres/datax/coode_shortdata/data/1546.json"},{"restype":"jsondata","rescode":"tIQlO7_cssdata","resmd5":"500cd4aba943e734b2cc0baadccdfbfd","restitle":"系统文件树","resurl":"http://hellowocao.com/localxres/datax/coode_shortcss/data/.json"},{"restype":"jsondata","rescode":"SNO_extdata","resmd5":"e6747c6d7f86f1f62cd872b0e968aa34","restitle":"编号","resurl":"http://hellowocao.com/localxres/datax/coode_keydetaily/data/32938.json"},{"restype":"jsondata","rescode":"sysid_extdata","resmd5":"ed2532b8c58bc051aed175b6e6b6cbcd","restitle":"系统ID","resurl":"http://hellowocao.com/localxres/datax/coode_keydetaily/data/32939.json"},{"restype":"jsondata","rescode":"srctype_extdata","resmd5":"4c39a6430955292498dea2ba97af2503","restitle":"资源类型","resurl":"http://hellowocao.com/localxres/datax/coode_keydetaily/data/32940.json"},{"restype":"jsondata","rescode":"srcid_extdata","resmd5":"25fd91f65de4abbf74fc43889230a849","restitle":"资源id","resurl":"http://hellowocao.com/localxres/datax/coode_keydetaily/data/32941.json"},{"restype":"jsondata","rescode":"srctitle_extdata","resmd5":"6d18033c63598e214a48e066012cbdd8","restitle":"资源名称","resurl":"http://hellowocao.com/localxres/datax/coode_keydetaily/data/32942.json"},{"restype":"jsondata","rescode":"srchead_extdata","resmd5":"702b7841fa4978e46934ae3e2c6e0484","restitle":"编号","resurl":"http://hellowocao.com/localxres/datax/coode_keydetaily/data/32943.json"},{"restype":"jsondata","rescode":"srcimg_extdata","resmd5":"1e1508f9f0ca6e3959658d06a474b0e0","restitle":"资源图片","resurl":"http://hellowocao.com/localxres/datax/coode_keydetaily/data/32944.json"},{"restype":"jsondata","rescode":"srcdescrib_extdata","resmd5":"e5ede85fe804098a6532b87637244e88","restitle":"编号","resurl":"http://hellowocao.com/localxres/datax/coode_keydetaily/data/32945.json"},{"restype":"jsondata","rescode":"myid_extdata","resmd5":"26c95e6a0ae3ad62934a29b8fc40046b","restitle":"本id","resurl":"http://hellowocao.com/localxres/datax/coode_keydetaily/data/32946.json"},{"restype":"jsondata","rescode":"parid_extdata","resmd5":"dca0d35aab29fdfaddca7cd5d100f1f3","restitle":"父id","resurl":"http://hellowocao.com/localxres/datax/coode_keydetaily/data/32947.json"},{"restype":"jsondata","rescode":"parsrcid_extdata","resmd5":"acc3ad1144889ea007d1ddb3162e4e65","restitle":"父资源ID","resurl":"http://hellowocao.com/localxres/datax/coode_keydetaily/data/32948.json"},{"restype":"jsondata","rescode":"parsrctitle_extdata","resmd5":"0822d4fa8b24d4d8039a15c6c574e220","restitle":"父资源标题","resurl":"http://hellowocao.com/localxres/datax/coode_keydetaily/data/32949.json"},{"restype":"jsondata","rescode":"srcmd5_extdata","resmd5":"eca7e907ef2e563157ef9d3e3a2ec2c6","restitle":"资源md5","resurl":"http://hellowocao.com/localxres/datax/coode_keydetaily/data/32950.json"}]}