{"status":"1","rtype":"formx","rcode":"btiSvw","rtitle":"表格角色访问权限设置","ver":"c634821a6e439c5fa49a6c506106f7a1","vls":[{"restype":"jsondata","rescode":"btiSvw_basedata","resmd5":"2be6beb7d9049d26ca9404624676c45f","restitle":"表格角色访问权限设置","resurl":"http://hellowocao.com/localxres/datax/coode_shortdata/data/2111.json"},{"restype":"jsondata","rescode":"btiSvw_cssdata","resmd5":"9545ee99b3b1eaf17e1128b40f19ab64","restitle":"表格角色访问权限设置","resurl":"http://hellowocao.com/localxres/datax/coode_shortcss/data/.json"},{"restype":"jsondata","rescode":"itemkill_extdata","resmd5":"579947bf124cfb73cff14da365912966","restitle":"禁止删除","resurl":"http://hellowocao.com/localxres/datax/coode_keydetaily/data/44616.json"},{"restype":"jsondata","rescode":"updatekeys_extdata","resmd5":"c6baef7681fb0cc2f05ae5e9087e4bad","restitle":"更改字段","resurl":"http://hellowocao.com/localxres/datax/coode_keydetaily/data/44615.json"},{"restype":"jsondata","rescode":"viewkeys_extdata","resmd5":"8232fef700a9eb02b486eba4cc41653b","restitle":"查看字段","resurl":"http://hellowocao.com/localxres/datax/coode_keydetaily/data/44614.json"},{"restype":"jsondata","rescode":"accessrole_extdata","resmd5":"ed9eb6080ee5086bd644b11711b730b3","restitle":"访问角色","resurl":"http://hellowocao.com/localxres/datax/coode_keydetaily/data/44613.json"},{"restype":"jsondata","rescode":"accesscdt_extdata","resmd5":"151ecf368c29f05f5d2a403bbbcb61f4","restitle":"访问条件","resurl":"http://hellowocao.com/localxres/datax/coode_keydetaily/data/44612.json"},{"restype":"jsondata","rescode":"dbmark_extdata","resmd5":"2bd3b5ec8e4b00b4da0f8b7fc4fda7cf","restitle":"表格标记","resurl":"http://hellowocao.com/localxres/datax/coode_keydetaily/data/44610.json"},{"restype":"jsondata","rescode":"acctitle_extdata","resmd5":"b528a9288345a0ad1406f7cebe239d24","restitle":"权限标题","resurl":"http://hellowocao.com/localxres/datax/coode_keydetaily/data/44609.json"},{"restype":"jsondata","rescode":"accmark_extdata","resmd5":"38508feef361ee050bc67288894002f6","restitle":"权限标记","resurl":"http://hellowocao.com/localxres/datax/coode_keydetaily/data/44608.json"},{"restype":"jsondata","rescode":"SNO_extdata","resmd5":"72ed67fb0bd9c4f1252276fc9c4d7154","restitle":"数据编号","resurl":"http://hellowocao.com/localxres/datax/coode_keydetaily/data/44607.json"},{"restype":"jsondata","rescode":"dbtabnm_extdata","resmd5":"c203dbb4702dc11254632a473e3e1746","restitle":"数据表名字","resurl":"http://hellowocao.com/localxres/datax/coode_keydetaily/data/44611.json"},{"restype":"jsondata","rescode":"OLMK_extdata","resmd5":"fc251e2124e4643672eeb2a46f724acd","restitle":"数据唯标","resurl":"http://hellowocao.com/localxres/datax/coode_keydetaily/data/44605.json"},{"restype":"jsondata","rescode":"OPRT_extdata","resmd5":"3be4642847fdb039825acce8ba653346","restitle":"操作","resurl":"http://hellowocao.com/localxres/datax/coode_keydetaily/data/44606.json"}]}