{"status":"1","rtype":"formx","rcode":"insori","rtitle":"安装源列表","ver":"4e11f36c558d9da055f09b5b71916120","vls":[{"restype":"jsondata","rescode":"insori_basedata","resmd5":"a4788f008420a1fac6a71e9a548edb31","restitle":"安装源列表","resurl":"http://hellowocao.com/localxres/datax/coode_shortdata/data/2779.json"},{"restype":"jsondata","rescode":"insori_cssdata","resmd5":"00607f7462f86531e5c3089eceff8c96","restitle":"安装源列表","resurl":"http://hellowocao.com/localxres/datax/coode_shortcss/data/.json"}]}