{"status":"1","tabnm":"coode_shortdata","tabtitle":"表单","tabsno":"130","crtsql":"CREATE TABLE coode_shortdata (SNO int(11) NOT NULL AUTO_INCREMENT,worldmarks varchar(1024) NOT NULL,restpcode varchar(100) NOT NULL,tabnick varchar(50) NOT NULL,shortid varchar(50) NOT NULL,shorttitle varchar(255) NOT NULL,datahost varchar(255) NOT NULL,sysid varchar(50) NOT NULL,retrievekey varchar(1024) NOT NULL,caseid varchar(100) NOT NULL,caseext varchar(1024) NOT NULL,detailid varchar(100) NOT NULL,detailext varchar(1024) NOT NULL,tablename varchar(50) NOT NULL,vermd5 varchar(50) NOT NULL,allkeys text NOT NULL,showkeys varchar(1024) NOT NULL,skeys varchar(1024) NOT NULL,frmexp varchar(255) NOT NULL,sqlbody text NOT NULL,cdt varchar(1024) NOT NULL,extc varchar(1024) NOT NULL,orddt varchar(255) NOT NULL,lang varchar(30) NOT NULL,dttp varchar(30) NOT NULL,jsonid varchar(30) NOT NULL,keyitem varchar(100) NOT NULL,issys tinyint(4) NOT NULL,fileurl varchar(100) NOT NULL,addtitle varchar(255) NOT NULL,addpage varchar(1024) NOT NULL,heightx varchar(50) NOT NULL,widthx varchar(50) NOT NULL,fixed varchar(1024) NOT NULL,lastvisit datetime NOT NULL,tabcls varchar(255) NOT NULL,schm varchar(50) NOT NULL,OLMK varchar(30) NOT NULL,VRT varchar(100) NOT NULL,PTOF varchar(30) NOT NULL,CRTOR varchar(255) NOT NULL,STATUS tinyint(4) NOT NULL,UPTM datetime NOT NULL,CRTM datetime NOT NULL,STCODE varchar(1024) NOT NULL,PRIME int(11) NOT NULL,RIP varchar(255) NOT NULL,OPRT varchar(1024) NOT NULL,PRIMARY KEY (SNO),UNIQUE KEY olshort (shortid) USING BTREE) ENGINE=MyISAM AUTO_INCREMENT=1 DEFAULT CHARSET=utf8;","allkeys":"新增页面,新增名称,全部,模板扩展,列表模板,条件,创建时刻,创建人,数据服务器,detail_ext,新增模板,数据类型,扩展条件,文件地址,是否固定,结构表达式,高度,系统,数格编码,字段格式,使用页面,last_visit,唯一标记,操作,排序条件,主显,归属,资源代码,交换字段,远程IP,数据库名,表单ID,短数据标题,展示字段,搜索字段,编号,查询体,版本查看,分页分类,系统ID,分页类别,表名,表格昵名,更新时刻,版本MD5,数据同步,宽度,世界标记|addpage,addtitle,allkeys,caseext,caseid,cdt,CRTM,CRTOR,datahost,detailext,detailid,dttp,extc,fileurl,fixed,frmexp,heightx,issys,jsonid,keyitem,lang,lastvisit,OLMK,OPRT,orddt,PRIME,PTOF,restpcode,retrievekey,RIP,schm,shortid,shorttitle,showkeys,skeys,SNO,sqlbody,STATUS,STCODE,sysid,tabcls,tablename,tabnick,UPTM,vermd5,VRT,widthx,worldmarks","parreskey":"","mainsqx":"SNO","srckey":"shortid","srcttk":"shorttitle","rtype":"formx","parcode":"","rcode":"7KjEVh","rtitle":"7KjEVh","ver":"20260129114500","vls":[{"keymark":"retrievekey","dxtype":"varchar","keytitle":"交换字段","kvalue":""},{"keymark":"schm","dxtype":"varchar","keytitle":"数据库名","kvalue":""},{"keymark":"caseext","dxtype":"varchar","keytitle":"模板扩展","kvalue":""},{"keymark":"detailext","dxtype":"varchar","keytitle":"detail_ext","kvalue":""},{"keymark":"tabnick","dxtype":"varchar","keytitle":"表格昵名","kvalue":""},{"keymark":"vermd5","dxtype":"varchar","keytitle":"版本MD5","kvalue":"d5d69f541d2e70d7c7a48b7c26eb50d9"},{"keymark":"datahost","dxtype":"varchar","keytitle":"数据服务器","kvalue":""},{"keymark":"detailid","dxtype":"select","keytitle":"新增模板","kvalue":"layuiform.index"},{"keymark":"sysid","dxtype":"select","keytitle":"系统ID","kvalue":"0"},{"keymark":"keyitem","dxtype":"varchar","keytitle":"字段格式","kvalue":""},{"keymark":"jsonid","dxtype":"varchar","keytitle":"数格编码","kvalue":""},{"keymark":"OPRT","dxtype":"chtml","keytitle":"操作","kvalue":""},{"keymark":"caseid","dxtype":"select","keytitle":"列表模板","kvalue":"layuitable.index"},{"keymark":"allkeys","dxtype":"varchar","keytitle":"全部","kvalue":"affclss,请afffuns, afftabs,所有特征数,应用id,行业,版权标记,创建时刻,创建人,本地地址,远程地址,参数数量,测试填表单,使用介绍,隶属资源,函数别名,函数内容,函数测试,函数名,函数类型,函数头像,产业,是否数据,是否文件,可独立,设置权限,是否系统,tablename_istemp,语言, lastfull, linex,业务,老脚本,唯一标记,操作,平行分裂,更改状态,数据归属,测试参数,依赖核心,远程IP,编号,版本查看,资源获取,异步,系统ID,更新时刻,使用地点,版本号,版本,同步数据|affclss,afffuns,afftabs,allcharas,appid,business,copyrightmark,CRTM,CRTOR,filelcpath,fileurl,fkeys,formtest,funbody,funcls,funcname,funfull,funkey,funname,funtype,imhead,industry,isdb,isfile,isiden,ispmiss,issys,istemp,lang,lastfull,linex,matter,oldfull,OLMK,OPRT,parallelto,PRIME,PTOF,qrytest,relycore,RIP,SNO,STATUS,STCODE,syn,sysid,UPTM,usearea,vermd5,vers,VRT"},{"keymark":"extc","dxtype":"varchar","keytitle":"扩展条件","kvalue":""},{"keymark":"addtitle","dxtype":"varchar","keytitle":"新增名称","kvalue":""},{"keymark":"STATUS","dxtype":"tinyint","keytitle":"版本查看","kvalue":"0"},{"keymark":"STCODE","dxtype":"varchar","keytitle":"分页分类","kvalue":""},{"keymark":"tabcls","dxtype":"varchar","keytitle":"分页类别","kvalue":""},{"keymark":"PRIME","dxtype":"int","keytitle":"主显","kvalue":"0"},{"keymark":"RIP","dxtype":"varchar","keytitle":"远程IP","kvalue":""},{"keymark":"CRTOR","dxtype":"varchar","keytitle":"创建人","kvalue":"hellowocao"},{"keymark":"addpage","dxtype":"select","keytitle":"新增页面","kvalue":""},{"keymark":"shorttitle","dxtype":"varchar","keytitle":"短数据标题","kvalue":"7KjEVh"},{"keymark":"OLMK","dxtype":"varchar","keytitle":"唯一标记","kvalue":"42409ef0beb110c56597c15a948744"},{"keymark":"VRT","dxtype":"varchar","keytitle":"数据同步","kvalue":"1801ff0ea59c66d0b24431781021359a"},{"keymark":"PTOF","dxtype":"select","keytitle":"归属","kvalue":""},{"keymark":"lang","dxtype":"clstxt","keytitle":"使用页面","kvalue":"tablelistx"},{"keymark":"dttp","dxtype":"select","keytitle":"数据类型","kvalue":"html"},{"keymark":"issys","dxtype":"tinyint","keytitle":"系统","kvalue":"0"},{"keymark":"fileurl","dxtype":"varchar","keytitle":"文件地址","kvalue":"coode.hejiweiye.com/"},{"keymark":"cdt","dxtype":"varchar","keytitle":"条件","kvalue":" "},{"keymark":"orddt","dxtype":"varchar","keytitle":"排序条件","kvalue":"  order by SNO desc"},{"keymark":"CRTM","dxtype":"datetime","keytitle":"创建时刻","kvalue":"1987-11-23 00:00:00"},{"keymark":"UPTM","dxtype":"datetime","keytitle":"更新时刻","kvalue":"2020-03-17 07:14:07"},{"keymark":"sqlbody","dxtype":"text","keytitle":"查询体","kvalue":" "},{"keymark":"skeys","dxtype":"multiselect","keytitle":"搜索字段","kvalue":""},{"keymark":"shortid","dxtype":"varchar","keytitle":"表单ID","kvalue":"7KjEVh"},{"keymark":"tablename","dxtype":"varchar","keytitle":"表名","kvalue":"coode_funlist"},{"keymark":"showkeys","dxtype":"multiselect","keytitle":"展示字段","kvalue":"SNO,funname,funcname,funkey,fkeys,filelcpath,isdb,lang,issys,isiden"},{"keymark":"restpcode","dxtype":"varchar255","keytitle":"资源代码","kvalue":""},{"keymark":"worldmarks","dxtype":"varchar255","keytitle":"世界标记","kvalue":""},{"keymark":"frmexp","dxtype":"varchar","keytitle":"结构表达式","kvalue":""},{"keymark":"heightx","dxtype":"varchar","keytitle":"高度","kvalue":""},{"keymark":"lastvisit","dxtype":"datetime","keytitle":"last_visit","kvalue":"0000-00-00 00:00:00"},{"keymark":"widthx","dxtype":"varchar","keytitle":"宽度","kvalue":"0"},{"keymark":"fixed","dxtype":"varchar","keytitle":"是否固定","kvalue":""}]}