{"status":"1","tabnm":"coode_datafun","tabtitle":"数据函数","12":"12","crtsql":"CREATE TABLE coode_datafun (SNO int(11) NOT NULL AUTO_INCREMENT,dfunmark varchar(50) NOT NULL,dftitle varchar(100) NOT NULL,dfuneval text NOT NULL,funtype varchar(50) NOT NULL,resulttxt text NOT NULL,tabarea varchar(255) NOT NULL,tablename varchar(50) NOT NULL,sysid varchar(50) NOT NULL,vermd5 varchar(32) NOT NULL,dbhost varchar(50) NOT NULL,dbip varchar(50) NOT NULL,dbuser varchar(50) NOT NULL,dbpass varchar(50) NOT NULL,dbase varchar(50) NOT NULL,asker varchar(50) NOT NULL,fromurl varchar(1024) NOT NULL,outpath varchar(1024) NOT NULL,askdescrib varchar(1024) NOT NULL,fmtdemo text NOT NULL,rtndescrib text NOT NULL,CRTM datetime NOT NULL,CRTOR varchar(255) NOT NULL,OLMK varchar(255) NOT NULL,OPRT varchar(1024) NOT NULL,PRIME int(11) NOT NULL,PTOF varchar(255) NOT NULL,RIP varchar(255) NOT NULL,STATUS tinyint(4) NOT NULL,STCODE varchar(1024) NOT NULL,UPTM datetime NOT NULL,VRT varchar(255) NOT NULL,PRIMARY KEY (SNO)) ENGINE=MyISAM AUTO_INCREMENT=1 DEFAULT CHARSET=utf8;","allkeys":"请求描述,请求人,创建时刻,创建者,数据库名,数据库服务器,数据库IP,数据库密码,数据库用户,数据方法标题,数据方法执行,数据方法编码,格式样例,请求地址,函数类别,唯一标记,操作,输出文件地址,素数定类,公司归属,数据方法结果,远程IP,使用描述,编号,流程状态,流程脚本,系统ID,表格领域,表名,更改时刻,版本号,职位|askdescrib,asker,CRTM,CRTOR,dbase,dbhost,dbip,dbpass,dbuser,dftitle,dfuneval,dfunmark,fmtdemo,fromurl,funtype,OLMK,OPRT,outpath,PRIME,PTOF,resulttxt,RIP,rtndescrib,SNO,STATUS,STCODE,sysid,tabarea,tablename,UPTM,vermd5,VRT","parreskey":"","mainsqx":"SNO","srckey":"","srcttk":"","rtype":"dfunx","parcode":"","rcode":"","rtitle":"","ver":"20240123034558","vls":[{"keymark":"vermd5","dxtype":"varchar","keytitle":"版本号","kvalue":""},{"keymark":"sysid","dxtype":"select","keytitle":"系统ID","kvalue":"1"},{"keymark":"dfunmark","dxtype":"varchar","keytitle":"数据方法编码","kvalue":"vL3e2j"},{"keymark":"dftitle","dxtype":"varchar","keytitle":"数据方法标题","kvalue":"系统下所有选项分类"},{"keymark":"dfuneval","dxtype":"text","keytitle":"数据方法执行","kvalue":"dTYPE_HEX:2473797369643d64667476616c28245f4745545b227379736964225d2c2222293b2d722d6e24737263617265613d64667476616c28245f4745545b2273726361726561225d2c2222293b"},{"keymark":"resulttxt","dxtype":"text","keytitle":"数据方法结果","kvalue":""},{"keymark":"tabarea","dxtype":"varchar","keytitle":"表格领域","kvalue":""},{"keymark":"tablename","dxtype":"varchar","keytitle":"表名","kvalue":""},{"keymark":"dbhost","dxtype":"varchar","keytitle":"数据库服务器","kvalue":""},{"keymark":"dbip","dxtype":"varchar","keytitle":"数据库IP","kvalue":""},{"keymark":"dbuser","dxtype":"varchar","keytitle":"数据库用户","kvalue":""},{"keymark":"dbpass","dxtype":"varchar","keytitle":"数据库密码","kvalue":""},{"keymark":"dbase","dxtype":"varchar","keytitle":"数据库名","kvalue":""},{"keymark":"CRTM","dxtype":"datetime","keytitle":"创建时刻","kvalue":"2022-04-27 20:39:38"},{"keymark":"CRTOR","dxtype":"varchar","keytitle":"创建者","kvalue":"18841880246"},{"keymark":"OLMK","dxtype":"varchar","keytitle":"唯一标记","kvalue":"E6LhzaeeN5"},{"keymark":"OPRT","dxtype":"chtml","keytitle":"操作","kvalue":""},{"keymark":"PRIME","dxtype":"int","keytitle":"资源升级","kvalue":"0"},{"keymark":"PTOF","dxtype":"varchar","keytitle":"公司归属","kvalue":""},{"keymark":"RIP","dxtype":"varchar","keytitle":"远程IP","kvalue":"223.101.187.26"},{"keymark":"STATUS","dxtype":"tinyint","keytitle":"流程状态","kvalue":"0"},{"keymark":"STCODE","dxtype":"varchar","keytitle":"流程脚本","kvalue":""},{"keymark":"UPTM","dxtype":"datetime","keytitle":"更改时刻","kvalue":"2023-03-28 15:24:01"},{"keymark":"VRT","dxtype":"varchar","keytitle":"职位","kvalue":"d1908bee066247a3ebdbe7396387af9c"},{"keymark":"funtype","dxtype":"select","keytitle":"函数类别","kvalue":"file"},{"keymark":"asker","dxtype":"varchar","keytitle":"请求人","kvalue":""},{"keymark":"fromurl","dxtype":"varchar","keytitle":"请求地址","kvalue":""},{"keymark":"askdescrib","dxtype":"varchar","keytitle":"请求描述","kvalue":""},{"keymark":"fmtdemo","dxtype":"text","keytitle":"格式样例","kvalue":""},{"keymark":"rtndescrib","dxtype":"text","keytitle":"使用描述","kvalue":""},{"keymark":"outpath","dxtype":"varchar","keytitle":"输出文件地址","kvalue":""}]}