{"status":"1","tabnm":"coode_tiny","tabtitle":"短地址列表","2137":"2137","crtsql":"CREATE TABLE coode_tiny (SNO int(11) NOT NULL AUTO_INCREMENT,catalog varchar(100) NOT NULL,schm varchar(100) NOT NULL,shortid varchar(50) NOT NULL,tabname varchar(50) NOT NULL,tabnick varchar(50) NOT NULL,imghead varchar(1024) NOT NULL,tinytitle varchar(100) NOT NULL,tempid varchar(50) NOT NULL,longexp text NOT NULL,tinymark varchar(30) NOT NULL,vermd5 varchar(32) NOT NULL,auditmd5 varchar(32) NOT NULL,ispmiss tinyint(4) NOT NULL,laypath varchar(1024) NOT NULL,pagecls varchar(100) NOT NULL,sysid varchar(100) NOT NULL,appid varchar(100) NOT NULL,layid varchar(50) NOT NULL,ismbl tinyint(4) NOT NULL,colora varchar(100) NOT NULL,colorb varchar(100) NOT NULL,VRT varchar(255) NOT NULL,STATUS tinyint(4) NOT NULL,STCODE varchar(1024) NOT NULL,PTOF varchar(100) NOT NULL,CRTM datetime NOT NULL,CRTOR varchar(30) NOT NULL,OLMK varchar(50) NOT NULL,UPTM datetime NOT NULL,PRIME int(11) NOT NULL,RIP varchar(255) NOT NULL,OPRT varchar(1024) NOT NULL,PRIMARY KEY (SNO)) ENGINE=MyISAM AUTO_INCREMENT=1 DEFAULT CHARSET=utf8;","allkeys":"应用id,审计版本,数据库标记,色系,辅色,创建时刻,创建人,图像,移动端,设置权限,输出ID,输出地址,访问地址,唯一标记,操作,布局类别,主显,类属,远程IP,数据库,短码,编号,版本查看,流程脚本,系统ID,表格名称,表格昵名,模板ID,短地址标记,短地址标题,更新时刻,版本号,流程编码|appid,auditmd5,catalog,colora,colorb,CRTM,CRTOR,imghead,ismbl,ispmiss,layid,laypath,longexp,OLMK,OPRT,pagecls,PRIME,PTOF,RIP,schm,shortid,SNO,STATUS,STCODE,sysid,tabname,tabnick,tempid,tinymark,tinytitle,UPTM,vermd5,VRT","parreskey":"","mainsqx":"SNO","srckey":"","srcttk":"","rtype":"pagex","parcode":"","rcode":"","rtitle":"","ver":"20240123005506","vls":[{"keymark":"ismbl","dxtype":"tinyint","keytitle":"移动端","kvalue":"0"},{"keymark":"OPRT","dxtype":"chtml","keytitle":"操作","kvalue":""},{"keymark":"OLMK","dxtype":"varchar","keytitle":"唯一标记","kvalue":"09c8140c2062babe8ca70cc613e417"},{"keymark":"UPTM","dxtype":"datetime","keytitle":"更新时刻","kvalue":"2021-09-09 15:47:56"},{"keymark":"CRTM","dxtype":"datetime","keytitle":"创建时刻","kvalue":"2021-09-09 13:40:42"},{"keymark":"CRTOR","dxtype":"varchar","keytitle":"创建人","kvalue":"18841880246"},{"keymark":"PTOF","dxtype":"varchar","keytitle":"类属","kvalue":""},{"keymark":"longexp","dxtype":"text","keytitle":"访问地址","kvalue":""},{"keymark":"tinymark","dxtype":"varchar","keytitle":"短地址标记","kvalue":"MmEIDK"},{"keymark":"shortid","dxtype":"varchar","keytitle":"短码","kvalue":""},{"keymark":"appid","dxtype":"select","keytitle":"应用id","kvalue":"ssxqlist"},{"keymark":"VRT","dxtype":"varchar","keytitle":"流程编码","kvalue":"e1521ab30bd96a17a86c053e39faa010"},{"keymark":"STATUS","dxtype":"tinyint","keytitle":"版本查看","kvalue":"0"},{"keymark":"STCODE","dxtype":"varchar","keytitle":"流程脚本","kvalue":""},{"keymark":"PRIME","dxtype":"varchar","keytitle":"主显","kvalue":"1"},{"keymark":"RIP","dxtype":"varchar","keytitle":"远程IP","kvalue":"223.100.203.162"},{"keymark":"tinytitle","dxtype":"varchar","keytitle":"短地址标题","kvalue":"web工厂公共资源名称列表"},{"keymark":"pagecls","dxtype":"varchar","keytitle":"布局类别","kvalue":""},{"keymark":"imghead","dxtype":"varchar","keytitle":"图像","kvalue":"/ORG/BRAIN/images/icon/system/%E9%85%B7%E5%BE%B7.svg"},{"keymark":"layid","dxtype":"select","keytitle":"输出ID","kvalue":"ve8Jfmd6"},{"keymark":"sysid","dxtype":"select","keytitle":"系统ID","kvalue":"webfactorypub"},{"keymark":"laypath","dxtype":"varchar","keytitle":"输出地址","kvalue":"/localxres/pagex/webfactorypub/ssxqlist/ve8Jfmd6/MmEIDK/pubsrc.html"},{"keymark":"catalog","dxtype":"varchar255","keytitle":"数据库标记","kvalue":""},{"keymark":"auditmd5","dxtype":"varchar","keytitle":"审计版本","kvalue":""},{"keymark":"tabname","dxtype":"varchar","keytitle":"表格名称","kvalue":""},{"keymark":"tabnick","dxtype":"varchar","keytitle":"表格昵名","kvalue":""},{"keymark":"vermd5","dxtype":"varchar","keytitle":"版本号","kvalue":"80d9d6c86767f4042bbf6dcc86681bf0"},{"keymark":"tempid","dxtype":"select","keytitle":"模板ID","kvalue":"atcsysmain.pubsrc"},{"keymark":"schm","dxtype":"varchar","keytitle":"数据库","kvalue":""},{"keymark":"ispmiss","dxtype":"tinyint","keytitle":"设置权限","kvalue":"0"},{"keymark":"colora","dxtype":"varchar","keytitle":"色系","kvalue":""},{"keymark":"colorb","dxtype":"varchar","keytitle":"辅色","kvalue":""}]}