{"status":"1","tabnm":"coode_iconset","tabtitle":"图标集合","tabsno":"2019","crtsql":"CREATE TABLE coode_iconset (SNO int(11) NOT NULL AUTO_INCREMENT,sysid varchar(50) NOT NULL,setarea varchar(50) NOT NULL,setmark varchar(30) NOT NULL,settitle varchar(100) NOT NULL,imgmark varchar(50) NOT NULL,imgtitle varchar(50) NOT NULL,imglabel varchar(1024) NOT NULL,imgtype varchar(30) NOT NULL,industry varchar(50) NOT NULL,width varchar(50) NOT NULL,height varchar(50) NOT NULL,colora varchar(50) NOT NULL,colorb varchar(50) NOT NULL,shapex varchar(50) NOT NULL,areatype varchar(50) NOT NULL,grppath varchar(255) NOT NULL,outpath varchar(1024) NOT NULL,outurl varchar(1024) NOT NULL,cloudurl varchar(1024) NOT NULL,imgcode longtext NOT NULL,CRTM datetime NOT NULL,CRTOR varchar(255) NOT NULL,mydescrib varchar(255) NOT NULL,vermd5 varchar(32) NOT NULL,PRIME int(11) NOT NULL,OLMK varchar(30) NOT NULL,PTOF varchar(30) NOT NULL,VRT varchar(255) NOT NULL,STATUS tinyint(4) NOT NULL,STCODE varchar(1024) NOT NULL,UPTM datetime NOT NULL,RIP varchar(255) NOT NULL,OPRT varchar(1024) NOT NULL,PRIMARY KEY (SNO)) ENGINE=MyISAM AUTO_INCREMENT=1 DEFAULT CHARSET=utf8;","allkeys":"域类型,云地址,色系,辅色,创建时刻,创建者,组存储地址,块高,图片编码,图片标签,图集类型,图片标题,图片类型,产业,我的描述,唯一标记,操作,输出地址,参考图片,是否升级,公司归属,远程IP,图片区域,图集标记,图集标题,形状,编号,流程状态,流程脚本,系统ID,更改时刻,版本号,职位,块宽|areatype,cloudurl,colora,colorb,CRTM,CRTOR,grppath,height,imgcode,imglabel,imgmark,imgtitle,imgtype,industry,mydescrib,OLMK,OPRT,outpath,outurl,PRIME,PTOF,RIP,setarea,setmark,settitle,shapex,SNO,STATUS,STCODE,sysid,UPTM,vermd5,VRT,width","parreskey":"","mainsqx":"SNO","srckey":"setmark","srcttk":"settitle","rtype":"iconsetx","parcode":"","rcode":"travel","rtitle":"旅行","ver":"20260129114902","vls":[{"keymark":"setarea","dxtype":"varchar","keytitle":"图片区域","kvalue":"localxres"},{"keymark":"setmark","dxtype":"varchar","keytitle":"图集标记","kvalue":"travel"},{"keymark":"settitle","dxtype":"varchar","keytitle":"图集标题","kvalue":"旅行"},{"keymark":"imgmark","dxtype":"select","keytitle":"图集类型","kvalue":"sys"},{"keymark":"imgtitle","dxtype":"varchar","keytitle":"图片标题","kvalue":"旅行"},{"keymark":"imglabel","dxtype":"varchar","keytitle":"图片标签","kvalue":""},{"keymark":"imgtype","dxtype":"select","keytitle":"图片类型","kvalue":"svg"},{"keymark":"industry","dxtype":"varchar","keytitle":"产业","kvalue":"MtstQx"},{"keymark":"width","dxtype":"varchar","keytitle":"块宽","kvalue":""},{"keymark":"height","dxtype":"varchar","keytitle":"块高","kvalue":""},{"keymark":"colora","dxtype":"varchar","keytitle":"色系","kvalue":"FFFFFF"},{"keymark":"colorb","dxtype":"varchar","keytitle":"辅色","kvalue":"."},{"keymark":"shapex","dxtype":"varchar","keytitle":"形状","kvalue":"any"},{"keymark":"areatype","dxtype":"varchar","keytitle":"域类型","kvalue":"."},{"keymark":"grppath","dxtype":"varchar","keytitle":"组存储地址","kvalue":"/localxres/iconsetx/travel/"},{"keymark":"outpath","dxtype":"varchar","keytitle":"输出地址","kvalue":"/www/wwwroot/kitty.halo123.cn/localxres/iconsetx/imgcls/travel.svg"},{"keymark":"outurl","dxtype":"varchar","keytitle":"参考图片","kvalue":"/localxres/iconsetx/imgcls/travel.svg"},{"keymark":"cloudurl","dxtype":"varchar","keytitle":"云地址","kvalue":""},{"keymark":"imgcode","dxtype":"longtext","keytitle":"图片编码","kvalue":""},{"keymark":"CRTM","dxtype":"datetime","keytitle":"创建时刻","kvalue":"2021-10-29 10:49:05"},{"keymark":"CRTOR","dxtype":"varchar","keytitle":"创建者","kvalue":"hellowocao"},{"keymark":"mydescrib","dxtype":"varchar","keytitle":"我的描述","kvalue":""},{"keymark":"vermd5","dxtype":"varchar","keytitle":"版本号","kvalue":"47524fb799cb43a6e9f22b824aa30ff5"},{"keymark":"PRIME","dxtype":"int","keytitle":"是否升级","kvalue":"0"},{"keymark":"OLMK","dxtype":"varchar","keytitle":"唯一标记","kvalue":"ypL39u3pfB"},{"keymark":"PTOF","dxtype":"varchar","keytitle":"公司归属","kvalue":""},{"keymark":"VRT","dxtype":"varchar","keytitle":"职位","kvalue":"a14039939584f44b28872b30f5dad579"},{"keymark":"STATUS","dxtype":"tinyint","keytitle":"流程状态","kvalue":"0"},{"keymark":"STCODE","dxtype":"varchar","keytitle":"流程脚本","kvalue":""},{"keymark":"UPTM","dxtype":"datetime","keytitle":"更改时刻","kvalue":"2025-11-20 03:12:36"},{"keymark":"RIP","dxtype":"varchar","keytitle":"远程IP","kvalue":"223.100.203.162"},{"keymark":"OPRT","dxtype":"chtml","keytitle":"操作","kvalue":""},{"keymark":"sysid","dxtype":"varchar","keytitle":"系统ID","kvalue":"0"}]}