{"status":"1","tabnm":"coode_tablist","tabtitle":"表格列表","tabsno":"1344","crtsql":"","allkeys":"人智标题,人智值,全部,领域字段,浏览前执行,内容字段,版权标记,创建代码,创建时刻,创建人,表分组,表单,信息创建者,图像,设置权限,安装数据,信息映射资源隶属世界,json内容,json类型,字段长度,全字段,字段类型,主序字段,数据版本字段,唯一标记,唯一标记字段,操作,父资源KEY,安装制作,子母级联,资源中文单词,本身资源值,资源英文单词,资源类型代码,远程IP,数据库名,长度类型,编号,资源字段,资源标题,流程状态,流程脚本,辅序字段,系统ID,更新频率,表名,简介字段,表标题,表格类型,更新时刻,版本号,母子级联,世界标记|aitkey,aivkey,allkeys,areakey,beforeview,contentkeys,copyrightmark,createsql,CRTM,CRTOR,grpmark,hasshort,ickey,imghead,ispmiss,issys,iwkey,jsonconts,jsontpnms,keylens,keynames,keytpnms,mainsqx,md5key,OLMK,olmkkey,OPRT,parreskey,PRIME,PTOF,reschiword,rescode,resenword,restpcode,RIP,schm,sizetype,SNO,srckey,srcttk,STATUS,STCODE,subsqx,sysid,tabcls,TABLE_NAME,tabnick,tabtitle,tabtype,UPTM,vermd5,VRT,worldmarks","parreskey":"","mainsqx":"SNO","srckey":"TABLE_NAME","srcttk":"tabtitle","rtype":"tabx","parcode":"","rcode":"coode_pubshortdata","rtitle":"公共表单短数据","ver":"20260129114356","vls":[{"keymark":"OLMK","dxtype":"varchar","keytitle":"唯一标记","kvalue":"12d6c386330a1c824bf153842d4ae2"},{"keymark":"UPTM","dxtype":"datetime","keytitle":"更新时刻","kvalue":"2023-10-17 20:59:43"},{"keymark":"CRTM","dxtype":"datetime","keytitle":"创建时刻","kvalue":"2021-05-28 10:24:04"},{"keymark":"PTOF","dxtype":"select","keytitle":"子母级联","kvalue":"coode_pubtablist"},{"keymark":"TABLE_NAME","dxtype":"varchar","keytitle":"表名","kvalue":"coode_pubshortdata"},{"keymark":"tabtitle","dxtype":"varchar","keytitle":"表标题","kvalue":"公共表单短数据"},{"keymark":"VRT","dxtype":"multiselect","keytitle":"母子级联","kvalue":"d50619364c17ed0c7d29ffc59ae1e37a"},{"keymark":"CRTOR","dxtype":"varchar","keytitle":"创建人","kvalue":"hellowocao"},{"keymark":"ickey","dxtype":"varchar","keytitle":"信息创建者","kvalue":"CRTOR"},{"keymark":"iwkey","dxtype":"varchar","keytitle":"信息映射资源隶属世界","kvalue":"PTOF"},{"keymark":"ispmiss","dxtype":"varchar","keytitle":"设置权限","kvalue":"0"},{"keymark":"sizetype","dxtype":"select","keytitle":"长度类型","kvalue":""},{"keymark":"hasshort","dxtype":"varchar","keytitle":"表单","kvalue":"0"},{"keymark":"STATUS","dxtype":"varchar","keytitle":"流程状态","kvalue":"0"},{"keymark":"STCODE","dxtype":"varchar","keytitle":"流程脚本","kvalue":"noform"},{"keymark":"PRIME","dxtype":"int","keytitle":"安装制作","kvalue":"0"},{"keymark":"RIP","dxtype":"varchar","keytitle":"远程IP","kvalue":""},{"keymark":"OPRT","dxtype":"chtml","keytitle":"操作","kvalue":""},{"keymark":"mainsqx","dxtype":"select","keytitle":"主序字段","kvalue":"SNO"},{"keymark":"tabcls","dxtype":"select","keytitle":"更新频率","kvalue":""},{"keymark":"sysid","dxtype":"select","keytitle":"系统ID","kvalue":"0"},{"keymark":"schm","dxtype":"varchar","keytitle":"数据库名","kvalue":"io_halo123_cn"},{"keymark":"createsql","dxtype":"code","keytitle":"创建代码","kvalue":"CREATE TABLE coode_pubshortdata (SNO int(11) NOT NULL AUTO_INCREMENT,sdomain varchar(255) NOT NULL,longid varchar(50) NOT NULL,tabnick varchar(50) NOT NULL,shortid varchar(50) NOT NULL,shorttitle varchar(255) NOT NULL,datahost varchar(255) NOT NULL,sysid varchar(50) NOT NULL,appid varchar(100) NOT NULL,retrievekey varchar(1024) NOT NULL,caseid varchar(100) NOT NULL,detailid varchar(100) NOT NULL,tablename varchar(50) NOT NULL,vermd5 varchar(50) NOT NULL,allkeys varchar(1024) NOT NULL,showkeys varchar(1024) NOT NULL,skeys varchar(1024) NOT NULL,CRTM datetime NOT NULL,UPTM datetime NOT NULL,sqlbody varchar(1024) NOT NULL,showfile varchar(255) NOT NULL,hframe text NOT NULL,hdata varchar(1024) NOT NULL,cdt varchar(1024) NOT NULL,extc varchar(1024) NOT NULL,orddt varchar(255) NOT NULL,lang varchar(30) NOT NULL,dttp varchar(30) NOT NULL,jsonid varchar(30) NOT NULL,keyitem varchar(100) NOT NULL,issys tinyint(4) NOT NULL,fileurl varchar(100) NOT NULL,addtitle varchar(255) NOT NULL,addpage varchar(1024) NOT NULL,casecode text NOT NULL,diycode text NOT NULL,diyright text NOT NULL,diytop text NOT NULL,diybottom text NOT NULL,tabdemo text NOT NULL,headdemo text NOT NULL,searchdemo text NOT NULL,pagedemo text NOT NULL,ctraw tinyint(4) NOT NULL,updatepage varchar(1024) NOT NULL,detailpage varchar(1024) NOT NULL,headx varchar(1024) NOT NULL,additemx tinyint(4) NOT NULL,newbutton tinyint(4) NOT NULL,allkillbtn tinyint(4) NOT NULL,topbtn tinyint(4) NOT NULL,bottombtn tinyint(4) NOT NULL,dtx tinyint(4) NOT NULL,tbhd tinyint(4) NOT NULL,obtn tinyint(4) NOT NULL,vbtn tinyint(4) NOT NULL,xbtn tinyint(4) NOT NULL,sps tinyint(4) NOT NULL,oprtx tinyint(4) NOT NULL,hastiny tinyint(4) NOT NULL,beforeview longtext NOT NULL,OLMK varchar(30) NOT NULL,VRT varchar(100) NOT NULL,PTOF varchar(30) NOT NULL,CRTOR varchar(255) NOT NULL,STATUS tinyint(4) NOT NULL,STCODE varchar(1024) NOT NULL,PRIME int(11) NOT NULL,RIP varchar(255) NOT NULL,OPRT varchar(1024) NOT NULL,PRIMARY KEY (SNO)) ENGINE=MyISAM AUTO_INCREMENT=1 DEFAULT CHARSET=utf8;"},{"keymark":"issys","dxtype":"varchar","keytitle":"安装数据","kvalue":"0"},{"keymark":"keynames","dxtype":"varchar","keytitle":"全字段","kvalue":"sdomain,longid,tabnick,shortid,shorttitle,datahost,sysid,appid,retrievekey,caseid,detailid,tablename,vermd5,allkeys,showkeys,skeys,CRTM,UPTM,sqlbody,showfile,hframe,hdata,cdt,extc,orddt,lang,dttp,jsonid,keyitem,issys,fileurl,addtitle,addpage,casecode,diycode,diyright,diytop,diybottom,tabdemo,headdemo,searchdemo,pagedemo,ctraw,updatepage,detailpage,headx,additemx,newbutton,allkillbtn,topbtn,bottombtn,dtx,tbhd,obtn,vbtn,xbtn,sps,oprtx,hastiny,beforeview,OLMK,VRT,PTOF,CRTOR,STATUS,STCODE,PRIME,RIP,OPRT"},{"keymark":"keytpnms","dxtype":"varchar","keytitle":"字段类型","kvalue":"concat(↓↑↓,sdomain,↓↑,↑↓,longid,↓↑,↑↓,tabnick,↓↑,↑↓,shortid,↓↑,↑↓,shorttitle,↓↑,↑↓,datahost,↓↑,↑↓,sysid,↓↑,↑↓,appid,↓↑,↑↓,retrievekey,↓↑,↑↓,caseid,↓↑,↑↓,detailid,↓↑,↑↓,tablename,↓↑,↑↓,vermd5,↓↑,↑↓,allkeys,↓↑,↑↓,showkeys,↓↑,↑↓,skeys,↓↑,↑↓,CRTM,↓↑,↑↓,UPTM,↓↑,↑↓,sqlbody,↓↑,↑↓,showfile,↓↑,↑↓,hframe,↓↑,↑↓,hdata,↓↑,↑↓,cdt,↓↑,↑↓,extc,↓↑,↑↓,orddt,↓↑,↑↓,lang,↓↑,↑↓,dttp,↓↑,↑↓,jsonid,↓↑,↑↓,keyitem,↓↑,↑↓,issys,↓↑,↑↓,fileurl,↓↑,↑↓,addtitle,↓↑,↑↓,addpage,↓↑,↑↓,casecode,↓↑,↑↓,diycode,↓↑,↑↓,diyright,↓↑,↑↓,diytop,↓↑,↑↓,diybottom,↓↑,↑↓,tabdemo,↓↑,↑↓,headdemo,↓↑,↑↓,searchdemo,↓↑,↑↓,pagedemo,↓↑,↑↓,ctraw,↓↑,↑↓,updatepage,↓↑,↑↓,detailpage,↓↑,↑↓,headx,↓↑,↑↓,additemx,↓↑,↑↓,newbutton,↓↑,↑↓,allkillbtn,↓↑,↑↓,topbtn,↓↑,↑↓,bottombtn,↓↑,↑↓,dtx,↓↑,↑↓,tbhd,↓↑,↑↓,obtn,↓↑,↑↓,vbtn,↓↑,↑↓,xbtn,↓↑,↑↓,sps,↓↑,↑↓,oprtx,↓↑,↑↓,hastiny,↓↑,↑↓,beforeview,↓↑,↑↓,OLMK,↓↑,↑↓,VRT,↓↑,↑↓,PTOF,↓↑,↑↓,CRTOR,↓↑,↑↓,STATUS,↓↑,↑↓,STCODE,↓↑,↑↓,PRIME,↓↑,↑↓,RIP,↓↑,↑↓,OPRT,↓↑↓)"},{"keymark":"jsontpnms","dxtype":"varchar","keytitle":"json类型","kvalue":"concat(↓\"sdomain∵↓,sdomain,↓\",↓,↓\"longid∵↓,longid,↓\",↓,↓\"tabnick∵↓,tabnick,↓\",↓,↓\"shortid∵↓,shortid,↓\",↓,↓\"shorttitle∵↓,shorttitle,↓\",↓,↓\"datahost∵↓,datahost,↓\",↓,↓\"sysid∵↓,sysid,↓\",↓,↓\"appid∵↓,appid,↓\",↓,↓\"retrievekey∵↓,retrievekey,↓\",↓,↓\"caseid∵↓,caseid,↓\",↓,↓\"detailid∵↓,detailid,↓\",↓,↓\"tablename∵↓,tablename,↓\",↓,↓\"vermd5∵↓,vermd5,↓\",↓,↓\"allkeys∵↓,allkeys,↓\",↓,↓\"showkeys∵↓,showkeys,↓\",↓,↓\"skeys∵↓,skeys,↓\",↓,↓\"CRTM∵↓,CRTM,↓\",↓,↓\"UPTM∵↓,UPTM,↓\",↓,↓\"sqlbody∵↓,sqlbody,↓\",↓,↓\"showfile∵↓,showfile,↓\",↓,↓\"hframe∵↓,hframe,↓\",↓,↓\"hdata∵↓,hdata,↓\",↓,↓\"cdt∵↓,cdt,↓\",↓,↓\"extc∵↓,extc,↓\",↓,↓\"orddt∵↓,orddt,↓\",↓,↓\"lang∵↓,lang,↓\",↓,↓\"dttp∵↓,dttp,↓\",↓,↓\"jsonid∵↓,jsonid,↓\",↓,↓\"keyitem∵↓,keyitem,↓\",↓,↓\"issys∵↓,issys,↓\",↓,↓\"fileurl∵↓,fileurl,↓\",↓,↓\"addtitle∵↓,addtitle,↓\",↓,↓\"addpage∵↓,addpage,↓\",↓,↓\"casecode∵↓,casecode,↓\",↓,↓\"diycode∵↓,diycode,↓\",↓,↓\"diyright∵↓,diyright,↓\",↓,↓\"diytop∵↓,diytop,↓\",↓,↓\"diybottom∵↓,diybottom,↓\",↓,↓\"tabdemo∵↓,tabdemo,↓\",↓,↓\"headdemo∵↓,headdemo,↓\",↓,↓\"searchdemo∵↓,searchdemo,↓\",↓,↓\"pagedemo∵↓,pagedemo,↓\",↓,↓\"ctraw∵↓,ctraw,↓\",↓,↓\"updatepage∵↓,updatepage,↓\",↓,↓\"detailpage∵↓,detailpage,↓\",↓,↓\"headx∵↓,headx,↓\",↓,↓\"additemx∵↓,additemx,↓\",↓,↓\"newbutton∵↓,newbutton,↓\",↓,↓\"allkillbtn∵↓,allkillbtn,↓\",↓,↓\"topbtn∵↓,topbtn,↓\",↓,↓\"bottombtn∵↓,bottombtn,↓\",↓,↓\"dtx∵↓,dtx,↓\",↓,↓\"tbhd∵↓,tbhd,↓\",↓,↓\"obtn∵↓,obtn,↓\",↓,↓\"vbtn∵↓,vbtn,↓\",↓,↓\"xbtn∵↓,xbtn,↓\",↓,↓\"sps∵↓,sps,↓\",↓,↓\"oprtx∵↓,oprtx,↓\",↓,↓\"hastiny∵↓,hastiny,↓\",↓,↓\"beforeview∵↓,beforeview,↓\",↓,↓\"OLMK∵↓,OLMK,↓\",↓,↓\"VRT∵↓,VRT,↓\",↓,↓\"PTOF∵↓,PTOF,↓\",↓,↓\"CRTOR∵↓,CRTOR,↓\",↓,↓\"STATUS∵↓,STATUS,↓\",↓,↓\"STCODE∵↓,STCODE,↓\",↓,↓\"PRIME∵↓,PRIME,↓\",↓,↓\"RIP∵↓,RIP,↓\",↓,↓\"OPRT∵↓,OPRT,↓\"↓)"},{"keymark":"srckey","dxtype":"select","keytitle":"资源字段","kvalue":""},{"keymark":"srcttk","dxtype":"select","keytitle":"资源标题","kvalue":""},{"keymark":"allkeys","dxtype":"varchar","keytitle":"全部","kvalue":"additemx,addpage,addtitle,allkeys,allkillbtn,appid,beforeview,bottombtn,casecode,caseid,cdt,CRTM,CRTOR,ctraw,datahost,detailid,detailpage,diybottom,diycode,diyright,diytop,dttp,dtx,extc,fileurl,hastiny,hdata,headdemo,headx,hframe,issys,jsonid,keyitem,lang,longid,newbutton,obtn,OLMK,OPRT,oprtx,orddt,pagedemo,PRIME,PTOF,retrievekey,RIP,sdomain,searchdemo,shortid,shorttitle,showfile,showkeys,skeys,SNO,sps,sqlbody,STATUS,STCODE,sysid,tabdemo,tablename,tabnick,tbhd,topbtn,updatepage,UPTM,vbtn,vermd5,VRT,xbtn|additemx,addpage,addtitle,allkeys,allkillbtn,appid,beforeview,bottombtn,casecode,caseid,cdt,CRTM,CRTOR,ctraw,datahost,detailid,detailpage,diybottom,diycode,diyright,diytop,dttp,dtx,extc,fileurl,hastiny,hdata,headdemo,headx,hframe,issys,jsonid,keyitem,lang,longid,newbutton,obtn,OLMK,OPRT,oprtx,orddt,pagedemo,PRIME,PTOF,retrievekey,RIP,sdomain,searchdemo,shortid,shorttitle,showfile,showkeys,skeys,SNO,sps,sqlbody,STATUS,STCODE,sysid,tabdemo,tablename,tabnick,tbhd,topbtn,updatepage,UPTM,vbtn,vermd5,VRT,xbtn"},{"keymark":"contentkeys","dxtype":"varchar","keytitle":"内容字段","kvalue":"sdomain,longid,tabnick,shortid,shorttitle,datahost,sysid,appid,retrievekey,caseid,detailid,tablename,vermd5,allkeys,showkeys,skeys,sqlbody,showfile,hframe,hdata,cdt,extc,orddt,lang,dttp,jsonid,keyitem,issys,fileurl,addtitle,addpage,casecode,diycode,diyright,diytop,diybottom,tabdemo,headdemo,searchdemo,pagedemo,ctraw,updatepage,detailpage,headx,additemx,newbutton,allkillbtn,topbtn,bottombtn,dtx,tbhd,obtn,vbtn,xbtn,sps,oprtx,hastiny,beforeview"},{"keymark":"jsonconts","dxtype":"varchar","keytitle":"json内容","kvalue":"↓\"sdomain∵↓,sdomain,↓\",↓,↓\"longid∵↓,longid,↓\",↓,↓\"tabnick∵↓,tabnick,↓\",↓,↓\"shortid∵↓,shortid,↓\",↓,↓\"shorttitle∵↓,shorttitle,↓\",↓,↓\"datahost∵↓,datahost,↓\",↓,↓\"sysid∵↓,sysid,↓\",↓,↓\"appid∵↓,appid,↓\",↓,↓\"retrievekey∵↓,retrievekey,↓\",↓,↓\"caseid∵↓,caseid,↓\",↓,↓\"detailid∵↓,detailid,↓\",↓,↓\"tablename∵↓,tablename,↓\",↓,↓\"vermd5∵↓,vermd5,↓\",↓,↓\"allkeys∵↓,allkeys,↓\",↓,↓\"showkeys∵↓,showkeys,↓\",↓,↓\"skeys∵↓,skeys,↓\",↓,↓\"sqlbody∵↓,sqlbody,↓\",↓,↓\"showfile∵↓,showfile,↓\",↓,↓\"hframe∵↓,hframe,↓\",↓,↓\"hdata∵↓,hdata,↓\",↓,↓\"cdt∵↓,cdt,↓\",↓,↓\"extc∵↓,extc,↓\",↓,↓\"orddt∵↓,orddt,↓\",↓,↓\"lang∵↓,lang,↓\",↓,↓\"dttp∵↓,dttp,↓\",↓,↓\"jsonid∵↓,jsonid,↓\",↓,↓\"keyitem∵↓,keyitem,↓\",↓,↓\"issys∵↓,issys,↓\",↓,↓\"fileurl∵↓,fileurl,↓\",↓,↓\"addtitle∵↓,addtitle,↓\",↓,↓\"addpage∵↓,addpage,↓\",↓,↓\"casecode∵↓,casecode,↓\",↓,↓\"diycode∵↓,diycode,↓\",↓,↓\"diyright∵↓,diyright,↓\",↓,↓\"diytop∵↓,diytop,↓\",↓,↓\"diybottom∵↓,diybottom,↓\",↓,↓\"tabdemo∵↓,tabdemo,↓\",↓,↓\"headdemo∵↓,headdemo,↓\",↓,↓\"searchdemo∵↓,searchdemo,↓\",↓,↓\"pagedemo∵↓,pagedemo,↓\",↓,↓\"ctraw∵↓,ctraw,↓\",↓,↓\"updatepage∵↓,updatepage,↓\",↓,↓\"detailpage∵↓,detailpage,↓\",↓,↓\"headx∵↓,headx,↓\",↓,↓\"additemx∵↓,additemx,↓\",↓,↓\"newbutton∵↓,newbutton,↓\",↓,↓\"allkillbtn∵↓,allkillbtn,↓\",↓,↓\"topbtn∵↓,topbtn,↓\",↓,↓\"bottombtn∵↓,bottombtn,↓\",↓,↓\"dtx∵↓,dtx,↓\",↓,↓\"tbhd∵↓,tbhd,↓\",↓,↓\"obtn∵↓,obtn,↓\",↓,↓\"vbtn∵↓,vbtn,↓\",↓,↓\"xbtn∵↓,xbtn,↓\",↓,↓\"sps∵↓,sps,↓\",↓,↓\"oprtx∵↓,oprtx,↓\",↓,↓\"hastiny∵↓,hastiny,↓\",↓,↓\"beforeview∵↓,beforeview,↓\",↓,↓\"tablename∵coode_pubshortdata\"↓"},{"keymark":"imghead","dxtype":"select","keytitle":"图像","kvalue":""},{"keymark":"beforeview","dxtype":"longtext","keytitle":"浏览前执行","kvalue":""},{"keymark":"tabtype","dxtype":"select","keytitle":"表格类型","kvalue":""},{"keymark":"vermd5","dxtype":"varchar","keytitle":"版本号","kvalue":"da1436315aeddf1ff483bb6551b1ea97"},{"keymark":"tabnick","dxtype":"select","keytitle":"简介字段","kvalue":""},{"keymark":"copyrightmark","dxtype":"varchar","keytitle":"版权标记","kvalue":""},{"keymark":"grpmark","dxtype":"select","keytitle":"表分组","kvalue":""},{"keymark":"subsqx","dxtype":"select","keytitle":"辅序字段","kvalue":""},{"keymark":"olmkkey","dxtype":"select","keytitle":"唯一标记字段","kvalue":"OLMK"},{"keymark":"keylens","dxtype":"int","keytitle":"字段长度","kvalue":"69"},{"keymark":"areakey","dxtype":"select","keytitle":"领域字段","kvalue":""},{"keymark":"md5key","dxtype":"select","keytitle":"数据版本字段","kvalue":"VRT"},{"keymark":"rescode","dxtype":"varchar","keytitle":"本身资源值","kvalue":"qianjilian/coode_pubshortdata"},{"keymark":"worldmarks","dxtype":"varchar255","keytitle":"世界标记","kvalue":""},{"keymark":"restpcode","dxtype":"select","keytitle":"资源类型代码","kvalue":""},{"keymark":"resenword","dxtype":"varchar","keytitle":"资源英文单词","kvalue":""},{"keymark":"reschiword","dxtype":"varchar","keytitle":"资源中文单词","kvalue":""},{"keymark":"parreskey","dxtype":"select","keytitle":"父资源KEY","kvalue":""},{"keymark":"aitkey","dxtype":"select","keytitle":"人智标题","kvalue":""},{"keymark":"aivkey","dxtype":"select","keytitle":"人智值","kvalue":""}]}