{"status":"1","rtype":"formx","rcode":"mqMfVP","rtitle":"小数据请求模板字段管理","ver":"a8a506f3d940365c5779e7bd3a3ad73f","vls":[{"restype":"jsondata","rescode":"mqMfVP_basedata","resmd5":"7f6c4134485a05e0a7858cd8eed0f4f1","restitle":"小数据请求模板字段管理","resurl":"http://hellowocao.com/localxres/datax/coode_shortdata/data/1517.json"},{"restype":"jsondata","rescode":"mqMfVP_cssdata","resmd5":"9eaa49c3f10c4e35a6259b5238356e21","restitle":"小数据请求模板字段管理","resurl":"http://hellowocao.com/localxres/datax/coode_shortcss/data/.json"},{"restype":"jsondata","rescode":"SNO_extdata","resmd5":"daa09b8431251bf13c52b1e3281a9105","restitle":"编号","resurl":"http://hellowocao.com/localxres/datax/coode_keydetaily/data/31944.json"},{"restype":"jsondata","rescode":"datamark_extdata","resmd5":"fc0c4c6f433f4f6485caf521a319083e","restitle":"请求标识","resurl":"http://hellowocao.com/localxres/datax/coode_keydetaily/data/31945.json"},{"restype":"jsondata","rescode":"datatitle_extdata","resmd5":"ffe97d8778bac489e02eb7de898c2ec2","restitle":"请求标题","resurl":"http://hellowocao.com/localxres/datax/coode_keydetaily/data/31948.json"},{"restype":"jsondata","rescode":"keyname_extdata","resmd5":"56abda1c892633f4e3359450911c6230","restitle":"字段名","resurl":"http://hellowocao.com/localxres/datax/coode_keydetaily/data/31949.json"},{"restype":"jsondata","rescode":"keytitle_extdata","resmd5":"07b9b3f455413ffb41087f81516dc81e","restitle":"键名","resurl":"http://hellowocao.com/localxres/datax/coode_keydetaily/data/31950.json"},{"restype":"jsondata","rescode":"islist_extdata","resmd5":"1424cb76f7ed77ab789d35351da5a071","restitle":"是否列表","resurl":"http://hellowocao.com/localxres/datax/coode_keydetaily/data/31952.json"},{"restype":"jsondata","rescode":"keyverify_extdata","resmd5":"ad2ee219d82e7bb5c7a6637da40a0efa","restitle":"类型","resurl":"http://hellowocao.com/localxres/datax/coode_keydetaily/data/31954.json"},{"restype":"jsondata","rescode":"OPRT_extdata","resmd5":"993ed121ed5a8c1bb7a91e9c26ffc0d5","restitle":"操作","resurl":"http://hellowocao.com/localxres/datax/coode_keydetaily/data/33622.json"},{"restype":"jsondata","rescode":"keytype_extdata","resmd5":"ec6f3c0cc46d817354cb62ab0e01ca47","restitle":"类型","resurl":"http://hellowocao.com/localxres/datax/coode_keydetaily/data/89900.json"},{"restype":"jsondata","rescode":"OLMK_extdata","resmd5":"b9e31aec5bc39139f6f56037e34a28cc","restitle":"唯一标记","resurl":"http://hellowocao.com/localxres/datax/coode_keydetaily/data/89944.json"},{"restype":"jsondata","rescode":"datanum_extdata","resmd5":"6a82c2a6c3b357de0eac744ce4e90d99","restitle":"数据数量","resurl":"http://hellowocao.com/localxres/datax/coode_keydetaily/data/89945.json"}]}