{"status":"1","tabnm":"coode_plotdetail","tabtitle":"节点详情","tabsno":"339","crtsql":"CREATE TABLE coode_plotdetail (SNO int(11) NOT NULL AUTO_INCREMENT,plotmark varchar(100) NOT NULL,CRTM datetime NOT NULL,UPTM datetime NOT NULL,level tinyint(4) NOT NULL,myid int(11) NOT NULL,parid int(11) NOT NULL,oriid int(11) NOT NULL,withface varchar(1024) NOT NULL,mytitle varchar(100) NOT NULL,partitle varchar(100) NOT NULL,orititle varchar(100) NOT NULL,mymark varchar(100) NOT NULL,parmark varchar(100) NOT NULL,orimark varchar(100) NOT NULL,myurl varchar(255) NOT NULL,myclick varchar(255) NOT NULL,fontname varchar(20) NOT NULL,fontshow varchar(255) NOT NULL,CRTOR varchar(255) NOT NULL,mydescrib text NOT NULL,vermd5 varchar(50) NOT NULL,rescode varchar(255) NOT NULL,scvid varchar(50) NOT NULL,sysid varchar(50) NOT NULL,appid varchar(50) NOT NULL,layid varchar(50) NOT NULL,PRIME int(11) NOT NULL,OLMK varchar(255) NOT NULL,PTOF varchar(50) NOT NULL,VRT varchar(255) NOT NULL,STATUS tinyint(4) NOT NULL,STCODE varchar(1024) NOT NULL,RIP varchar(255) NOT NULL,OPRT varchar(1024) NOT NULL,PRIMARY KEY (SNO),UNIQUE KEY twomk (plotmark,myid) USING BTREE) ENGINE=MyISAM AUTO_INCREMENT=1 DEFAULT CHARSET=utf8;","allkeys":"应用id,创建时刻,创建人,字库名,字库代码,展示ID,层级,我的点击,我的描述,本id,我的标记,我的标题,我的地址,唯一标记,操作,原始id,原始标记,原始标题,父id,父层标记,父标题,节点标记,素数定类,类属,本身资源标记,远程IP,实例id,编号,流程状态,流程脚本,系统ID,更新时刻,版本号,流程编码,皮肤|appid,CRTM,CRTOR,fontname,fontshow,layid,level,myclick,mydescrib,myid,mymark,mytitle,myurl,OLMK,OPRT,oriid,orimark,orititle,parid,parmark,partitle,plotmark,PRIME,PTOF,rescode,RIP,scvid,SNO,STATUS,STCODE,sysid,UPTM,vermd5,VRT,withface","parreskey":"plotmark","mainsqx":"SNO","srckey":"mymark","srcttk":"mytitle","rtype":"plotx","parcode":"","rcode":"/FACE/easyright/css/style.css","rtitle":"/FACE/easyright/css/style.css","ver":"20260129114439","vls":[{"keymark":"CRTM","dxtype":"datetime","keytitle":"创建时刻","kvalue":"2020-05-19 01:19:47"},{"keymark":"UPTM","dxtype":"datetime","keytitle":"更新时刻","kvalue":"2020-05-19 01:19:47"},{"keymark":"level","dxtype":"tinyint","keytitle":"层级","kvalue":"2"},{"keymark":"mymark","dxtype":"varchar","keytitle":"我的标记","kvalue":"/FACE/easyright/css/style.css"},{"keymark":"parmark","dxtype":"varchar","keytitle":"父层标记","kvalue":""},{"keymark":"myurl","dxtype":"varchar","keytitle":"我的地址","kvalue":""},{"keymark":"myclick","dxtype":"varchar","keytitle":"我的点击","kvalue":""},{"keymark":"CRTOR","dxtype":"varchar","keytitle":"创建人","kvalue":"hellowocao"},{"keymark":"mydescrib","dxtype":"varchar","keytitle":"我的描述","kvalue":"/ORG/BRAIN/images/icon/system/组织.svg"},{"keymark":"PRIME","dxtype":"int","keytitle":"素数定类","kvalue":"0"},{"keymark":"OLMK","dxtype":"varchar","keytitle":"唯一标记","kvalue":"52d19b3199e202f241b419be779824a3"},{"keymark":"PTOF","dxtype":"select","keytitle":"类属","kvalue":""},{"keymark":"oriid","dxtype":"int","keytitle":"原始id","kvalue":"0"},{"keymark":"parid","dxtype":"int","keytitle":"父id","kvalue":"1"},{"keymark":"myid","dxtype":"int","keytitle":"本id","kvalue":"69"},{"keymark":"plotmark","dxtype":"varchar","keytitle":"节点标记","kvalue":"sxqmdB@org"},{"keymark":"mytitle","dxtype":"varchar","keytitle":"我的标题","kvalue":"/FACE/easyright/css/style.css"},{"keymark":"partitle","dxtype":"varchar","keytitle":"父标题","kvalue":""},{"keymark":"orititle","dxtype":"varchar","keytitle":"原始标题","kvalue":""},{"keymark":"orimark","dxtype":"varchar","keytitle":"原始标记","kvalue":""},{"keymark":"appid","dxtype":"select","keytitle":"应用id","kvalue":""},{"keymark":"sysid","dxtype":"select","keytitle":"系统ID","kvalue":""},{"keymark":"VRT","dxtype":"varchar","keytitle":"流程编码","kvalue":"f9a554ff91f3367de7a7b436f3212b86"},{"keymark":"STATUS","dxtype":"varchar","keytitle":"流程状态","kvalue":"0"},{"keymark":"STCODE","dxtype":"varchar","keytitle":"流程脚本","kvalue":""},{"keymark":"RIP","dxtype":"varchar","keytitle":"远程IP","kvalue":""},{"keymark":"withface","dxtype":"varchar","keytitle":"皮肤","kvalue":""},{"keymark":"OPRT","dxtype":"chtml","keytitle":"操作","kvalue":""},{"keymark":"scvid","dxtype":"varchar","keytitle":"实例id","kvalue":""},{"keymark":"vermd5","dxtype":"varchar","keytitle":"版本号","kvalue":"6429c6d1dac928ce8fd5b607e32cea9c"},{"keymark":"fontname","dxtype":"varchar","keytitle":"字库名","kvalue":""},{"keymark":"fontshow","dxtype":"varchar","keytitle":"字库代码","kvalue":""},{"keymark":"layid","dxtype":"select","keytitle":"展示ID","kvalue":""},{"keymark":"rescode","dxtype":"varchar","keytitle":"本身资源标记","kvalue":"sxqmdB@org./FACE/easyright/css/style.css"}]}