{"status":"1","rtype":"tempx","rcode":"autosizetab.index","rtitle":"手机自动调整表格","ver":"cff12b8cf03a8621f6c5335b4ff03073","vls":[{"restype":"csspagex","rescode":"mblautosize","resmd5":"","restitle":"手机自动调整表格的mblautosize","resurl":"http://hellowocao.com/systemres/1/csspagex/mblautosize/mblautosize_csspagex.zip"},{"restype":"tempx","rescode":"autosizetab.index","resmd5":"","restitle":"手机自动调整表格","resurl":"http://hellowocao.com/localxres/tempx/autosizetab/autosizetab_tempx.zip"}]}