{"status":"1","rtype":"pagex","rcode":"KEMbcQ","rtitle":"模板字类样式编辑器","ver":"905362b16ad7d514c4cf7aeab7c7a23a","vls":[{"restype":"csspagex","rescode":"U0qYytxu","resmd5":"","restitle":"模板字类样式编辑器的U0qYytxu","resurl":"http://hellowocao.com/systemres/0/csspagex/U0qYytxu/U0qYytxu_csspagex.zip"},{"restype":"csspagex","rescode":"BlhAe6E3","resmd5":"","restitle":"模板字类样式编辑器的BlhAe6E3","resurl":"http://hellowocao.com/systemres/0/csspagex/BlhAe6E3/BlhAe6E3_csspagex.zip"},{"restype":"csspagex","rescode":"B7NwsRCk","resmd5":"","restitle":"模板字类样式编辑器的B7NwsRCk","resurl":"http://hellowocao.com/systemres/0/csspagex/B7NwsRCk/B7NwsRCk_csspagex.zip"},{"restype":"pagex","rescode":"KEMbcQ","resmd5":"905362b16ad7d514c4cf7aeab7c7a23a","restitle":"模板字类样式编辑器","resurl":"http://hellowocao.com/localxres/pagex/kRoU0qYytxu/KEMbcQ/KEMbcQ_pagex.zip"}]}