{"status":"1","tabnm":"coode_sysinformation","tabtitle":"系统库","87":"87","crtsql":"CREATE TABLE coode_sysinformation (SNO int(11) NOT NULL AUTO_INCREMENT,sysname varchar(100) NOT NULL,sysid varchar(100) NOT NULL,scvid varchar(50) NOT NULL,vermd5 varchar(50) NOT NULL,core varchar(50) NOT NULL,faceimg longtext NOT NULL,sysdetail text NOT NULL,motherhost varchar(1024) NOT NULL,lastupdt date NOT NULL,localsysid varchar(100) NOT NULL,indexurl varchar(1024) NOT NULL,loginurl varchar(1024) NOT NULL,inurl varchar(1024) NOT NULL,custinurl varchar(1024) NOT NULL,outurl varchar(1024) NOT NULL,totres int(11) NOT NULL,restime datetime NOT NULL,VRT varchar(1024) NOT NULL,CRTM datetime NOT NULL,UPTM datetime NOT NULL,STATUS tinyint(4) NOT NULL,CRTOR varchar(50) NOT NULL,PTOF varchar(50) NOT NULL,OLMK varchar(50) NOT NULL,STCODE varchar(1024) NOT NULL,PRIME int(11) NOT NULL,RIP varchar(255) NOT NULL,OPRT varchar(1024) NOT NULL,PRIMARY KEY (SNO),UNIQUE KEY sol (sysid) USING BTREE) ENGINE=MyISAM AUTO_INCREMENT=1 DEFAULT CHARSET=utf8;","allkeys":"引擎核心,创建时刻,创建人,客户进入地址,系统头像,首页地址,进入地址,最后更新,本系统标记,登录地址,母服务器,数据唯标,操作,输出地址,资源升级,数据归属,审计时刻,创建IP,实例id,数据编号,数据状态,资源查看,系统描述,系统ID,系统别名,资源总数,更改时刻,版本号,表格制作|core,CRTM,CRTOR,custinurl,faceimg,indexurl,inurl,lastupdt,localsysid,loginurl,motherhost,OLMK,OPRT,outurl,PRIME,PTOF,restime,RIP,scvid,SNO,STATUS,STCODE,sysdetail,sysid,sysname,totres,UPTM,vermd5,VRT","parreskey":"","mainsqx":"SNO","srckey":"","srcttk":"","rtype":"sysx","parcode":"","rcode":"","rtitle":"","ver":"20240123050246","vls":[{"keymark":"sysname","dxtype":"varchar","keytitle":"系统别名","kvalue":"鸿蓝工聊聊天系统"},{"keymark":"sysid","dxtype":"varchar","keytitle":"系统ID","kvalue":"rbworkerchat"},{"keymark":"scvid","dxtype":"varchar","keytitle":"实例id","kvalue":""},{"keymark":"vermd5","dxtype":"varchar","keytitle":"版本号","kvalue":"202105311459327PUKy7"},{"keymark":"core","dxtype":"varchar","keytitle":"引擎核心","kvalue":""},{"keymark":"faceimg","dxtype":"varchar","keytitle":"系统头像","kvalue":"/localxres/iconsetx/pagecontrol/smallsys.jpg"},{"keymark":"sysdetail","dxtype":"text","keytitle":"系统描述","kvalue":""},{"keymark":"motherhost","dxtype":"varchar","keytitle":"母服务器","kvalue":""},{"keymark":"lastupdt","dxtype":"date","keytitle":"最后更新","kvalue":"2021-05-31"},{"keymark":"localsysid","dxtype":"varchar","keytitle":"本系统标记","kvalue":""},{"keymark":"indexurl","dxtype":"select","keytitle":"首页地址","kvalue":""},{"keymark":"loginurl","dxtype":"select","keytitle":"登录地址","kvalue":""},{"keymark":"inurl","dxtype":"select","keytitle":"进入地址","kvalue":""},{"keymark":"custinurl","dxtype":"select","keytitle":"客户进入地址","kvalue":""},{"keymark":"outurl","dxtype":"varchar","keytitle":"输出地址","kvalue":""},{"keymark":"VRT","dxtype":"varchar","keytitle":"表格制作","kvalue":"d4815686616d8e51320db9ff06ee3cef"},{"keymark":"CRTM","dxtype":"datetime","keytitle":"创建时刻","kvalue":"2021-05-31 14:59:32"},{"keymark":"UPTM","dxtype":"datetime","keytitle":"更改时刻","kvalue":"2021-05-31 15:00:19"},{"keymark":"STATUS","dxtype":"tinyint","keytitle":"数据状态","kvalue":"0"},{"keymark":"CRTOR","dxtype":"varchar","keytitle":"创建人","kvalue":"18841880246"},{"keymark":"PTOF","dxtype":"varchar","keytitle":"数据归属","kvalue":""},{"keymark":"OLMK","dxtype":"varchar","keytitle":"数据唯标","kvalue":"aa72ffc78f46cce257e259cb3255f238"},{"keymark":"STCODE","dxtype":"varchar","keytitle":"资源查看","kvalue":""},{"keymark":"PRIME","dxtype":"int","keytitle":"资源升级","kvalue":"0"},{"keymark":"RIP","dxtype":"varchar","keytitle":"创建IP","kvalue":"223.100.203.162"},{"keymark":"OPRT","dxtype":"chtml","keytitle":"操作","kvalue":""},{"keymark":"totres","dxtype":"int","keytitle":"资源总数","kvalue":"0"},{"keymark":"restime","dxtype":"datetime","keytitle":"审计时刻","kvalue":"0000-00-00 00:00:00"}]}