{"status":"1","rtype":"tabx","rcode":"coode_devespace","rtitle":"coode_devespace","ver":"1cefbf6cdc72a0b383ed833c24f7bf23","crtsql":"CREATE TABLE coode_devespace (SNO int(11) NOT NULL AUTO_INCREMENT,restype varchar(50) NOT NULL,rescode varchar(100) NOT NULL,restitle varchar(1024) NOT NULL,resarea varchar(50) NOT NULL,fromip varchar(100) NOT NULL,fromhost varchar(255) NOT NULL,frommcode varchar(50) NOT NULL,askman varchar(50) NOT NULL,forsysid varchar(50) NOT NULL,acccode varchar(50) NOT NULL,CRTM datetime NOT NULL,CRTOR varchar(255) NOT NULL,OLMK varchar(255) NOT NULL,OPRT varchar(1024) NOT NULL,PRIME int(11) NOT NULL,PTOF varchar(255) NOT NULL,RIP varchar(255) NOT NULL,STATUS tinyint(4) NOT NULL,STCODE varchar(1024) NOT NULL,UPTM datetime NOT NULL,VRT varchar(255) NOT NULL,PRIMARY KEY (SNO),UNIQUE KEY olask (restype,rescode,askman) USING BTREE) ENGINE=MyISAM AUTO_INCREMENT=1 DEFAULT CHARSET=utf8;","vls":[{"restype":"jsondata","rescode":"coode_devespace_basedata","resmd5":"01326c5174e38c7b83fc0d408540a9e8","restitle":"coode_devespace","resurl":"http://hellowocao.com/localxres/datax/coode_tablist/data/2284.json"},{"restype":"jsondata","rescode":"SNO_extdata","resmd5":"776ae6cc19c99b26d10b08cec5582af7","restitle":"数据编号","resurl":"http://hellowocao.com/localxres/datax/coode_keydetailx/data/18298.json"},{"restype":"jsondata","rescode":"restype_extdata","resmd5":"b76aa429623e4c24465cf94722eb4772","restitle":"资源类型","resurl":"http://hellowocao.com/localxres/datax/coode_keydetailx/data/18299.json"},{"restype":"jsondata","rescode":"rescode_extdata","resmd5":"7d0b451e3f726d19a2d2b02189bc18f8","restitle":"资源编码","resurl":"http://hellowocao.com/localxres/datax/coode_keydetailx/data/18301.json"},{"restype":"jsondata","rescode":"restitle_extdata","resmd5":"7a496bbaaea9cc4e6e1d88f3c7752245","restitle":"资源标题","resurl":"http://hellowocao.com/localxres/datax/coode_keydetailx/data/18302.json"},{"restype":"jsondata","rescode":"resarea_extdata","resmd5":"7b14cc270304f1a01fbfe24911d59171","restitle":"资源领域","resurl":"http://hellowocao.com/localxres/datax/coode_keydetailx/data/18303.json"},{"restype":"jsondata","rescode":"fromip_extdata","resmd5":"5885a6a8772692ea714fc0ca66a36547","restitle":"来自IP","resurl":"http://hellowocao.com/localxres/datax/coode_keydetailx/data/18304.json"},{"restype":"jsondata","rescode":"fromhost_extdata","resmd5":"874e183cc780f5f3b00354c5c431a18f","restitle":"来自域名","resurl":"http://hellowocao.com/localxres/datax/coode_keydetailx/data/18305.json"},{"restype":"jsondata","rescode":"frommcode_extdata","resmd5":"b1ce3e74077d66b53d2e58e820dce152","restitle":"来自设备码","resurl":"http://hellowocao.com/localxres/datax/coode_keydetailx/data/18306.json"},{"restype":"jsondata","rescode":"askman_extdata","resmd5":"dc41475403e2b5297decdbd1356161b1","restitle":"请求人","resurl":"http://hellowocao.com/localxres/datax/coode_keydetailx/data/18307.json"},{"restype":"jsondata","rescode":"forsysid_extdata","resmd5":"6560c8759ccc0e3fecfdf189157c67f3","restitle":"系统ID","resurl":"http://hellowocao.com/localxres/datax/coode_keydetailx/data/18308.json"},{"restype":"jsondata","rescode":"CRTM_extdata","resmd5":"ebb23901e6b95ae2f5d90a3328bdc67a","restitle":"创建时刻","resurl":"http://hellowocao.com/localxres/datax/coode_keydetailx/data/18309.json"},{"restype":"jsondata","rescode":"CRTOR_extdata","resmd5":"1c2af744adeb39a987bed62ac9269c08","restitle":"创建人","resurl":"http://hellowocao.com/localxres/datax/coode_keydetailx/data/18310.json"},{"restype":"jsondata","rescode":"OLMK_extdata","resmd5":"8467280de55bdafec7c438c9c96c11d4","restitle":"数据唯标","resurl":"http://hellowocao.com/localxres/datax/coode_keydetailx/data/18311.json"},{"restype":"jsondata","rescode":"OPRT_extdata","resmd5":"ce33e422d892b0bd9eebf5d9407885b7","restitle":"操作","resurl":"http://hellowocao.com/localxres/datax/coode_keydetailx/data/18312.json"},{"restype":"jsondata","rescode":"PRIME_extdata","resmd5":"0e9d31436ec37b5ac2b51568bf213d7f","restitle":"主要标识","resurl":"http://hellowocao.com/localxres/datax/coode_keydetailx/data/18313.json"},{"restype":"jsondata","rescode":"PTOF_extdata","resmd5":"964cfd3ee18d19986dacd7406fd9b6bd","restitle":"数据归属","resurl":"http://hellowocao.com/localxres/datax/coode_keydetailx/data/18314.json"},{"restype":"jsondata","rescode":"RIP_extdata","resmd5":"4e3000ae272840c5e4da9a4259222a72","restitle":"创建IP","resurl":"http://hellowocao.com/localxres/datax/coode_keydetailx/data/18315.json"},{"restype":"jsondata","rescode":"STATUS_extdata","resmd5":"d741e4e5732ab2e99770d09e294e3b2e","restitle":"数据状态","resurl":"http://hellowocao.com/localxres/datax/coode_keydetailx/data/18316.json"},{"restype":"jsondata","rescode":"acccode_extdata","resmd5":"325377b518e8edd232622b17da60e5ad","restitle":"识别认证码","resurl":"http://hellowocao.com/localxres/datax/coode_keydetailx/data/18317.json"},{"restype":"jsondata","rescode":"STCODE_extdata","resmd5":"164654530950317cd8d57a38380ba9dc","restitle":"流程进展","resurl":"http://hellowocao.com/localxres/datax/coode_keydetailx/data/18320.json"},{"restype":"jsondata","rescode":"UPTM_extdata","resmd5":"931b7bae001c2a380aab08b1b0a333f0","restitle":"更改时刻","resurl":"http://hellowocao.com/localxres/datax/coode_keydetailx/data/18321.json"},{"restype":"jsondata","rescode":"VRT_extdata","resmd5":"8969b29b553bdae7a5222d9b933bfbd8","restitle":"资源路径","resurl":"http://hellowocao.com/localxres/datax/coode_keydetailx/data/18322.json"}]}