{"status":"1","tabnm":"coode_keydetailx","tabtitle":"字段配置母表","tabsno":"3973","crtsql":"CREATE TABLE coode_keydetailx (SNO int(11) NOT NULL AUTO_INCREMENT,TABLE_CATALOG varchar(512) NOT NULL,TABLE_SCHEMA varchar(64) NOT NULL,TABLE_NAME varchar(64) NOT NULL,COLUMN_NAME varchar(64) NOT NULL,ORDINAL_POSITION bigint(20) NOT NULL,COLUMN_DEFAULT longtext NOT NULL,IS_NULLABLE varchar(3) NOT NULL,DATA_TYPE varchar(64) NOT NULL,CHARACTER_MAXIMUM_LENGTH bigint(20) NOT NULL,CHARACTER_OCTET_LENGTH bigint(20) NOT NULL,NUMERIC_PRECISION bigint(20) NOT NULL,NUMERIC_SCALE bigint(20) NOT NULL,DATETIME_PRECISION bigint(20) NOT NULL,CHARACTER_SET_NAME varchar(32) NOT NULL,COLLATION_NAME varchar(32) NOT NULL,COLUMN_TYPE longtext NOT NULL,COLUMN_KEY varchar(3) NOT NULL,EXTRA varchar(30) NOT NULL,PRIVILEGES varchar(80) NOT NULL,COLUMN_COMMENT varchar(1024) NOT NULL,PRIME int(11) NOT NULL,shortid varchar(50) NOT NULL,rescode varchar(100) NOT NULL,CRTM datetime NOT NULL,OLMK varchar(30) NOT NULL,PTOF varchar(30) NOT NULL,classp varchar(50) NOT NULL,clstxt text NOT NULL,tdomain varchar(255) NOT NULL,tgroup varchar(50) NOT NULL,tabnick varchar(50) NOT NULL,parallelto varchar(255) NOT NULL,keytitle varchar(30) NOT NULL,valuezero varchar(1024) NOT NULL,keyexplain varchar(30) NOT NULL,acthtml text NOT NULL,atnhtml text NOT NULL,jsshowfun text NOT NULL,sysshowfun text NOT NULL,jspostfun text NOT NULL,syspostfun varchar(1024) NOT NULL,changeable tinyint(4) NOT NULL,displayed tinyint(4) NOT NULL,dxtype varchar(1024) NOT NULL,vermd5 varchar(32) NOT NULL,UPTM datetime NOT NULL,bfist text NOT NULL,aftist text NOT NULL,bfupd text NOT NULL,aftupd text NOT NULL,bfdel text NOT NULL,aftdel text NOT NULL,sysid varchar(20) NOT NULL,appid varchar(20) NOT NULL,isfixed tinyint(4) NOT NULL,thcode varchar(1024) NOT NULL,tdcode varchar(1024) NOT NULL,VRT varchar(1024) NOT NULL,SQX decimal(10,2) NOT NULL,VQX decimal(10,2) NOT NULL,CRTOR varchar(255) NOT NULL,STATUS tinyint(4) NOT NULL,STCODE varchar(1024) NOT NULL,RIP varchar(255) NOT NULL,OPRT varchar(1024) NOT NULL,PRIMARY KEY (SNO),UNIQUE KEY tcol (TABLE_SCHEMA,TABLE_NAME,COLUMN_NAME) USING BTREE) ENGINE=MyISAM AUTO_INCREMENT=1 DEFAULT CHARSET=utf8;","allkeys":"选择器执行,删除后,新增后,更改后,应用id,头字段TR脚本,删除前,新增前,更改前,可否更改,字段长度,character_octet_length_table,char_sets,字段资源,分类选项,collation_name_table,COLUMN_COMMENT,默认值,table_key,字段名,字段类别,创建时刻,创建人,数据类型,datetime_precision_table,显示,显示类型, extra,是否固定,可为空,前提交验证,前端展示,字段注释,字段别名,numeric_precision_table,numeric_scale_table,唯一标记,操作,ordinalpositiontable,平行分裂,恢复更新,PRIVILEGES,归属,本身资源值,远程IP,短地址,编号,顺序,值长为0,流程脚本,系统ID,后提交验证,后台展示,catalog_table,表名,数据库,表格昵名,单元格外围,t_domain,t_group,表头外围,更新时间,默认值,版本号,数据范围,资源路径|acthtml,aftdel,aftist,aftupd,appid,atnhtml,bfdel,bfist,bfupd,changeable,CHARACTER_MAXIMUM_LENGTH,CHARACTER_OCTET_LENGTH,CHARACTER_SET_NAME,classp,clstxt,COLLATION_NAME,COLUMN_COMMENT,COLUMN_DEFAULT,COLUMN_KEY,COLUMN_NAME,COLUMN_TYPE,CRTM,CRTOR,DATA_TYPE,DATETIME_PRECISION,displayed,dxtype,EXTRA,isfixed,IS_NULLABLE,jspostfun,jsshowfun,keyexplain,keytitle,NUMERIC_PRECISION,NUMERIC_SCALE,OLMK,OPRT,ORDINAL_POSITION,parallelto,PRIME,PRIVILEGES,PTOF,rescode,RIP,shortid,SNO,SQX,STATUS,STCODE,sysid,syspostfun,sysshowfun,TABLE_CATALOG,TABLE_NAME,TABLE_SCHEMA,tabnick,tdcode,tdomain,tgroup,thcode,UPTM,valuezero,vermd5,VQX,VRT","parreskey":"TABLE_NAME","mainsqx":"SNO","srckey":"COLUMN_NAME","srcttk":"keytitle","rtype":"tabx","parcode":"","rcode":"PRIME","rtitle":"素数定类","ver":"20260129113845","vls":[{"keymark":"TABLE_CATALOG","dxtype":"varchar","keytitle":"catalog_table","kvalue":"def"},{"keymark":"TABLE_SCHEMA","dxtype":"varchar","keytitle":"数据库","kvalue":"io_halo123_cn"},{"keymark":"TABLE_NAME","dxtype":"varchar","keytitle":"表名","kvalue":"coode_dbkeydy"},{"keymark":"COLUMN_NAME","dxtype":"varchar","keytitle":"字段名","kvalue":"PRIME"},{"keymark":"ORDINAL_POSITION","dxtype":"bigint","keytitle":"ordinalpositiontable","kvalue":"000000000000000000022"},{"keymark":"COLUMN_DEFAULT","dxtype":"[]","keytitle":"默认值","kvalue":""},{"keymark":"IS_NULLABLE","dxtype":"varchar","keytitle":"可为空","kvalue":"NO"},{"keymark":"DATA_TYPE","dxtype":"select","keytitle":"数据类型","kvalue":"int"},{"keymark":"CHARACTER_MAXIMUM_LENGTH","dxtype":"bigint","keytitle":"字段长度","kvalue":"0"},{"keymark":"CHARACTER_OCTET_LENGTH","dxtype":"bigint","keytitle":"character_octet_length_table","kvalue":"0"},{"keymark":"NUMERIC_PRECISION","dxtype":"bigint","keytitle":"numeric_precision_table","kvalue":"10"},{"keymark":"NUMERIC_SCALE","dxtype":"bigint","keytitle":"numeric_scale_table","kvalue":"0"},{"keymark":"DATETIME_PRECISION","dxtype":"bigint","keytitle":"datetime_precision_table","kvalue":"0"},{"keymark":"CHARACTER_SET_NAME","dxtype":"varchar","keytitle":"char_sets","kvalue":""},{"keymark":"COLLATION_NAME","dxtype":"varchar","keytitle":"collation_name_table","kvalue":""},{"keymark":"COLUMN_TYPE","dxtype":"longtext","keytitle":"字段类别","kvalue":"int(11)"},{"keymark":"COLUMN_KEY","dxtype":"varchar","keytitle":"table_key","kvalue":""},{"keymark":"EXTRA","dxtype":"varchar","keytitle":" extra","kvalue":""},{"keymark":"PRIVILEGES","dxtype":"varchar","keytitle":"","kvalue":"select,insert,update,references"},{"keymark":"COLUMN_COMMENT","dxtype":"varchar","keytitle":"","kvalue":""},{"keymark":"CRTM","dxtype":"datetime","keytitle":"创建时刻","kvalue":"2021-07-05 16:20:32"},{"keymark":"OLMK","dxtype":"varchar","keytitle":"唯一标记","kvalue":"20210705042027QhEQC4"},{"keymark":"PTOF","dxtype":"select","keytitle":"归属","kvalue":"scan"},{"keymark":"classp","dxtype":"select","keytitle":"字段资源","kvalue":"0"},{"keymark":"keytitle","dxtype":"varchar","keytitle":"字段别名","kvalue":"素数定类"},{"keymark":"keyexplain","dxtype":"varchar","keytitle":"字段注释","kvalue":""},{"keymark":"UPTM","dxtype":"datetime","keytitle":"更新时间","kvalue":"2023-05-06 21:31:28"},{"keymark":"clstxt","dxtype":"text","keytitle":"分类选项","kvalue":""},{"keymark":"jsshowfun","dxtype":"text","keytitle":"前端展示","kvalue":""},{"keymark":"sysshowfun","dxtype":"text","keytitle":"后台展示","kvalue":""},{"keymark":"jspostfun","dxtype":"select","keytitle":"前提交验证","kvalue":""},{"keymark":"syspostfun","dxtype":"select","keytitle":"后提交验证","kvalue":""},{"keymark":"changeable","dxtype":"varchar","keytitle":"可否更改","kvalue":"0"},{"keymark":"bfist","dxtype":"text","keytitle":"新增前","kvalue":""},{"keymark":"aftist","dxtype":"text","keytitle":"新增后","kvalue":""},{"keymark":"bfupd","dxtype":"text","keytitle":"更改前","kvalue":""},{"keymark":"aftupd","dxtype":"text","keytitle":"更改后","kvalue":""},{"keymark":"bfdel","dxtype":"text","keytitle":"删除前","kvalue":""},{"keymark":"aftdel","dxtype":"text","keytitle":"删除后","kvalue":""},{"keymark":"acthtml","dxtype":"text","keytitle":"选择器执行","kvalue":""},{"keymark":"atnhtml","dxtype":"text","keytitle":"头字段TR脚本","kvalue":""},{"keymark":"shortid","dxtype":"varchar","keytitle":"短地址","kvalue":""},{"keymark":"displayed","dxtype":"varchar","keytitle":"显示","kvalue":"0"},{"keymark":"SQX","dxtype":"decimal2","keytitle":"顺序","kvalue":"22.00"},{"keymark":"dxtype","dxtype":"select","keytitle":"显示类型","kvalue":"int"},{"keymark":"VRT","dxtype":"varchar255","keytitle":"资源路径","kvalue":"dcfd0e64969765f2df7a217b2fa14ee9"},{"keymark":"PRIME","dxtype":"int","keytitle":"恢复更新","kvalue":"22971"},{"keymark":"VQX","dxtype":"decimal4","keytitle":"数据范围","kvalue":"0.0000"},{"keymark":"CRTOR","dxtype":"varchar","keytitle":"创建人","kvalue":"hellowocao"},{"keymark":"STATUS","dxtype":"tinyint","keytitle":"值长为0","kvalue":"0"},{"keymark":"STCODE","dxtype":"varchar","keytitle":"流程脚本","kvalue":""},{"keymark":"RIP","dxtype":"varchar","keytitle":"远程IP","kvalue":""},{"keymark":"OPRT","dxtype":"chtml","keytitle":"操作","kvalue":""},{"keymark":"tdomain","dxtype":"varchar","keytitle":"t_domain","kvalue":""},{"keymark":"tgroup","dxtype":"varchar","keytitle":"t_group","kvalue":""},{"keymark":"tabnick","dxtype":"varchar","keytitle":"表格昵名","kvalue":""},{"keymark":"sysid","dxtype":"varchar","keytitle":"系统ID","kvalue":""},{"keymark":"appid","dxtype":"varchar","keytitle":"应用id","kvalue":""},{"keymark":"valuezero","dxtype":"varchar","keytitle":"默认值","kvalue":""},{"keymark":"parallelto","dxtype":"select","keytitle":"平行分裂","kvalue":""},{"keymark":"isfixed","dxtype":"tinyint","keytitle":"是否固定","kvalue":"0"},{"keymark":"thcode","dxtype":"varchar","keytitle":"表头外围","kvalue":""},{"keymark":"tdcode","dxtype":"varchar","keytitle":"单元格外围","kvalue":""},{"keymark":"vermd5","dxtype":"varchar","keytitle":"版本号","kvalue":"84c4f46b67e65c58f545d7dfd4c21b1a"},{"keymark":"rescode","dxtype":"varchar","keytitle":"本身资源值","kvalue":"halokitty/coode_dbkeydy.PRIME"}]}