{"status":"1","tabnm":"coode_tablist","tabtitle":"表格列表","tabsno":"601","crtsql":"","allkeys":"人智标题,人智值,全部,领域字段,浏览前执行,内容字段,版权标记,创建代码,创建时刻,创建人,表分组,表单,信息创建者,图像,设置权限,安装数据,信息映射资源隶属世界,json内容,json类型,字段长度,全字段,字段类型,主序字段,数据版本字段,唯一标记,唯一标记字段,操作,父资源KEY,安装制作,子母级联,资源中文单词,本身资源值,资源英文单词,资源类型代码,远程IP,数据库名,长度类型,编号,资源字段,资源标题,流程状态,流程脚本,辅序字段,系统ID,更新频率,表名,简介字段,表标题,表格类型,更新时刻,版本号,母子级联,世界标记|aitkey,aivkey,allkeys,areakey,beforeview,contentkeys,copyrightmark,createsql,CRTM,CRTOR,grpmark,hasshort,ickey,imghead,ispmiss,issys,iwkey,jsonconts,jsontpnms,keylens,keynames,keytpnms,mainsqx,md5key,OLMK,olmkkey,OPRT,parreskey,PRIME,PTOF,reschiword,rescode,resenword,restpcode,RIP,schm,sizetype,SNO,srckey,srcttk,STATUS,STCODE,subsqx,sysid,tabcls,TABLE_NAME,tabnick,tabtitle,tabtype,UPTM,vermd5,VRT,worldmarks","parreskey":"","mainsqx":"SNO","srckey":"TABLE_NAME","srcttk":"tabtitle","rtype":"tabx","parcode":"","rcode":"coode_funcool","rtitle":"函数军火库","ver":"20260129120235","vls":[{"keymark":"OLMK","dxtype":"varchar","keytitle":"唯一标记","kvalue":"eb6b904ad8a746e242b76e6e1e3268"},{"keymark":"UPTM","dxtype":"datetime","keytitle":"更新时刻","kvalue":"2023-03-24 08:30:22"},{"keymark":"CRTM","dxtype":"datetime","keytitle":"创建时刻","kvalue":"2019-11-26 00:20:05"},{"keymark":"PTOF","dxtype":"select","keytitle":"子母级联","kvalue":"coode.cat123.cn"},{"keymark":"TABLE_NAME","dxtype":"varchar","keytitle":"表名","kvalue":"coode_funcool"},{"keymark":"tabtitle","dxtype":"varchar","keytitle":"表标题","kvalue":"函数军火库"},{"keymark":"VRT","dxtype":"multiselect","keytitle":"母子级联","kvalue":"18a975033a1f40ce7fc206afacb12b2d"},{"keymark":"CRTOR","dxtype":"varchar","keytitle":"创建人","kvalue":"hellowocao"},{"keymark":"ickey","dxtype":"varchar","keytitle":"信息创建者","kvalue":"CRTOR"},{"keymark":"iwkey","dxtype":"varchar","keytitle":"信息映射资源隶属世界","kvalue":"PTOF"},{"keymark":"ispmiss","dxtype":"varchar","keytitle":"设置权限","kvalue":"0"},{"keymark":"sizetype","dxtype":"select","keytitle":"长度类型","kvalue":""},{"keymark":"hasshort","dxtype":"varchar","keytitle":"表单","kvalue":"1"},{"keymark":"STATUS","dxtype":"varchar","keytitle":"流程状态","kvalue":"1"},{"keymark":"STCODE","dxtype":"varchar","keytitle":"流程脚本","kvalue":""},{"keymark":"PRIME","dxtype":"int","keytitle":"安装制作","kvalue":"0"},{"keymark":"RIP","dxtype":"varchar","keytitle":"远程IP","kvalue":""},{"keymark":"OPRT","dxtype":"chtml","keytitle":"操作","kvalue":"3.14"},{"keymark":"mainsqx","dxtype":"select","keytitle":"主序字段","kvalue":"SNO"},{"keymark":"tabcls","dxtype":"select","keytitle":"更新频率","kvalue":""},{"keymark":"sysid","dxtype":"select","keytitle":"系统ID","kvalue":"1"},{"keymark":"schm","dxtype":"varchar","keytitle":"数据库名","kvalue":"io_halo123_cn"},{"keymark":"createsql","dxtype":"code","keytitle":"创建代码","kvalue":"CREATE TABLE coode_funcool (SNO int(11) NOT NULL AUTO_INCREMENT,sysid varchar(100) NOT NULL,vers varchar(32) NOT NULL,vermd5 varchar(32) NOT NULL,areatype varchar(50) NOT NULL,funname varchar(50) NOT NULL,funcname varchar(50) NOT NULL,funtype varchar(50) NOT NULL,areaname varchar(50) NOT NULL,restype varchar(50) NOT NULL,rescode varchar(50) NOT NULL,funkey varchar(100) NOT NULL,fkeys int(11) NOT NULL,keydes varchar(1024) NOT NULL,relyfuns varchar(1024) NOT NULL,CRTM datetime NOT NULL,UPTM datetime NOT NULL,funbody text NOT NULL,funfull longtext NOT NULL,filelcpath varchar(100) NOT NULL,isdb tinyint(4) NOT NULL,isfile tinyint(4) NOT NULL,lang varchar(30) NOT NULL,istemp tinyint(4) NOT NULL,issys tinyint(4) NOT NULL,isiden tinyint(4) NOT NULL,ispmiss tinyint(4) NOT NULL,fileurl varchar(100) NOT NULL,OLMK varchar(30) NOT NULL,VRT varchar(100) NOT NULL,CRTOR varchar(30) NOT NULL,PTOF varchar(30) NOT NULL,STATUS tinyint(4) NOT NULL,STCODE varchar(1024) NOT NULL,PRIME int(11) NOT NULL,RIP varchar(255) NOT NULL,OPRT varchar(1024) NOT NULL,PRIMARY KEY (SNO),UNIQUE KEY fnm (funname,areatype,areaname) USING BTREE) ENGINE=MyISAM AUTO_INCREMENT=1 DEFAULT CHARSET=utf8;"},{"keymark":"issys","dxtype":"varchar","keytitle":"安装数据","kvalue":"0"},{"keymark":"keynames","dxtype":"varchar","keytitle":"全字段","kvalue":"sysid,vers,vermd5,areatype,funname,funcname,funtype,areaname,restype,rescode,funkey,fkeys,keydes,relyfuns,CRTM,UPTM,funbody,funfull,filelcpath,isdb,isfile,lang,istemp,issys,isiden,ispmiss,fileurl,OLMK,VRT,CRTOR,PTOF,STATUS,STCODE,PRIME,RIP,OPRT"},{"keymark":"keytpnms","dxtype":"varchar","keytitle":"字段类型","kvalue":"concat(↓↑↓,sysid,↓↑,↑↓,vers,↓↑,↑↓,vermd5,↓↑,↑↓,areatype,↓↑,↑↓,funname,↓↑,↑↓,funcname,↓↑,↑↓,funtype,↓↑,↑↓,areaname,↓↑,↑↓,restype,↓↑,↑↓,rescode,↓↑,↑↓,funkey,↓↑,↑↓,fkeys,↓↑,↑↓,keydes,↓↑,↑↓,relyfuns,↓↑,↑↓,CRTM,↓↑,↑↓,UPTM,↓↑,↑↓,funbody,↓↑,↑↓,funfull,↓↑,↑↓,filelcpath,↓↑,↑↓,isdb,↓↑,↑↓,isfile,↓↑,↑↓,lang,↓↑,↑↓,istemp,↓↑,↑↓,issys,↓↑,↑↓,isiden,↓↑,↑↓,ispmiss,↓↑,↑↓,fileurl,↓↑,↑↓,OLMK,↓↑,↑↓,VRT,↓↑,↑↓,CRTOR,↓↑,↑↓,PTOF,↓↑,↑↓,STATUS,↓↑,↑↓,STCODE,↓↑,↑↓,PRIME,↓↑,↑↓,RIP,↓↑,↑↓,OPRT,↓↑↓)"},{"keymark":"jsontpnms","dxtype":"varchar","keytitle":"json类型","kvalue":"concat(↓\"sysid∵↓,sysid,↓\",↓,↓\"vers∵↓,vers,↓\",↓,↓\"vermd5∵↓,vermd5,↓\",↓,↓\"areatype∵↓,areatype,↓\",↓,↓\"funname∵↓,funname,↓\",↓,↓\"funcname∵↓,funcname,↓\",↓,↓\"funtype∵↓,funtype,↓\",↓,↓\"areaname∵↓,areaname,↓\",↓,↓\"restype∵↓,restype,↓\",↓,↓\"rescode∵↓,rescode,↓\",↓,↓\"funkey∵↓,funkey,↓\",↓,↓\"fkeys∵↓,fkeys,↓\",↓,↓\"keydes∵↓,keydes,↓\",↓,↓\"relyfuns∵↓,relyfuns,↓\",↓,↓\"CRTM∵↓,CRTM,↓\",↓,↓\"UPTM∵↓,UPTM,↓\",↓,↓\"funbody∵↓,funbody,↓\",↓,↓\"funfull∵↓,funfull,↓\",↓,↓\"filelcpath∵↓,filelcpath,↓\",↓,↓\"isdb∵↓,isdb,↓\",↓,↓\"isfile∵↓,isfile,↓\",↓,↓\"lang∵↓,lang,↓\",↓,↓\"istemp∵↓,istemp,↓\",↓,↓\"issys∵↓,issys,↓\",↓,↓\"isiden∵↓,isiden,↓\",↓,↓\"ispmiss∵↓,ispmiss,↓\",↓,↓\"fileurl∵↓,fileurl,↓\",↓,↓\"OLMK∵↓,OLMK,↓\",↓,↓\"VRT∵↓,VRT,↓\",↓,↓\"CRTOR∵↓,CRTOR,↓\",↓,↓\"PTOF∵↓,PTOF,↓\",↓,↓\"STATUS∵↓,STATUS,↓\",↓,↓\"STCODE∵↓,STCODE,↓\",↓,↓\"PRIME∵↓,PRIME,↓\",↓,↓\"RIP∵↓,RIP,↓\",↓,↓\"OPRT∵↓,OPRT,↓\"↓)"},{"keymark":"srckey","dxtype":"select","keytitle":"资源字段","kvalue":""},{"keymark":"srcttk","dxtype":"select","keytitle":"资源标题","kvalue":""},{"keymark":"allkeys","dxtype":"varchar","keytitle":"全部","kvalue":"领域名称,领域类型,创建时刻,创建人,本地地址,远程地址,参数数量,函数描述,函数别名,函数内容,函数参数,函数名,函数类型,是否数据,是否文件,isiden_table,设置权限,是否系统,tablename_istemp,字段描述,语言,唯一标记,操作,素数定类,归属,依赖函数,资源代码,资源类型,远程IP,编号,流程状态,流程脚本,系统ID,更改时刻,版本号,版本,流程编码|areaname,areatype,CRTM,CRTOR,filelcpath,fileurl,fkeys,funbody,funcname,funfull,funkey,funname,funtype,isdb,isfile,isiden,ispmiss,issys,istemp,keydes,lang,OLMK,OPRT,PRIME,PTOF,relyfuns,rescode,restype,RIP,SNO,STATUS,STCODE,sysid,UPTM,vermd5,vers,VRT"},{"keymark":"contentkeys","dxtype":"varchar","keytitle":"内容字段","kvalue":"sysid,vers,vermd5,areatype,funname,funcname,funtype,areaname,restype,rescode,funkey,fkeys,keydes,relyfuns,funbody,funfull,filelcpath,isdb,isfile,lang,istemp,issys,isiden,ispmiss,fileurl"},{"keymark":"jsonconts","dxtype":"varchar","keytitle":"json内容","kvalue":"↓\"sysid∵↓,sysid,↓\",↓,↓\"vers∵↓,vers,↓\",↓,↓\"vermd5∵↓,vermd5,↓\",↓,↓\"areatype∵↓,areatype,↓\",↓,↓\"funname∵↓,funname,↓\",↓,↓\"funcname∵↓,funcname,↓\",↓,↓\"funtype∵↓,funtype,↓\",↓,↓\"areaname∵↓,areaname,↓\",↓,↓\"restype∵↓,restype,↓\",↓,↓\"rescode∵↓,rescode,↓\",↓,↓\"funkey∵↓,funkey,↓\",↓,↓\"fkeys∵↓,fkeys,↓\",↓,↓\"keydes∵↓,keydes,↓\",↓,↓\"relyfuns∵↓,relyfuns,↓\",↓,↓\"funbody∵↓,funbody,↓\",↓,↓\"funfull∵↓,funfull,↓\",↓,↓\"filelcpath∵↓,filelcpath,↓\",↓,↓\"isdb∵↓,isdb,↓\",↓,↓\"isfile∵↓,isfile,↓\",↓,↓\"lang∵↓,lang,↓\",↓,↓\"istemp∵↓,istemp,↓\",↓,↓\"issys∵↓,issys,↓\",↓,↓\"isiden∵↓,isiden,↓\",↓,↓\"ispmiss∵↓,ispmiss,↓\",↓,↓\"fileurl∵↓,fileurl,↓\",↓,↓\"tablename∵coode_funcool\"↓"},{"keymark":"imghead","dxtype":"select","keytitle":"图像","kvalue":""},{"keymark":"beforeview","dxtype":"longtext","keytitle":"浏览前执行","kvalue":""},{"keymark":"tabtype","dxtype":"select","keytitle":"表格类型","kvalue":""},{"keymark":"vermd5","dxtype":"varchar","keytitle":"版本号","kvalue":"2ef80c034367731ee0388a504437c950"},{"keymark":"tabnick","dxtype":"select","keytitle":"简介字段","kvalue":""},{"keymark":"copyrightmark","dxtype":"varchar","keytitle":"版权标记","kvalue":""},{"keymark":"grpmark","dxtype":"select","keytitle":"表分组","kvalue":""},{"keymark":"subsqx","dxtype":"select","keytitle":"辅序字段","kvalue":""},{"keymark":"olmkkey","dxtype":"select","keytitle":"唯一标记字段","kvalue":"OLMK"},{"keymark":"keylens","dxtype":"int","keytitle":"字段长度","kvalue":"36"},{"keymark":"areakey","dxtype":"select","keytitle":"领域字段","kvalue":""},{"keymark":"md5key","dxtype":"select","keytitle":"数据版本字段","kvalue":"VRT"},{"keymark":"rescode","dxtype":"varchar","keytitle":"本身资源值","kvalue":"divlovecss/coode_funcool"},{"keymark":"worldmarks","dxtype":"varchar255","keytitle":"世界标记","kvalue":""},{"keymark":"restpcode","dxtype":"select","keytitle":"资源类型代码","kvalue":""},{"keymark":"resenword","dxtype":"varchar","keytitle":"资源英文单词","kvalue":""},{"keymark":"reschiword","dxtype":"varchar","keytitle":"资源中文单词","kvalue":""},{"keymark":"parreskey","dxtype":"select","keytitle":"父资源KEY","kvalue":""},{"keymark":"aitkey","dxtype":"select","keytitle":"人智标题","kvalue":""},{"keymark":"aivkey","dxtype":"select","keytitle":"人智值","kvalue":""}]}