{"status":"1","tabnm":"coode_facelist","tabtitle":"素材单元列表","7853":"7853","crtsql":"CREATE TABLE coode_facelist (SNO int(11) NOT NULL AUTO_INCREMENT,faceid varchar(50) NOT NULL,facetype varchar(50) NOT NULL,facecolor varchar(50) NOT NULL,faceimg varchar(1024) NOT NULL,faceurl varchar(255) NOT NULL,facetitle varchar(255) NOT NULL,facedescribe varchar(1024) NOT NULL,filepath varchar(1024) NOT NULL,csshost varchar(255) NOT NULL,CRTM datetime NOT NULL,CRTOR varchar(255) NOT NULL,OLMK varchar(255) NOT NULL,PRIME int(11) NOT NULL,PTOF varchar(255) NOT NULL,RIP varchar(255) NOT NULL,STATUS tinyint(4) NOT NULL,STCODE varchar(1024) NOT NULL,UPTM datetime NOT NULL,VRT varchar(255) NOT NULL,linkfuns varchar(1024) NOT NULL,linkclss varchar(1024) NOT NULL,OPRT varchar(1024) NOT NULL,PRIMARY KEY (SNO),UNIQUE KEY fid (faceid) USING BTREE) ENGINE=MyISAM AUTO_INCREMENT=1 DEFAULT CHARSET=utf8;","allkeys":"创建时刻,创建者,来源,素材颜色系,素材描述,样式编码,封面图片,样式标题,素材类型,素材地址,文件路径,关联类,关联函数,唯一标记,操作,素数定类,归属,远程IP,编号,流程状态,缩略图,更改时刻,流程编码|CRTM,CRTOR,csshost,facecolor,facedescribe,faceid,faceimg,facetitle,facetype,faceurl,filepath,linkclss,linkfuns,OLMK,OPRT,PRIME,PTOF,RIP,SNO,STATUS,STCODE,UPTM,VRT","parreskey":"","mainsqx":"SNO","srckey":"","srcttk":"","rtype":"csspagex","parcode":"","rcode":"","rtitle":"","ver":"20240123110022","vls":[{"keymark":"OPRT","dxtype":"chtml","keytitle":"操作","kvalue":""},{"keymark":"csshost","dxtype":"varchar","keytitle":"来源","kvalue":"io.halo123.cn"},{"keymark":"faceid","dxtype":"varchar","keytitle":"样式编码","kvalue":"lightpos"},{"keymark":"facetype","dxtype":"select","keytitle":"素材类型","kvalue":"AROdWy"},{"keymark":"faceurl","dxtype":"varchar","keytitle":"素材地址","kvalue":"/localxres/csspagex/lightpos/index.html"},{"keymark":"facetitle","dxtype":"varchar","keytitle":"样式标题","kvalue":"矿灯使用情况实况数据的lightpos"},{"keymark":"facedescribe","dxtype":"varchar","keytitle":"素材描述","kvalue":""},{"keymark":"CRTM","dxtype":"datetime","keytitle":"创建时刻","kvalue":"2023-11-24 23:43:37"},{"keymark":"CRTOR","dxtype":"varchar","keytitle":"创建者","kvalue":"18841880246"},{"keymark":"OLMK","dxtype":"varchar","keytitle":"唯一标记","kvalue":"2674885B-FBD7-D450-8C71-074F887B616F"},{"keymark":"PRIME","dxtype":"int","keytitle":"素数定类","kvalue":"1"},{"keymark":"PTOF","dxtype":"varchar","keytitle":"归属","kvalue":""},{"keymark":"RIP","dxtype":"varchar","keytitle":"远程IP","kvalue":""},{"keymark":"STATUS","dxtype":"tinyint","keytitle":"流程状态","kvalue":"0"},{"keymark":"STCODE","dxtype":"varchar","keytitle":"缩略图","kvalue":"/localxres/tabx/coode_facelist/files/coode_facelist-faceimg-bandicam 2024-01-04 13-32-39-596-small.jpg"},{"keymark":"UPTM","dxtype":"datetime","keytitle":"更改时刻","kvalue":"2024-01-23 01:11:42"},{"keymark":"VRT","dxtype":"varchar","keytitle":"流程编码","kvalue":"02c0a9d997aed17f6146f5a98645c4d6"},{"keymark":"facecolor","dxtype":"select","keytitle":"素材颜色系","kvalue":"blue"},{"keymark":"faceimg","dxtype":"imagex","keytitle":"封面图片","kvalue":"/localxres/tabx/coode_facelist/files/coode_facelist-faceimg-bandicam 2024-01-04 13-32-39-596.jpg"},{"keymark":"linkfuns","dxtype":"varchar","keytitle":"关联函数","kvalue":""},{"keymark":"linkclss","dxtype":"varchar","keytitle":"关联类","kvalue":""},{"keymark":"filepath","dxtype":"filex","keytitle":"文件路径","kvalue":""}]}