{"status":"1","rtype":"tabx","rcode":"coode_afformdeve","rtitle":"表单开发申请","ver":"2876a2689f055af9d25140477164c8a9","crtsql":"CREATE TABLE coode_afformdeve (SNO int(11) NOT NULL AUTO_INCREMENT,afformmark varchar(50) NOT NULL,afformtitle varchar(255) NOT NULL,linktable varchar(255) NOT NULL,retrievekeys varchar(1024) NOT NULL,showkeytitles varchar(1024) NOT NULL,showkeys varchar(1024) NOT NULL,CRTM datetime NOT NULL,CRTOR varchar(255) NOT NULL,OLMK varchar(255) NOT NULL,OPRT varchar(1024) NOT NULL,PRIME int(11) NOT NULL,PTOF varchar(255) NOT NULL,RIP varchar(255) NOT NULL,STATUS tinyint(4) NOT NULL,STCODE varchar(1024) NOT NULL,UPTM datetime NOT NULL,VRT varchar(255) NOT NULL,PRIMARY KEY (SNO)) ENGINE=MyISAM AUTO_INCREMENT=1 DEFAULT CHARSET=utf8;","vls":[{"restype":"jsondata","rescode":"coode_afformdeve_basedata","resmd5":"ea9cacd661e94fb941912e8216e0892b","restitle":"表单开发申请","resurl":"http://hellowocao.com/localxres/datax/coode_tablist/data/1265.json"},{"restype":"jsondata","rescode":"SNO_extdata","resmd5":"56ad82cba421e44d76d13e1841f59675","restitle":"编号","resurl":"http://hellowocao.com/localxres/datax/coode_keydetailx/data/12130.json"},{"restype":"jsondata","rescode":"afformmark_extdata","resmd5":"7f1d7349da9f126f03ec243dc2d5ad06","restitle":"申请标记","resurl":"http://hellowocao.com/localxres/datax/coode_keydetailx/data/12131.json"},{"restype":"jsondata","rescode":"afformtitle_extdata","resmd5":"3d643272cf8bc58e76a94a6b977e88b7","restitle":"申请标题","resurl":"http://hellowocao.com/localxres/datax/coode_keydetailx/data/12132.json"},{"restype":"jsondata","rescode":"linktable_extdata","resmd5":"6d4d9a9012a9559baeed0eb477011753","restitle":"关联表格","resurl":"http://hellowocao.com/localxres/datax/coode_keydetailx/data/12133.json"},{"restype":"jsondata","rescode":"retrievekeys_extdata","resmd5":"39c6f0bb505fb589f6f110ed6289f75e","restitle":"关联字段","resurl":"http://hellowocao.com/localxres/datax/coode_keydetailx/data/12134.json"},{"restype":"jsondata","rescode":"showkeytitles_extdata","resmd5":"50cf0a1e1108a9da9054ba2df6d2d22d","restitle":"展示标题","resurl":"http://hellowocao.com/localxres/datax/coode_keydetailx/data/12135.json"},{"restype":"jsondata","rescode":"showkeys_extdata","resmd5":"2e4895bd2a03ad5059a7513a993c17e9","restitle":"展示字段","resurl":"http://hellowocao.com/localxres/datax/coode_keydetailx/data/12136.json"},{"restype":"jsondata","rescode":"CRTM_extdata","resmd5":"39f8f255cefca4b90d4c165d8f810a3d","restitle":"创建时刻","resurl":"http://hellowocao.com/localxres/datax/coode_keydetailx/data/12137.json"},{"restype":"jsondata","rescode":"CRTOR_extdata","resmd5":"d7f20be7779d44031a1edf0a400669b5","restitle":"创建者","resurl":"http://hellowocao.com/localxres/datax/coode_keydetailx/data/12138.json"},{"restype":"jsondata","rescode":"OLMK_extdata","resmd5":"bf91887d363619399f1a53f003070e99","restitle":"唯一标记","resurl":"http://hellowocao.com/localxres/datax/coode_keydetailx/data/12139.json"},{"restype":"jsondata","rescode":"OPRT_extdata","resmd5":"06f4a99b475412f3166360c2ef4670fc","restitle":"操作","resurl":"http://hellowocao.com/localxres/datax/coode_keydetailx/data/12140.json"},{"restype":"jsondata","rescode":"PRIME_extdata","resmd5":"eac2a421c5c98a2f70710ea18765fa62","restitle":"素数定类","resurl":"http://hellowocao.com/localxres/datax/coode_keydetailx/data/12141.json"},{"restype":"jsondata","rescode":"PTOF_extdata","resmd5":"3fe07ebc374cd13f08c92d44e2da2dc2","restitle":"归属","resurl":"http://hellowocao.com/localxres/datax/coode_keydetailx/data/12142.json"},{"restype":"jsondata","rescode":"RIP_extdata","resmd5":"dcbc9aa31d68bb436a26f307a541d3e5","restitle":"远程IP","resurl":"http://hellowocao.com/localxres/datax/coode_keydetailx/data/12143.json"},{"restype":"jsondata","rescode":"STATUS_extdata","resmd5":"8767e9fb7406cfbddbf772b7abdcb716","restitle":"流程状态","resurl":"http://hellowocao.com/localxres/datax/coode_keydetailx/data/12144.json"},{"restype":"jsondata","rescode":"STCODE_extdata","resmd5":"83f6ada98a913fad445c9f4de65a848e","restitle":"流程脚本","resurl":"http://hellowocao.com/localxres/datax/coode_keydetailx/data/12145.json"},{"restype":"jsondata","rescode":"UPTM_extdata","resmd5":"db42577bbb4b3513f8ccce5d9e40111f","restitle":"更改时刻","resurl":"http://hellowocao.com/localxres/datax/coode_keydetailx/data/12146.json"},{"restype":"jsondata","rescode":"VRT_extdata","resmd5":"ace2f040d50cf1a314f428b540392c9c","restitle":"流程编码","resurl":"http://hellowocao.com/localxres/datax/coode_keydetailx/data/12147.json"}]}