{"status":"1","rtype":"formx","rcode":"bp4ICK","rtitle":"XvlEaV的一级分类","ver":"1673b1334185ba7aa4d4d05fb6f3553b","vls":[{"restype":"jsondata","rescode":"bp4ICK_basedata","resmd5":"1b5ffe9b6e4d122a3bea3b9dc6578a9f","restitle":"XvlEaV的一级分类","resurl":"http://hellowocao.com/localxres/datax/coode_shortdata/data/2338.json"},{"restype":"jsondata","rescode":"bp4ICK_cssdata","resmd5":"cabf20d45be734490b0fd363cc408bc1","restitle":"XvlEaV的一级分类","resurl":"http://hellowocao.com/localxres/datax/coode_shortcss/data/.json"}]}