{"status":"1","rtype":"formx","rcode":"N4GZz7","rtitle":"树表集团定义","ver":"670ab2725d0d3360b5a8899966a74865","vls":[{"restype":"jsondata","rescode":"N4GZz7_basedata","resmd5":"5ced3fb394bd97e8412b5fc6a6b5f9f5","restitle":"树表集团定义","resurl":"http://hellowocao.com/localxres/datax/coode_shortdata/data/1974.json"},{"restype":"jsondata","rescode":"N4GZz7_cssdata","resmd5":"ab093769bb7f17edd51ba39925432f47","restitle":"树表集团定义","resurl":"http://hellowocao.com/localxres/datax/coode_shortcss/data/.json"},{"restype":"jsondata","rescode":"lv1title_extdata","resmd5":"44de0b3926b35fbc57bc835494b5e100","restitle":"级1名","resurl":"http://hellowocao.com/localxres/datax/coode_keydetaily/data/42351.json"},{"restype":"jsondata","rescode":"lv1key_extdata","resmd5":"d5a5f801f30e7457126db873e03ef15d","restitle":"级1键","resurl":"http://hellowocao.com/localxres/datax/coode_keydetaily/data/42350.json"},{"restype":"jsondata","rescode":"deep_extdata","resmd5":"614e7dfb90fbc41225c0b653ea44a0ed","restitle":"深度","resurl":"http://hellowocao.com/localxres/datax/coode_keydetaily/data/42366.json"},{"restype":"jsondata","rescode":"lv1tab_extdata","resmd5":"8b1f0e9b115728937b90e6cb8d7587cc","restitle":"级1表","resurl":"http://hellowocao.com/localxres/datax/coode_keydetaily/data/42349.json"},{"restype":"jsondata","rescode":"treetabstitle_extdata","resmd5":"a89204b6dba8fee03a42ac0d1e8477f3","restitle":"树表集团标题","resurl":"http://hellowocao.com/localxres/datax/coode_keydetaily/data/42347.json"},{"restype":"jsondata","rescode":"treetabsmark_extdata","resmd5":"ac4892428dd1ce14d8b67a11fa4cab37","restitle":"树表集团标记","resurl":"http://hellowocao.com/localxres/datax/coode_keydetaily/data/42346.json"},{"restype":"jsondata","rescode":"SNO_extdata","resmd5":"5e50352884ef72505423d71dfa7e3531","restitle":"数据编号","resurl":"http://hellowocao.com/localxres/datax/coode_keydetaily/data/42345.json"},{"restype":"jsondata","rescode":"lv2tab_extdata","resmd5":"c7baba288151ec5650620c3669c496c6","restitle":"级2表","resurl":"http://hellowocao.com/localxres/datax/coode_keydetaily/data/42352.json"},{"restype":"jsondata","rescode":"lv2key_extdata","resmd5":"60aca76078b5f75c63f2556a336810e0","restitle":"级2键","resurl":"http://hellowocao.com/localxres/datax/coode_keydetaily/data/42353.json"},{"restype":"jsondata","rescode":"lv2title_extdata","resmd5":"a5e4455e87162482c2ac629c350fce0c","restitle":"级2名","resurl":"http://hellowocao.com/localxres/datax/coode_keydetaily/data/42354.json"},{"restype":"jsondata","rescode":"lv3tab_extdata","resmd5":"28a642cfb1a5b9ceb73a305bae0691ac","restitle":"级3表","resurl":"http://hellowocao.com/localxres/datax/coode_keydetaily/data/42355.json"},{"restype":"jsondata","rescode":"lv3key_extdata","resmd5":"864eb93fe40429c7ba86ec61ca9ffa45","restitle":"级3键","resurl":"http://hellowocao.com/localxres/datax/coode_keydetaily/data/42356.json"},{"restype":"jsondata","rescode":"lv3title_extdata","resmd5":"65e389731faba1739554588703aa72a3","restitle":"级3名","resurl":"http://hellowocao.com/localxres/datax/coode_keydetaily/data/42357.json"},{"restype":"jsondata","rescode":"lv4tab_extdata","resmd5":"490463c6af87a4129baaa6f19639f95a","restitle":"级4表","resurl":"http://hellowocao.com/localxres/datax/coode_keydetaily/data/42358.json"},{"restype":"jsondata","rescode":"lv4key_extdata","resmd5":"784eb54ea576eb64f266f358c844622f","restitle":"级4键","resurl":"http://hellowocao.com/localxres/datax/coode_keydetaily/data/42359.json"},{"restype":"jsondata","rescode":"lv4title_extdata","resmd5":"b6e2d1fefce40768cf1fd2ada2eeb9eb","restitle":"级4名","resurl":"http://hellowocao.com/localxres/datax/coode_keydetaily/data/42360.json"},{"restype":"jsondata","rescode":"lv5tab_extdata","resmd5":"9323af0353ab9013f77a7f856423b24e","restitle":"级5表","resurl":"http://hellowocao.com/localxres/datax/coode_keydetaily/data/42361.json"},{"restype":"jsondata","rescode":"lv5key_extdata","resmd5":"a1ee386d84fa612c099aefe1ded3ac98","restitle":"级5键","resurl":"http://hellowocao.com/localxres/datax/coode_keydetaily/data/42362.json"},{"restype":"jsondata","rescode":"lv5title_extdata","resmd5":"ea801eb82f5cd619af464450b2841d4c","restitle":"级5名","resurl":"http://hellowocao.com/localxres/datax/coode_keydetaily/data/42363.json"},{"restype":"jsondata","rescode":"OLMK_extdata","resmd5":"581b5a4fb3c836db188aedd78bfb64c2","restitle":"数据唯标","resurl":"http://hellowocao.com/localxres/datax/coode_keydetaily/data/42364.json"},{"restype":"jsondata","rescode":"OPRT_extdata","resmd5":"b5870691a5ea2187927ffa529d33afc4","restitle":"操作","resurl":"http://hellowocao.com/localxres/datax/coode_keydetaily/data/42365.json"}]}