{"status":"1","rtype":"formx","rcode":"9GX20E","rtitle":"shapex的一级分类","ver":"2c2fcf0ddd5457cc418dee81fd025d3e","vls":[{"restype":"jsondata","rescode":"9GX20E_basedata","resmd5":"aba2c319b7878c4750ea5270331c813f","restitle":"shapex的一级分类","resurl":"http://hellowocao.com/localxres/datax/coode_shortdata/data/2494.json"},{"restype":"jsondata","rescode":"9GX20E_cssdata","resmd5":"3704eea704641651bc669e607965891e","restitle":"shapex的一级分类","resurl":"http://hellowocao.com/localxres/datax/coode_shortcss/data/.json"}]}