{"status":"1","rtype":"formx","rcode":"KIkYgn","rtitle":"申请空间管理","ver":"a3e1b9e055bef619818fc21338e458df","vls":[{"restype":"jsondata","rescode":"KIkYgn_basedata","resmd5":"3e8455185b1a5751722368374619fcd1","restitle":"申请空间管理","resurl":"http://hellowocao.com/localxres/datax/coode_shortdata/data/360.json"},{"restype":"jsondata","rescode":"KIkYgn_cssdata","resmd5":"9f2986812198bb0b116b11632e6ba208","restitle":"申请空间管理","resurl":"http://hellowocao.com/localxres/datax/coode_shortcss/data/75.json"},{"restype":"jsondata","rescode":"etel_extdata","resmd5":"32e81ee6f46aed3b2677e7f913b81899","restitle":"请求人","resurl":"http://hellowocao.com/localxres/datax/coode_keydetaily/data/4966.json"},{"restype":"jsondata","rescode":"author_extdata","resmd5":"97606a964d1e9af700300ec9081e085f","restitle":"审核人","resurl":"http://hellowocao.com/localxres/datax/coode_keydetaily/data/4971.json"},{"restype":"jsondata","rescode":"CRTM_extdata","resmd5":"ad15d1c895f8cc1e1c3cfe0a624c3551","restitle":"创建时刻","resurl":"http://hellowocao.com/localxres/datax/coode_keydetaily/data/5581.json"},{"restype":"jsondata","rescode":"accesstime_extdata","resmd5":"04413e3607dce61e3a481191b2e55474","restitle":"通过时间","resurl":"http://hellowocao.com/localxres/datax/coode_keydetaily/data/4972.json"},{"restype":"jsondata","rescode":"accstt_extdata","resmd5":"85ae157700397ff5fe9828c208b666a9","restitle":"审核状态","resurl":"http://hellowocao.com/localxres/datax/coode_keydetaily/data/4973.json"},{"restype":"jsondata","rescode":"askforstr_extdata","resmd5":"62ed961347e11c26642b2b67f848304b","restitle":"请求地址或文件名","resurl":"http://hellowocao.com/localxres/datax/coode_keydetaily/data/4969.json"},{"restype":"jsondata","rescode":"sysid_extdata","resmd5":"871504f2ee0ed1a57c29cfd33a266d8f","restitle":"系统ID","resurl":"http://hellowocao.com/localxres/datax/coode_keydetaily/data/4970.json"},{"restype":"jsondata","rescode":"fromurl_extdata","resmd5":"1cd3e2cb293305ce47bd721c1804a648","restitle":"请求地址","resurl":"http://hellowocao.com/localxres/datax/coode_keydetaily/data/4964.json"},{"restype":"jsondata","rescode":"fromip_extdata","resmd5":"c8fe42c7819197ebdd31258eee009fba","restitle":"来自IP","resurl":"http://hellowocao.com/localxres/datax/coode_keydetaily/data/4965.json"},{"restype":"jsondata","rescode":"SNO_extdata","resmd5":"884e9f3fc402413d451475af5daaaddd","restitle":"编号","resurl":"http://hellowocao.com/localxres/datax/coode_keydetaily/data/4962.json"},{"restype":"jsondata","rescode":"appid_extdata","resmd5":"2a23098c7ccab734605915fc8eede456","restitle":"应用id","resurl":"http://hellowocao.com/localxres/datax/coode_keydetaily/data/4963.json"},{"restype":"jsondata","rescode":"RIP_extdata","resmd5":"e8cc8e55f19823fd30599655d523521b","restitle":"远程IP","resurl":"http://hellowocao.com/localxres/datax/coode_keydetaily/data/5516.json"},{"restype":"jsondata","rescode":"STCODE_extdata","resmd5":"8737e5953c971726fd660fe23e043e54","restitle":"编辑空间","resurl":"http://hellowocao.com/localxres/datax/coode_keydetaily/data/12997.json"},{"restype":"jsondata","rescode":"code_extdata","resmd5":"cfa1c89d22382d491bc855d4be0408a2","restitle":"简要备注","resurl":"http://hellowocao.com/localxres/datax/coode_keydetaily/data/13047.json"},{"restype":"jsondata","rescode":"CRTOR_extdata","resmd5":"afa2dc82d2a40f346de1920f26a00b3e","restitle":"创建人","resurl":"http://hellowocao.com/localxres/datax/coode_keydetaily/data/13247.json"},{"restype":"jsondata","rescode":"UPTM_extdata","resmd5":"d369a49271a5c6b308296b49c6eb9fc9","restitle":"更改时刻","resurl":"http://hellowocao.com/localxres/datax/coode_keydetaily/data/13246.json"}]}