{"status":"1","rtype":"formx","rcode":"5wlReT","rtitle":"获取登录公司区域","ver":"45b0b2f9a4433f8e95544176261d6a72","vls":[{"restype":"jsondata","rescode":"5wlReT_basedata","resmd5":"393c06b4ba56879e52879cd95d5f990b","restitle":"获取登录公司区域","resurl":"http://hellowocao.com/localxres/datax/coode_shortdata/data/349.json"},{"restype":"jsondata","rescode":"5wlReT_cssdata","resmd5":"6aa5667f585c23731adc5df283d0b000","restitle":"获取登录公司区域","resurl":"http://hellowocao.com/localxres/datax/coode_shortcss/data/.json"},{"restype":"jsondata","rescode":"mobile_extdata","resmd5":"8070e94ff1a2d028f7231edc132af488","restitle":"手机","resurl":"http://hellowocao.com/localxres/datax/coode_keydetaily/data/4851.json"},{"restype":"jsondata","rescode":"realname_extdata","resmd5":"fc01960ac02e2f4987532040105a0ba7","restitle":"真实姓名","resurl":"http://hellowocao.com/localxres/datax/coode_keydetaily/data/4852.json"},{"restype":"jsondata","rescode":"userid_extdata","resmd5":"3c6beab9ad10b5342920027541d1c409","restitle":"用户ID","resurl":"http://hellowocao.com/localxres/datax/coode_keydetaily/data/4849.json"},{"restype":"jsondata","rescode":"scvid_extdata","resmd5":"f1ad5f73484c4e16ba70b469d071cef2","restitle":"编号","resurl":"http://hellowocao.com/localxres/datax/coode_keydetaily/data/7161.json"}]}