{"status":"1","rtype":"tabx","rcode":"coode_businessmean","rtitle":"业务逻辑期望","ver":"8175828dc22c9b3b156d4342855856e2","crtsql":"CREATE TABLE coode_businessmean (SNO int(11) NOT NULL AUTO_INCREMENT,sysid varchar(50) NOT NULL,meanmark varchar(50) NOT NULL,blogicmark varchar(50) NOT NULL,blogictitle varchar(50) NOT NULL,meansrcid varchar(50) NOT NULL,blogictype varchar(50) NOT NULL,blogicdescrib text NOT NULL,linkres varchar(50) NOT NULL,myid int(11) NOT NULL,parid int(11) NOT NULL,CRTM datetime NOT NULL,CRTOR varchar(255) NOT NULL,OLMK varchar(255) NOT NULL,OPRT varchar(1024) NOT NULL,PRIME int(11) NOT NULL,PTOF varchar(255) NOT NULL,RIP varchar(255) NOT NULL,STATUS tinyint(4) NOT NULL,STCODE varchar(1024) NOT NULL,UPTM datetime NOT NULL,VRT varchar(255) NOT NULL,PRIMARY KEY (SNO)) ENGINE=MyISAM AUTO_INCREMENT=1 DEFAULT CHARSET=utf8;","vls":[{"restype":"jsondata","rescode":"coode_businessmean_basedata","resmd5":"49ea3931727cec1e2f3c864a1bb7acb8","restitle":"业务逻辑期望","resurl":"http://hellowocao.com/localxres/datax/coode_tablist/data/1499.json"},{"restype":"jsondata","rescode":"SNO_extdata","resmd5":"5ff9d1aed1d093a64d9f05da3d37f824","restitle":"编号","resurl":"http://hellowocao.com/localxres/datax/coode_keydetailx/data/14083.json"},{"restype":"jsondata","rescode":"meanmark_extdata","resmd5":"131bd8399a39b3061a91e3c0d7b12739","restitle":" 期望标记","resurl":"http://hellowocao.com/localxres/datax/coode_keydetailx/data/14084.json"},{"restype":"jsondata","rescode":"meansrcid_extdata","resmd5":"d6b9e5316050cee609ac17c190d67abc","restitle":"期望资源ID","resurl":"http://hellowocao.com/localxres/datax/coode_keydetailx/data/14085.json"},{"restype":"jsondata","rescode":"CRTM_extdata","resmd5":"13f6924fdac1d9aa2238aceae7277706","restitle":"创建时刻","resurl":"http://hellowocao.com/localxres/datax/coode_keydetailx/data/14086.json"},{"restype":"jsondata","rescode":"CRTOR_extdata","resmd5":"2f363d929e462553dd09ca9b69c5d54f","restitle":"创建者","resurl":"http://hellowocao.com/localxres/datax/coode_keydetailx/data/14087.json"},{"restype":"jsondata","rescode":"OLMK_extdata","resmd5":"c6c2d570cab2e34531d785fc242d0502","restitle":"唯一标记","resurl":"http://hellowocao.com/localxres/datax/coode_keydetailx/data/14088.json"},{"restype":"jsondata","rescode":"OPRT_extdata","resmd5":"71f0f69fc921a1ec0d0f6cfe476abfc1","restitle":"操作","resurl":"http://hellowocao.com/localxres/datax/coode_keydetailx/data/14089.json"},{"restype":"jsondata","rescode":"PRIME_extdata","resmd5":"2a8794ae3743eceeefd416548c6de851","restitle":"素数定类","resurl":"http://hellowocao.com/localxres/datax/coode_keydetailx/data/14090.json"},{"restype":"jsondata","rescode":"PTOF_extdata","resmd5":"4e43cda8f64f0a170af97cf175691b18","restitle":"公司归属","resurl":"http://hellowocao.com/localxres/datax/coode_keydetailx/data/14091.json"},{"restype":"jsondata","rescode":"RIP_extdata","resmd5":"7957a8e665fe0a66e3f22bb6b457d2d3","restitle":"远程IP","resurl":"http://hellowocao.com/localxres/datax/coode_keydetailx/data/14092.json"},{"restype":"jsondata","rescode":"STATUS_extdata","resmd5":"3aa5951991de98b89a347a96ea723e55","restitle":"流程状态","resurl":"http://hellowocao.com/localxres/datax/coode_keydetailx/data/14093.json"},{"restype":"jsondata","rescode":"STCODE_extdata","resmd5":"4661d5b8f15cfbcb2fc42a1837a91a21","restitle":"流程脚本","resurl":"http://hellowocao.com/localxres/datax/coode_keydetailx/data/14094.json"},{"restype":"jsondata","rescode":"UPTM_extdata","resmd5":"1322aa991d62ca052549e05507aab74b","restitle":"更改时刻","resurl":"http://hellowocao.com/localxres/datax/coode_keydetailx/data/14095.json"},{"restype":"jsondata","rescode":"VRT_extdata","resmd5":"5db7eec9e7cf91305355e37be3670b6b","restitle":"职位","resurl":"http://hellowocao.com/localxres/datax/coode_keydetailx/data/14096.json"},{"restype":"jsondata","rescode":"blogicmark_extdata","resmd5":"9056cabe774ddf9b0503256a8367edf0","restitle":"业务逻辑标记","resurl":"http://hellowocao.com/localxres/datax/coode_keydetailx/data/14097.json"},{"restype":"jsondata","rescode":"blogictitle_extdata","resmd5":"f1d328821d1de763e4c939c6a59c2661","restitle":"业务逻辑标题","resurl":"http://hellowocao.com/localxres/datax/coode_keydetailx/data/14147.json"},{"restype":"jsondata","rescode":"blogictype_extdata","resmd5":"c9b358d8c4544b28739d0aab48f713db","restitle":"业务逻辑类型","resurl":"http://hellowocao.com/localxres/datax/coode_keydetailx/data/14148.json"},{"restype":"jsondata","rescode":"blogicdescrib_extdata","resmd5":"0ab6d9afcfe67982d96480e16f299d26","restitle":"业务逻辑描述","resurl":"http://hellowocao.com/localxres/datax/coode_keydetailx/data/14149.json"},{"restype":"jsondata","rescode":"myid_extdata","resmd5":"d7cfc968d1bfad0e90b62f7a85ea1c69","restitle":"本期望","resurl":"http://hellowocao.com/localxres/datax/coode_keydetailx/data/14150.json"},{"restype":"jsondata","rescode":"parid_extdata","resmd5":"300e8a05c73e1046a99c74fc92374567","restitle":"父期望","resurl":"http://hellowocao.com/localxres/datax/coode_keydetailx/data/14151.json"},{"restype":"jsondata","rescode":"sysid_extdata","resmd5":"a2b928683f2575230967403c1e109b16","restitle":"系统ID","resurl":"http://hellowocao.com/localxres/datax/coode_keydetailx/data/18576.json"},{"restype":"jsondata","rescode":"linkres_extdata","resmd5":"85f00835a61843f9e589cfbb55a38290","restitle":"linkres","resurl":"http://hellowocao.com/localxres/datax/coode_keydetailx/data/18577.json"}]}