{"status":"1","rtype":"tabx","rcode":"comx_article","rtitle":"comx_article","ver":"d8613a04311de69106be1c26b1b1734c","crtsql":"CREATE TABLE comx_article (SNO int(11) NOT NULL AUTO_INCREMENT,commark varchar(50) NOT NULL,atctype varchar(50) NOT NULL,clstitle varchar(50) NOT NULL,clskey varchar(50) NOT NULL,headicon varchar(1024) NOT NULL,images text NOT NULL,atccode varchar(50) NOT NULL,atctitle varchar(1024) NOT NULL,atcsentence varchar(1024) NOT NULL,atcdescrib text NOT NULL,CRTM datetime NOT NULL,CRTOR varchar(255) NOT NULL,OLMK varchar(255) NOT NULL,OPRT varchar(1024) NOT NULL,PRIME int(11) NOT NULL,PTOF varchar(255) NOT NULL,RIP varchar(255) NOT NULL,STATUS tinyint(4) NOT NULL,STCODE varchar(1024) NOT NULL,UPTM datetime NOT NULL,VRT varchar(255) NOT NULL,PRIMARY KEY (SNO)) ENGINE=MyISAM AUTO_INCREMENT=1 DEFAULT CHARSET=utf8;","vls":[{"restype":"jsondata","rescode":"comx_article_basedata","resmd5":"215d3842530d66483c57fd6762895403","restitle":"comx_article","resurl":"http://hellowocao.com/localxres/datax/coode_tablist/data/2399.json"},{"restype":"jsondata","rescode":"SNO_extdata","resmd5":"72f28958c02c78bfc582342e0b24b117","restitle":"编号","resurl":"http://hellowocao.com/localxres/datax/coode_keydetailx/data/30234.json"},{"restype":"jsondata","rescode":"commark_extdata","resmd5":"3909d6188de1c68fea518170fe6e5dc5","restitle":"","resurl":"http://hellowocao.com/localxres/datax/coode_keydetailx/data/30235.json"},{"restype":"jsondata","rescode":"atctype_extdata","resmd5":"74722c3379ad8c4bfcf7d72dc35d3e17","restitle":"","resurl":"http://hellowocao.com/localxres/datax/coode_keydetailx/data/30236.json"},{"restype":"jsondata","rescode":"images_extdata","resmd5":"82103270e827603b5ba6e5745d6c1959","restitle":"","resurl":"http://hellowocao.com/localxres/datax/coode_keydetailx/data/30237.json"},{"restype":"jsondata","rescode":"atccode_extdata","resmd5":"41033f543b58fd34ba61be1cbebd771b","restitle":"","resurl":"http://hellowocao.com/localxres/datax/coode_keydetailx/data/30238.json"},{"restype":"jsondata","rescode":"atctitle_extdata","resmd5":"a12776f0d2a173a17e5f81b936b2ec09","restitle":"","resurl":"http://hellowocao.com/localxres/datax/coode_keydetailx/data/30239.json"},{"restype":"jsondata","rescode":"CRTM_extdata","resmd5":"47ac9cb2316ada7fd700aaeb518d25f2","restitle":"创建时刻","resurl":"http://hellowocao.com/localxres/datax/coode_keydetailx/data/30240.json"},{"restype":"jsondata","rescode":"CRTOR_extdata","resmd5":"1ff32b0d700ce8587547e07d169a26f3","restitle":"创建者","resurl":"http://hellowocao.com/localxres/datax/coode_keydetailx/data/30241.json"},{"restype":"jsondata","rescode":"OLMK_extdata","resmd5":"d50c3b1aea4b1747e426bdf1dbd2ae8a","restitle":"唯一标记","resurl":"http://hellowocao.com/localxres/datax/coode_keydetailx/data/30242.json"},{"restype":"jsondata","rescode":"OPRT_extdata","resmd5":"03e1103e0503fb3313e1e9417b6605fb","restitle":"操作","resurl":"http://hellowocao.com/localxres/datax/coode_keydetailx/data/30243.json"},{"restype":"jsondata","rescode":"PRIME_extdata","resmd5":"293d5ce4143891df4b5c7e5a67fede85","restitle":"素数定类","resurl":"http://hellowocao.com/localxres/datax/coode_keydetailx/data/30244.json"},{"restype":"jsondata","rescode":"PTOF_extdata","resmd5":"1e63c1fbab5d3a5f269f9f0bc913bd58","restitle":"归属","resurl":"http://hellowocao.com/localxres/datax/coode_keydetailx/data/30245.json"},{"restype":"jsondata","rescode":"RIP_extdata","resmd5":"7e4011ec8e2375ee2a4bb12dfbcb0ba8","restitle":"远程IP","resurl":"http://hellowocao.com/localxres/datax/coode_keydetailx/data/30246.json"},{"restype":"jsondata","rescode":"STATUS_extdata","resmd5":"bf8da2b5d84c14ac54b0a753f88bd467","restitle":"流程状态","resurl":"http://hellowocao.com/localxres/datax/coode_keydetailx/data/30247.json"},{"restype":"jsondata","rescode":"STCODE_extdata","resmd5":"948e869ee9d3eb62d2662e8f3eec46db","restitle":"流程脚本","resurl":"http://hellowocao.com/localxres/datax/coode_keydetailx/data/30248.json"},{"restype":"jsondata","rescode":"UPTM_extdata","resmd5":"7a7edc2b65b06be7a15aca84f414c9f7","restitle":"更改时刻","resurl":"http://hellowocao.com/localxres/datax/coode_keydetailx/data/30249.json"},{"restype":"jsondata","rescode":"VRT_extdata","resmd5":"ce25b2d47e528b4e7214cdff880900b3","restitle":"流程编码","resurl":"http://hellowocao.com/localxres/datax/coode_keydetailx/data/30250.json"},{"restype":"jsondata","rescode":"clstitle_extdata","resmd5":"bb389ca166d1891773ce5fb8c5a35741","restitle":"分类标题","resurl":"http://hellowocao.com/localxres/datax/coode_keydetailx/data/30251.json"},{"restype":"jsondata","rescode":"atcsentence_extdata","resmd5":"2a89282b55c02b529325243c78ecfaa7","restitle":"","resurl":"http://hellowocao.com/localxres/datax/coode_keydetailx/data/30252.json"},{"restype":"jsondata","rescode":"atcdescrib_extdata","resmd5":"af750e75aca537889c7cc78f5f1a738d","restitle":"","resurl":"http://hellowocao.com/localxres/datax/coode_keydetailx/data/30253.json"},{"restype":"jsondata","rescode":"clskey_extdata","resmd5":"49c75d0f384d48f7d04885e5149e7014","restitle":"分类字段","resurl":"http://hellowocao.com/localxres/datax/coode_keydetailx/data/30254.json"},{"restype":"jsondata","rescode":"headicon_extdata","resmd5":"dc508165483e6d707db28fec8a57fb26","restitle":"头像图标","resurl":"http://hellowocao.com/localxres/datax/coode_keydetailx/data/30255.json"}]}