{"status":"1","rtype":"formx","rcode":"cupf0L","rtitle":"数据集定义","ver":"2d2c2013c600cdfd348873ec01383c08","vls":[{"restype":"jsondata","rescode":"cupf0L_basedata","resmd5":"dc804da838f43083d860dd43da2105a0","restitle":"数据集定义","resurl":"http://hellowocao.com/localxres/datax/coode_shortdata/data/1526.json"},{"restype":"jsondata","rescode":"cupf0L_cssdata","resmd5":"2ffa2e331ce93d0fb2defad7b52c0f24","restitle":"数据集定义","resurl":"http://hellowocao.com/localxres/datax/coode_shortcss/data/234.json"},{"restype":"jsondata","rescode":"dstype_extdata","resmd5":"9c39063a00dff22c0dab92f31e981576","restitle":"数据源类型","resurl":"http://hellowocao.com/localxres/datax/coode_keydetaily/data/34554.json"},{"restype":"jsondata","rescode":"SNO_extdata","resmd5":"c3a64c44c5cb2d31952257fcada63485","restitle":"编号","resurl":"http://hellowocao.com/localxres/datax/coode_keydetaily/data/32332.json"},{"restype":"jsondata","rescode":"valmark_extdata","resmd5":"9c6c8f07606fa75b2a79232b054ee169","restitle":"记录集标记","resurl":"http://hellowocao.com/localxres/datax/coode_keydetaily/data/32333.json"},{"restype":"jsondata","rescode":"valtitle_extdata","resmd5":"177972dbf721956506ab0cf5350c4d2a","restitle":"记录集标题","resurl":"http://hellowocao.com/localxres/datax/coode_keydetaily/data/32334.json"},{"restype":"jsondata","rescode":"valrcd_extdata","resmd5":"b8f5fe1eefe4bdbb7a3928c19b8e1e01","restitle":"记录集值","resurl":"http://hellowocao.com/localxres/datax/coode_keydetaily/data/34551.json"},{"restype":"jsondata","rescode":"keyrcd_extdata","resmd5":"1094d758c773fde3e3cd665a0ad234df","restitle":"记录值默认字段名","resurl":"http://hellowocao.com/localxres/datax/coode_keydetaily/data/34552.json"},{"restype":"jsondata","rescode":"OPRT_extdata","resmd5":"10dfa448f9856437cba3393c6728c2a8","restitle":"操作","resurl":"http://hellowocao.com/localxres/datax/coode_keydetaily/data/32338.json"},{"restype":"jsondata","rescode":"dsource_extdata","resmd5":"541e88d3207abb3b4565d06bab3d1782","restitle":"数据源","resurl":"http://hellowocao.com/localxres/datax/coode_keydetaily/data/34549.json"},{"restype":"jsondata","rescode":"valtype_extdata","resmd5":"a8bb4cbca7d88ef75e3c35c7c1e951fa","restitle":"值类型","resurl":"http://hellowocao.com/localxres/datax/coode_keydetaily/data/34743.json"}]}