{"status":"1","rtype":"formx","rcode":"6I47FQ","rtitle":"整改目标表","ver":"aa88bc47891291831b9198ecf18dbb8e","vls":[{"restype":"jsondata","rescode":"6I47FQ_basedata","resmd5":"3f16cb03325992584d97bbabf968c39e","restitle":"整改目标表","resurl":"http://hellowocao.com/localxres/datax/coode_shortdata/data/2670.json"},{"restype":"jsondata","rescode":"6I47FQ_cssdata","resmd5":"52a8b0419e1302be756d66f53de13485","restitle":"整改目标表","resurl":"http://hellowocao.com/localxres/datax/coode_shortcss/data/.json"},{"restype":"jsondata","rescode":"OPRT_extdata","resmd5":"2f35e902855583a9c7dbee551a1517cb","restitle":"操作","resurl":"http://hellowocao.com/localxres/datax/coode_keydetaily/data/100771.json"},{"restype":"jsondata","rescode":"STCODE_extdata","resmd5":"a06d5a426be5abd299b4bd5833aca46e","restitle":"流程脚本","resurl":"http://hellowocao.com/localxres/datax/coode_keydetaily/data/100772.json"},{"restype":"jsondata","rescode":"SNO_extdata","resmd5":"830bcc46a13bff89439930c8eef79cfd","restitle":"编号","resurl":"http://hellowocao.com/localxres/datax/coode_keydetaily/data/100773.json"},{"restype":"jsondata","rescode":"plotmark_extdata","resmd5":"f79ccb7388ffb2eaddbd92e978cb1d52","restitle":"分组标记","resurl":"http://hellowocao.com/localxres/datax/coode_keydetaily/data/100774.json"},{"restype":"jsondata","rescode":"layoutid_extdata","resmd5":"87e752d147e7d8959b22770e18ca01c7","restitle":"输出样式id","resurl":"http://hellowocao.com/localxres/datax/coode_keydetaily/data/100775.json"},{"restype":"jsondata","rescode":"markname_extdata","resmd5":"e7f72491a6ad922819d40918370b7e6c","restitle":"分组名字","resurl":"http://hellowocao.com/localxres/datax/coode_keydetaily/data/100776.json"},{"restype":"jsondata","rescode":"OLMK_extdata","resmd5":"cb94b8e27620a3c3ce63d67115eeebba","restitle":"唯一标记","resurl":"http://hellowocao.com/localxres/datax/coode_keydetaily/data/100777.json"},{"restype":"jsondata","rescode":"sysid_extdata","resmd5":"52fbff7365c4a64be18942f926f226c6","restitle":"系统ID","resurl":"http://hellowocao.com/localxres/datax/coode_keydetaily/data/100778.json"},{"restype":"jsondata","rescode":"PRIME_extdata","resmd5":"3298c6794135529483ae0e3220f4b8a4","restitle":"资源升级","resurl":"http://hellowocao.com/localxres/datax/coode_keydetaily/data/100779.json"}]}