{"status":"1","rtype":"formx","rcode":"d0JoTc","rtitle":"数据请求模板","ver":"a67babf2bb9e06bfc9c87ec7f2d44c69","vls":[{"restype":"jsondata","rescode":"d0JoTc_basedata","resmd5":"63502464e1bb122a31713d7518aff5ac","restitle":"数据请求模板","resurl":"http://hellowocao.com/localxres/datax/coode_shortdata/data/1043.json"},{"restype":"jsondata","rescode":"d0JoTc_cssdata","resmd5":"982054525c14c554127670c1fa4a54dd","restitle":"数据请求模板","resurl":"http://hellowocao.com/localxres/datax/coode_shortcss/data/.json"}]}