{"status":"1","rtype":"tabx","rcode":"coode_pubdomainunit","rtitle":"公共域单元","ver":"389041f11f7bc748af50b7a41acab91b","crtsql":"CREATE TABLE coode_pubdomainunit (SNO int(11) NOT NULL AUTO_INCREMENT,sysid varchar(50) NOT NULL,appid varchar(50) NOT NULL,unittitle varchar(50) NOT NULL,unitclass varchar(50) NOT NULL,unitmark varchar(50) NOT NULL,domainmark varchar(50) NOT NULL,dumark varchar(50) NOT NULL,unitdescrib varchar(1024) NOT NULL,outurl varchar(255) NOT NULL,pagehtml longtext NOT NULL,vermd5 varchar(50) NOT NULL,industry varchar(50) NOT NULL,business varchar(50) NOT NULL,matter varchar(50) NOT NULL,casecode text NOT NULL,cssfilex text NOT NULL,stylex text NOT NULL,scriptx longtext NOT NULL,jsfilex text NOT NULL,cssfiley text NOT NULL,jsfiley text NOT NULL,styley text NOT NULL,scripty longtext NOT NULL,containsub varchar(1024) NOT NULL,width varchar(10) NOT NULL,height varchar(10) NOT NULL,inwidth varchar(10) NOT NULL,inheight varchar(10) NOT NULL,templatecode longtext NOT NULL,demoresult longtext NOT NULL,pagesurround text NOT NULL,subvermd5 varchar(32) NOT NULL,copyrightmark varchar(30) NOT NULL,OLMK varchar(255) NOT NULL,UPTM datetime NOT NULL,CRTM datetime NOT NULL,CRTOR varchar(30) NOT NULL,STATUS tinyint(4) NOT NULL,PTOF varchar(50) NOT NULL,VRT varchar(255) NOT NULL,STCODE varchar(1024) NOT NULL,PRIME int(11) NOT NULL,RIP varchar(255) NOT NULL,OPRT varchar(1024) NOT NULL,PRIMARY KEY (SNO),UNIQUE KEY oldmk (unitmark,domainmark) USING BTREE) ENGINE=MyISAM AUTO_INCREMENT=1 DEFAULT CHARSET=utf8;","vls":[{"restype":"jsondata","rescode":"coode_pubdomainunit_basedata","resmd5":"09e1e58136f6b44747e9280c197d9bbe","restitle":"公共域单元","resurl":"http://hellowocao.com/localxres/datax/coode_tablist/data/1338.json"},{"restype":"jsondata","rescode":"SNO_extdata","resmd5":"d567fafec8fb9ed94bbcbf92738041fc","restitle":"编号","resurl":"http://hellowocao.com/localxres/datax/coode_keydetailx/data/26222.json"},{"restype":"jsondata","rescode":"sysid_extdata","resmd5":"7a0971f5523e38b36f9c5d04e46c791f","restitle":"系统ID","resurl":"http://hellowocao.com/localxres/datax/coode_keydetailx/data/26223.json"},{"restype":"jsondata","rescode":"appid_extdata","resmd5":"1d5b26a8405614dc0f64fe9da769192f","restitle":"应用id","resurl":"http://hellowocao.com/localxres/datax/coode_keydetailx/data/26224.json"},{"restype":"jsondata","rescode":"unittitle_extdata","resmd5":"b5afa8fddd5c541086bd5254ef40e97a","restitle":"单元标题","resurl":"http://hellowocao.com/localxres/datax/coode_keydetailx/data/26225.json"},{"restype":"jsondata","rescode":"unitclass_extdata","resmd5":"ee3f6931ddb22436efa7f009b69c2f7b","restitle":"单元分类","resurl":"http://hellowocao.com/localxres/datax/coode_keydetailx/data/26226.json"},{"restype":"jsondata","rescode":"unitmark_extdata","resmd5":"189b1715745eb5de55b0563a7f6fcf16","restitle":"样式标记","resurl":"http://hellowocao.com/localxres/datax/coode_keydetailx/data/26227.json"},{"restype":"jsondata","rescode":"domainmark_extdata","resmd5":"fce74cbfb167728e0d030bc0e60a91d4","restitle":"区块标记","resurl":"http://hellowocao.com/localxres/datax/coode_keydetailx/data/26228.json"},{"restype":"jsondata","rescode":"dumark_extdata","resmd5":"a743bd4bc265b44f747d4236ab26ce52","restitle":"模板标记","resurl":"http://hellowocao.com/localxres/datax/coode_keydetailx/data/26229.json"},{"restype":"jsondata","rescode":"unitdescrib_extdata","resmd5":"3cd0b4e12cf77c4db7085ef100372c0f","restitle":"","resurl":"http://hellowocao.com/localxres/datax/coode_keydetailx/data/26230.json"},{"restype":"jsondata","rescode":"outurl_extdata","resmd5":"e75b3d91fdf3dd274c4e30b60b4614eb","restitle":"应用出口","resurl":"http://hellowocao.com/localxres/datax/coode_keydetailx/data/26231.json"},{"restype":"jsondata","rescode":"pagehtml_extdata","resmd5":"001c553b4ddce3640f35e487228c5b1c","restitle":"页面HTML","resurl":"http://hellowocao.com/localxres/datax/coode_keydetailx/data/26232.json"},{"restype":"jsondata","rescode":"vermd5_extdata","resmd5":"dd8a8ee21cf3eb323c68368ab049da9b","restitle":"版本号","resurl":"http://hellowocao.com/localxres/datax/coode_keydetailx/data/26233.json"},{"restype":"jsondata","rescode":"industry_extdata","resmd5":"3119618a391050d1929426a0adeb4784","restitle":"产业","resurl":"http://hellowocao.com/localxres/datax/coode_keydetailx/data/26234.json"},{"restype":"jsondata","rescode":"business_extdata","resmd5":"ee4141eca314b8850f917d635bf57412","restitle":"职位","resurl":"http://hellowocao.com/localxres/datax/coode_keydetailx/data/26235.json"},{"restype":"jsondata","rescode":"matter_extdata","resmd5":"5b920f4682fc3e69814e31c0fc742a00","restitle":"业务","resurl":"http://hellowocao.com/localxres/datax/coode_keydetailx/data/26236.json"},{"restype":"jsondata","rescode":"casecode_extdata","resmd5":"8ebcde958a02f9e8f4d6709474e69d6e","restitle":"执行脚本","resurl":"http://hellowocao.com/localxres/datax/coode_keydetailx/data/26237.json"},{"restype":"jsondata","rescode":"cssfilex_extdata","resmd5":"c1f6c610f2cd0c9575baff008e9c9982","restitle":"依赖CSS文件","resurl":"http://hellowocao.com/localxres/datax/coode_keydetailx/data/26238.json"},{"restype":"jsondata","rescode":"stylex_extdata","resmd5":"05e5f3b58ddddb2f7ef2c28ea6682af7","restitle":"样式描述","resurl":"http://hellowocao.com/localxres/datax/coode_keydetailx/data/26239.json"},{"restype":"jsondata","rescode":"scriptx_extdata","resmd5":"449c4192137ca9ee067b236881d5e052","restitle":"JS脚本","resurl":"http://hellowocao.com/localxres/datax/coode_keydetailx/data/26240.json"},{"restype":"jsondata","rescode":"jsfilex_extdata","resmd5":"f22d7fee80b180913627e7d9d761bf2a","restitle":"","resurl":"http://hellowocao.com/localxres/datax/coode_keydetailx/data/26241.json"},{"restype":"jsondata","rescode":"cssfiley_extdata","resmd5":"6ed590267cf471e57df8503e2be87e2e","restitle":"","resurl":"http://hellowocao.com/localxres/datax/coode_keydetailx/data/26242.json"},{"restype":"jsondata","rescode":"jsfiley_extdata","resmd5":"ebaf9e3fa89ae49d15b1c528a5010b77","restitle":"前端脚本合成文件","resurl":"http://hellowocao.com/localxres/datax/coode_keydetailx/data/26243.json"},{"restype":"jsondata","rescode":"styley_extdata","resmd5":"d3ec5e4c4ab80d7577353fa7d7eb38ea","restitle":"模块样式","resurl":"http://hellowocao.com/localxres/datax/coode_keydetailx/data/26244.json"},{"restype":"jsondata","rescode":"scripty_extdata","resmd5":"873a1fcce9eea8338c3e8c73e2bf4aa6","restitle":"模块描述","resurl":"http://hellowocao.com/localxres/datax/coode_keydetailx/data/26245.json"},{"restype":"jsondata","rescode":"containsub_extdata","resmd5":"2b04ddb5d9799a3a23e30072a27a5048","restitle":"包含下级SUB","resurl":"http://hellowocao.com/localxres/datax/coode_keydetailx/data/26246.json"},{"restype":"jsondata","rescode":"width_extdata","resmd5":"8dff21bad0f5b429fb0e6430b9976646","restitle":"块宽","resurl":"http://hellowocao.com/localxres/datax/coode_keydetailx/data/26247.json"},{"restype":"jsondata","rescode":"height_extdata","resmd5":"3b03ab5e7f81588758a4c0787b8b79ed","restitle":"块高","resurl":"http://hellowocao.com/localxres/datax/coode_keydetailx/data/26248.json"},{"restype":"jsondata","rescode":"inwidth_extdata","resmd5":"773b4c228b06284593aa52c45ad24fb6","restitle":"","resurl":"http://hellowocao.com/localxres/datax/coode_keydetailx/data/26249.json"},{"restype":"jsondata","rescode":"inheight_extdata","resmd5":"348487d982ab194b1c2b2dbbc919067e","restitle":"","resurl":"http://hellowocao.com/localxres/datax/coode_keydetailx/data/26250.json"},{"restype":"jsondata","rescode":"templatecode_extdata","resmd5":"f9878184101e33f2dcdda612edde335e","restitle":"","resurl":"http://hellowocao.com/localxres/datax/coode_keydetailx/data/26251.json"},{"restype":"jsondata","rescode":"demoresult_extdata","resmd5":"e466d14bce26a81ac920518856963fa8","restitle":"","resurl":"http://hellowocao.com/localxres/datax/coode_keydetailx/data/26252.json"},{"restype":"jsondata","rescode":"pagesurround_extdata","resmd5":"654c3280a24ba39c0120cea9d54e833b","restitle":"页面周边","resurl":"http://hellowocao.com/localxres/datax/coode_keydetailx/data/26253.json"},{"restype":"jsondata","rescode":"subvermd5_extdata","resmd5":"295ea233fc2c58ca930f0c23c95f5924","restitle":"下级特征","resurl":"http://hellowocao.com/localxres/datax/coode_keydetailx/data/26254.json"},{"restype":"jsondata","rescode":"copyrightmark_extdata","resmd5":"5c466634c532367a618d08585855a971","restitle":"版权标记","resurl":"http://hellowocao.com/localxres/datax/coode_keydetailx/data/26255.json"},{"restype":"jsondata","rescode":"OLMK_extdata","resmd5":"2a5b7516ab8a0cbcbc7c931afb26e4ac","restitle":"唯一标记","resurl":"http://hellowocao.com/localxres/datax/coode_keydetailx/data/26256.json"},{"restype":"jsondata","rescode":"UPTM_extdata","resmd5":"b6a9cf761a9a757b22796b97c113fc5f","restitle":"更改时刻","resurl":"http://hellowocao.com/localxres/datax/coode_keydetailx/data/26257.json"},{"restype":"jsondata","rescode":"CRTM_extdata","resmd5":"451311c3b3dfe437f3f1eeeab7d5bc82","restitle":"创建时刻","resurl":"http://hellowocao.com/localxres/datax/coode_keydetailx/data/26258.json"},{"restype":"jsondata","rescode":"CRTOR_extdata","resmd5":"f6d7e2e4af4c475e73aaec16cad161e1","restitle":"创建者","resurl":"http://hellowocao.com/localxres/datax/coode_keydetailx/data/26259.json"},{"restype":"jsondata","rescode":"STATUS_extdata","resmd5":"e726865b74a7c2766c7d453bf48fb8ee","restitle":"流程状态","resurl":"http://hellowocao.com/localxres/datax/coode_keydetailx/data/26260.json"},{"restype":"jsondata","rescode":"PTOF_extdata","resmd5":"e4516b6c3867613eff4de599140fac4b","restitle":"归属","resurl":"http://hellowocao.com/localxres/datax/coode_keydetailx/data/26261.json"},{"restype":"jsondata","rescode":"VRT_extdata","resmd5":"ab024f7c71ccc743a443274c71a633da","restitle":"流程编码","resurl":"http://hellowocao.com/localxres/datax/coode_keydetailx/data/26262.json"},{"restype":"jsondata","rescode":"STCODE_extdata","resmd5":"70ecc5fa46605ab4f02988f7ad0d1778","restitle":"流程脚本","resurl":"http://hellowocao.com/localxres/datax/coode_keydetailx/data/26263.json"},{"restype":"jsondata","rescode":"PRIME_extdata","resmd5":"e9daa4e2d89239218fbd1f138d34f8c6","restitle":"素数定类","resurl":"http://hellowocao.com/localxres/datax/coode_keydetailx/data/26264.json"},{"restype":"jsondata","rescode":"RIP_extdata","resmd5":"dbb9c8e8acb2c25678b66bd40d3a19e7","restitle":"远程IP","resurl":"http://hellowocao.com/localxres/datax/coode_keydetailx/data/26265.json"},{"restype":"jsondata","rescode":"OPRT_extdata","resmd5":"16ed96bf5392b505f9fbee6522facfe1","restitle":"操作","resurl":"http://hellowocao.com/localxres/datax/coode_keydetailx/data/26266.json"}]}