{"status":"1","rtype":"formx","rcode":"rihWUj","rtitle":"客户端待安装资源","ver":"6b330cc86b1e0d15c5bee4befdabb5dd","vls":[{"restype":"jsondata","rescode":"rihWUj_basedata","resmd5":"d04d03dde300c798eff5c8e2b5a28a0e","restitle":"客户端待安装资源","resurl":"http://hellowocao.com/localxres/datax/coode_shortdata/data/2638.json"},{"restype":"jsondata","rescode":"rihWUj_cssdata","resmd5":"3f80b7c45a22e122d1f0e3b2c0623054","restitle":"客户端待安装资源","resurl":"http://hellowocao.com/localxres/datax/coode_shortcss/data/.json"},{"restype":"jsondata","rescode":"restitle_extdata","resmd5":"398748b1e953257bcd66a77cb46e0110","restitle":"资源标题","resurl":"http://hellowocao.com/localxres/datax/coode_keydetaily/data/99617.json"},{"restype":"jsondata","rescode":"belongtype_extdata","resmd5":"8ec9b6352dd51a0087f85a8a1c5ce32a","restitle":"隶属类型","resurl":"http://hellowocao.com/localxres/datax/coode_keydetaily/data/99614.json"},{"restype":"jsondata","rescode":"ssmark_extdata","resmd5":"406d55c38759d8b36ba5dfee50214af4","restitle":"任务标题","resurl":"http://hellowocao.com/localxres/datax/coode_keydetaily/data/99613.json"},{"restype":"jsondata","rescode":"sysid_extdata","resmd5":"e594cf315b491950bf01504690e05207","restitle":"系统ID","resurl":"http://hellowocao.com/localxres/datax/coode_keydetaily/data/99612.json"},{"restype":"jsondata","rescode":"issys_extdata","resmd5":"4d13b4ecdd5e8f87bd8e6d32e0557bcc","restitle":"是否系统","resurl":"http://hellowocao.com/localxres/datax/coode_keydetaily/data/99610.json"},{"restype":"jsondata","rescode":"resmark_extdata","resmd5":"661eb359ab64bdc839a604045619389f","restitle":"资源标记","resurl":"http://hellowocao.com/localxres/datax/coode_keydetaily/data/99616.json"},{"restype":"jsondata","rescode":"restype_extdata","resmd5":"53b8db37c28d314cdd054f4fb66b76e9","restitle":"资源类型","resurl":"http://hellowocao.com/localxres/datax/coode_keydetaily/data/99615.json"},{"restype":"jsondata","rescode":"SNO_extdata","resmd5":"4333b97984dfc0adfa0ea2e3aecdf61e","restitle":"编号","resurl":"http://hellowocao.com/localxres/datax/coode_keydetaily/data/99611.json"}]}