{"status":"1","rtype":"tabx","rcode":"coode_tips","rtitle":"杂记","ver":"af9e2575b300e0425979fae08b5e028b","crtsql":"CREATE TABLE coode_tips (SNO int(11) NOT NULL AUTO_INCREMENT,myid int(11) NOT NULL,parid int(11) NOT NULL,oriid int(11) NOT NULL,tipcls varchar(100) NOT NULL,mymark varchar(100) NOT NULL,parmark varchar(100) NOT NULL,orimark varchar(100) NOT NULL,partitle varchar(255) NOT NULL,orititle varchar(255) NOT NULL,mytitle varchar(255) NOT NULL,contentx text NOT NULL,OLMK varchar(30) NOT NULL,STATUS tinyint(4) NOT NULL,CRTM datetime NOT NULL,UPTM datetime NOT NULL,PTOF varchar(10) NOT NULL,CRTOR varchar(255) NOT NULL,VRT varchar(255) NOT NULL,STCODE varchar(1024) NOT NULL,PRIME int(11) NOT NULL,RIP varchar(255) NOT NULL,PRIMARY KEY (SNO)) ENGINE=MyISAM AUTO_INCREMENT=1 DEFAULT CHARSET=utf8;","vls":[{"restype":"jsondata","rescode":"coode_tips_basedata","resmd5":"722414e6bc51ab98a8d2446bc162477b","restitle":"杂记","resurl":"http://hellowocao.com/localxres/datax/coode_tablist/data/527.json"},{"restype":"jsondata","rescode":"SNO_extdata","resmd5":"e1487ba83104f9bd76f82f5ca4c35481","restitle":"数据编号","resurl":"http://hellowocao.com/localxres/datax/coode_keydetailx/data/1289.json"},{"restype":"jsondata","rescode":"myid_extdata","resmd5":"b008c5128916d1f2020b416b65960fac","restitle":"本id","resurl":"http://hellowocao.com/localxres/datax/coode_keydetailx/data/1290.json"},{"restype":"jsondata","rescode":"parid_extdata","resmd5":"a5b74794b9f8dbf5b094483e72b2bf0e","restitle":"父id","resurl":"http://hellowocao.com/localxres/datax/coode_keydetailx/data/1291.json"},{"restype":"jsondata","rescode":"oriid_extdata","resmd5":"10ee48cd9fc993a25afed479eb792960","restitle":"oriid","resurl":"http://hellowocao.com/localxres/datax/coode_keydetailx/data/1292.json"},{"restype":"jsondata","rescode":"mymark_extdata","resmd5":"fe96757d2b87b7b6d1b29705d0509dbf","restitle":"mymark","resurl":"http://hellowocao.com/localxres/datax/coode_keydetailx/data/1293.json"},{"restype":"jsondata","rescode":"parmark_extdata","resmd5":"3633b9b6c97d27c39758e529a3bb9d31","restitle":"parmark","resurl":"http://hellowocao.com/localxres/datax/coode_keydetailx/data/1294.json"},{"restype":"jsondata","rescode":"orimark_extdata","resmd5":"7daaecfb9ef419367f195287d3149801","restitle":"orimark","resurl":"http://hellowocao.com/localxres/datax/coode_keydetailx/data/1295.json"},{"restype":"jsondata","rescode":"partitle_extdata","resmd5":"da4ad66afa9f30e78f45da6acd051778","restitle":"父标题","resurl":"http://hellowocao.com/localxres/datax/coode_keydetailx/data/1296.json"},{"restype":"jsondata","rescode":"orititle_extdata","resmd5":"8d99f26b93614131d7b2231142432a03","restitle":"orititle","resurl":"http://hellowocao.com/localxres/datax/coode_keydetailx/data/1297.json"},{"restype":"jsondata","rescode":"mytitle_extdata","resmd5":"a5db4f5be97d813c4be918216ab362bd","restitle":"mytitle","resurl":"http://hellowocao.com/localxres/datax/coode_keydetailx/data/1298.json"},{"restype":"jsondata","rescode":"OLMK_extdata","resmd5":"853ded0ee056eaa789bdb9bc15f445d4","restitle":"唯一标记","resurl":"http://hellowocao.com/localxres/datax/coode_keydetailx/data/1299.json"},{"restype":"jsondata","rescode":"STATUS_extdata","resmd5":"2e8e49c9e5aae432299605aafcec1402","restitle":"数据状态","resurl":"http://hellowocao.com/localxres/datax/coode_keydetailx/data/1300.json"},{"restype":"jsondata","rescode":"CRTM_extdata","resmd5":"5b85d765149bbe3e06c3a69447250e45","restitle":"创建时刻","resurl":"http://hellowocao.com/localxres/datax/coode_keydetailx/data/1301.json"},{"restype":"jsondata","rescode":"UPTM_extdata","resmd5":"92be3a1fd912bd1161fe7b2e6d796633","restitle":"更改时刻","resurl":"http://hellowocao.com/localxres/datax/coode_keydetailx/data/1302.json"},{"restype":"jsondata","rescode":"PTOF_extdata","resmd5":"4a069eb62e3216841ca87eaa35ea267b","restitle":"数据归属","resurl":"http://hellowocao.com/localxres/datax/coode_keydetailx/data/1303.json"},{"restype":"jsondata","rescode":"CRTOR_extdata","resmd5":"53b5353e17bbbde2ef16b1b6e83c2ee0","restitle":"创建人","resurl":"http://hellowocao.com/localxres/datax/coode_keydetailx/data/1304.json"},{"restype":"jsondata","rescode":"tipcls_extdata","resmd5":"a7b82e27bae2ccc40a5b7613f1ce64bf","restitle":"应达目的","resurl":"http://hellowocao.com/localxres/datax/coode_keydetailx/data/1305.json"},{"restype":"jsondata","rescode":"contentx_extdata","resmd5":"c3cc37b97aef1748a548a7a94398def9","restitle":"contentx","resurl":"http://hellowocao.com/localxres/datax/coode_keydetailx/data/1306.json"},{"restype":"jsondata","rescode":"VRT_extdata","resmd5":"d3f6fe5d11ed69c27a4c1d18a1bfe18f","restitle":"流程编码","resurl":"http://hellowocao.com/localxres/datax/coode_keydetailx/data/2168.json"},{"restype":"jsondata","rescode":"STCODE_extdata","resmd5":"7a5dcfac2366deafae675ce035dbec8f","restitle":"流程脚本","resurl":"http://hellowocao.com/localxres/datax/coode_keydetailx/data/2169.json"},{"restype":"jsondata","rescode":"PRIME_extdata","resmd5":"aff98c3677b38948c028dcce54ee8ae8","restitle":"素数定类","resurl":"http://hellowocao.com/localxres/datax/coode_keydetailx/data/2170.json"},{"restype":"jsondata","rescode":"RIP_extdata","resmd5":"79801fce86a3f4325bbbe6e6d0dfa5ad","restitle":"远程IP","resurl":"http://hellowocao.com/localxres/datax/coode_keydetailx/data/2171.json"}]}